request_id,run_id,run_name,workload_label,repetition,concurrency,prompt_index,prompt,engine,model,stream,started_at,ended_at,latency_ms,ttft_ms,completion_time_ms,output_tokens,output_tokens_estimated,tokens_per_sec,success,status_code,error_type,error_message
cb3a8069-2ab3-4b6c-8ec0-81f14529a448,20260316_174654,exp-vllm-public-concurrency32-stream-true,quickstart,1,1,0,Trade-off between throughput and latency in one sentence.,vllm,Qwen/Qwen2-0.5B-Instruct,True,2026-03-16T17:46:54.887617Z,2026-03-16T17:46:56.060940Z,1173.3264039994538,69.3777010001213,1173.3264039994538,27,True,23.011499534968763,True,200,,
9549a166-533e-4f18-abf3-9dec55b7a139,20260316_174654,exp-vllm-public-concurrency32-stream-true,quickstart,1,1,1,How would you reduce slow requests in a model API?,vllm,Qwen/Qwen2-0.5B-Instruct,True,2026-03-16T17:46:56.061514Z,2026-03-16T17:46:59.567869Z,3506.35757100099,56.15813300028094,3506.35757100099,79,True,22.530503064879145,True,200,,
413f8349-5f0d-411e-891b-bc54ce2088c9,20260316_174654,exp-vllm-public-concurrency32-stream-true,quickstart,1,1,2,Why run the same test at different concurrency levels?,vllm,Qwen/Qwen2-0.5B-Instruct,True,2026-03-16T17:46:59.568267Z,2026-03-16T17:47:03.079030Z,3510.7660880003095,55.40194999957748,3510.7660880003095,80,True,22.78704932049946,True,200,,
54372e9d-2c29-411c-a6a1-7596479266ab,20260316_174654,exp-vllm-public-concurrency32-stream-true,quickstart,1,1,3,List four reasons response time matters for chat apps.,vllm,Qwen/Qwen2-0.5B-Instruct,True,2026-03-16T17:47:03.079419Z,2026-03-16T17:47:06.655114Z,3575.698626000303,56.56876600005489,3575.698626000303,81,True,22.652915827697928,True,200,,
7c430ee5-06d4-4196-9394-0f0b2dd11c99,20260316_174654,exp-vllm-public-concurrency32-stream-true,quickstart,1,1,4,What should a benchmark report include to be reproducible?,vllm,Qwen/Qwen2-0.5B-Instruct,True,2026-03-16T17:47:06.655671Z,2026-03-16T17:47:10.190020Z,3534.3522370003484,56.046086001515505,3534.3522370003484,72,True,20.371483986866956,True,200,,
a8efa7da-db4f-419c-a35d-eda32221c94b,20260316_174654,exp-vllm-public-concurrency32-stream-true,quickstart,1,1,5,"Draft a one-line status update: API had 5xx errors for 2 minutes, now fixed.",vllm,Qwen/Qwen2-0.5B-Instruct,True,2026-03-16T17:47:10.190783Z,2026-03-16T17:47:10.833263Z,642.4860830011312,58.623334000003524,642.4860830011312,12,True,18.67744736811501,True,200,,
86faa583-e975-4408-8052-57e395d855f0,20260316_174654,exp-vllm-public-concurrency32-stream-true,quickstart,1,1,6,Trade-off between throughput and latency in one sentence.,vllm,Qwen/Qwen2-0.5B-Instruct,True,2026-03-16T17:47:10.833586Z,2026-03-16T17:47:11.711009Z,877.425344000585,57.38486199879844,877.425344000585,18,True,20.514565852326232,True,200,,
0af398e6-f06d-4acd-a309-9329b5e5d257,20260316_174654,exp-vllm-public-concurrency32-stream-true,quickstart,1,1,7,How would you reduce slow requests in a model API?,vllm,Qwen/Qwen2-0.5B-Instruct,True,2026-03-16T17:47:11.711274Z,2026-03-16T17:47:15.203972Z,3492.7010770006746,54.75152200051525,3492.7010770006746,79,True,22.61859754337767,True,200,,
3b14b36f-6aea-4bbe-8001-a1102a79c0cf,20260316_174654,exp-vllm-public-concurrency32-stream-true,quickstart,1,1,8,Why run the same test at different concurrency levels?,vllm,Qwen/Qwen2-0.5B-Instruct,True,2026-03-16T17:47:15.204299Z,2026-03-16T17:47:18.776293Z,3571.997498998826,55.13418900045508,3571.997498998826,78,True,21.836521448254697,True,200,,
3ca2c40d-a807-4a5a-b5b0-a5dcd1808ad9,20260316_174654,exp-vllm-public-concurrency32-stream-true,quickstart,1,1,9,List four reasons response time matters for chat apps.,vllm,Qwen/Qwen2-0.5B-Instruct,True,2026-03-16T17:47:18.776642Z,2026-03-16T17:47:22.432785Z,3656.144852999205,57.00751900076284,3656.144852999205,81,True,22.1544832758894,True,200,,
7cd9b5e3-03ca-4518-8adb-2d02abef831e,20260316_174654,exp-vllm-public-concurrency32-stream-true,quickstart,1,1,10,What should a benchmark report include to be reproducible?,vllm,Qwen/Qwen2-0.5B-Instruct,True,2026-03-16T17:47:22.433084Z,2026-03-16T17:47:26.014415Z,3581.333015999917,60.73140400076227,3581.333015999917,72,True,20.10424601072666,True,200,,
ab825e0d-9dda-4dee-b979-275efc3b585f,20260316_174654,exp-vllm-public-concurrency32-stream-true,quickstart,1,1,11,"Draft a one-line status update: API had 5xx errors for 2 minutes, now fixed.",vllm,Qwen/Qwen2-0.5B-Instruct,True,2026-03-16T17:47:26.014764Z,2026-03-16T17:47:26.689349Z,674.5883370003867,61.402347000694135,674.5883370003867,12,True,17.788626547205073,True,200,,
da992bb6-5d83-4d7d-81bd-a70a01a9cf1b,20260316_174654,exp-vllm-public-concurrency32-stream-true,quickstart,1,1,12,Trade-off between throughput and latency in one sentence.,vllm,Qwen/Qwen2-0.5B-Instruct,True,2026-03-16T17:47:26.689676Z,2026-03-16T17:47:27.796696Z,1107.0228110002063,56.25702599900251,1107.0228110002063,25,True,22.58309381846635,True,200,,
218839e8-d037-48a6-ae7c-f8138dcc6d0e,20260316_174654,exp-vllm-public-concurrency32-stream-true,quickstart,1,1,13,How would you reduce slow requests in a model API?,vllm,Qwen/Qwen2-0.5B-Instruct,True,2026-03-16T17:47:27.797618Z,2026-03-16T17:47:31.385959Z,3588.344457999483,58.12062000040896,3588.344457999483,77,True,21.458363571630976,True,200,,
db76e2cb-ddef-44e6-9de1-0e2311f0f6a7,20260316_174654,exp-vllm-public-concurrency32-stream-true,quickstart,1,1,14,Why run the same test at different concurrency levels?,vllm,Qwen/Qwen2-0.5B-Instruct,True,2026-03-16T17:47:31.386274Z,2026-03-16T17:47:34.937873Z,3551.6011849995266,55.887507000079495,3551.6011849995266,80,True,22.52505161274482,True,200,,
29e69516-530b-41eb-ae03-ff395e49bc82,20260316_174654,exp-vllm-public-concurrency32-stream-true,quickstart,1,1,15,List four reasons response time matters for chat apps.,vllm,Qwen/Qwen2-0.5B-Instruct,True,2026-03-16T17:47:34.938219Z,2026-03-16T17:47:38.556425Z,3618.2103350001853,56.691040999794495,3618.2103350001853,81,True,22.38675823139946,True,200,,
a2d9f424-9a6a-43d6-8b8a-56c6fe93e65c,20260316_174654,exp-vllm-public-concurrency32-stream-true,quickstart,1,1,16,What should a benchmark report include to be reproducible?,vllm,Qwen/Qwen2-0.5B-Instruct,True,2026-03-16T17:47:38.556804Z,2026-03-16T17:47:42.123400Z,3566.5990550005517,56.8314760002977,3566.5990550005517,72,True,20.18729856922167,True,200,,
5fc0b5f1-0e34-40fa-820b-07f824a288ad,20260316_174654,exp-vllm-public-concurrency32-stream-true,quickstart,1,1,17,"Draft a one-line status update: API had 5xx errors for 2 minutes, now fixed.",vllm,Qwen/Qwen2-0.5B-Instruct,True,2026-03-16T17:47:42.123894Z,2026-03-16T17:47:42.784755Z,660.863564000465,62.05696699908003,660.863564000465,12,True,18.15805962634605,True,200,,
6b2a98f5-4600-43d0-89c3-e124d3ddab92,20260316_174654,exp-vllm-public-concurrency32-stream-true,quickstart,1,1,18,Trade-off between throughput and latency in one sentence.,vllm,Qwen/Qwen2-0.5B-Instruct,True,2026-03-16T17:47:42.785059Z,2026-03-16T17:47:43.932812Z,1147.7545039997494,55.977680000069086,1147.7545039997494,27,True,23.524194334162154,True,200,,
f91ee1ad-2288-4f01-81d6-f6f33937064c,20260316_174654,exp-vllm-public-concurrency32-stream-true,quickstart,1,1,19,How would you reduce slow requests in a model API?,vllm,Qwen/Qwen2-0.5B-Instruct,True,2026-03-16T17:47:43.933142Z,2026-03-16T17:47:47.483485Z,3550.3463840013865,54.93109700000787,3550.3463840013865,76,True,21.406362022159897,True,200,,
cc528b19-59e2-418b-a7df-8ff47b54e174,20260316_174654,exp-vllm-public-concurrency32-stream-true,quickstart,1,1,20,Why run the same test at different concurrency levels?,vllm,Qwen/Qwen2-0.5B-Instruct,True,2026-03-16T17:47:47.483836Z,2026-03-16T17:47:51.148756Z,3664.923627000462,55.41360200004419,3664.923627000462,80,True,21.828558557296756,True,200,,
def54715-c033-4563-b984-6ef68fb7efc7,20260316_174654,exp-vllm-public-concurrency32-stream-true,quickstart,1,1,21,List four reasons response time matters for chat apps.,vllm,Qwen/Qwen2-0.5B-Instruct,True,2026-03-16T17:47:51.149091Z,2026-03-16T17:47:54.791603Z,3642.5188869998237,55.37484299929929,3642.5188869998237,81,True,22.237358957585528,True,200,,
6ee25fca-270a-45b6-83cc-d774f7a6c92f,20260316_174654,exp-vllm-public-concurrency32-stream-true,quickstart,1,1,22,What should a benchmark report include to be reproducible?,vllm,Qwen/Qwen2-0.5B-Instruct,True,2026-03-16T17:47:54.791993Z,2026-03-16T17:47:58.398073Z,3606.081975000052,56.524360999901546,3606.081975000052,72,True,19.966268237703876,True,200,,
4d481f2c-ef31-44e4-9159-dac293e29f23,20260316_174654,exp-vllm-public-concurrency32-stream-true,quickstart,1,1,23,"Draft a one-line status update: API had 5xx errors for 2 minutes, now fixed.",vllm,Qwen/Qwen2-0.5B-Instruct,True,2026-03-16T17:47:58.398556Z,2026-03-16T17:47:59.068771Z,670.2173439989565,60.31826899925363,670.2173439989565,12,True,17.904639603028063,True,200,,
af81caa5-c7be-4204-94ca-faaf36dd6c62,20260316_174654,exp-vllm-public-concurrency32-stream-true,quickstart,1,1,24,Trade-off between throughput and latency in one sentence.,vllm,Qwen/Qwen2-0.5B-Instruct,True,2026-03-16T17:47:59.069148Z,2026-03-16T17:48:00.222456Z,1153.3106750011939,54.62420299954829,1153.3106750011939,27,True,23.41086455301565,True,200,,
e4846766-3a0a-4945-a540-cf38a17621ce,20260316_174654,exp-vllm-public-concurrency32-stream-true,quickstart,1,1,25,How would you reduce slow requests in a model API?,vllm,Qwen/Qwen2-0.5B-Instruct,True,2026-03-16T17:48:00.222729Z,2026-03-16T17:48:03.822890Z,3600.162022999939,56.34212699987984,3600.162022999939,77,True,21.387926295560867,True,200,,
ee0900ea-4b5e-4c03-b573-1fc7f8767114,20260316_174654,exp-vllm-public-concurrency32-stream-true,quickstart,1,1,26,Why run the same test at different concurrency levels?,vllm,Qwen/Qwen2-0.5B-Instruct,True,2026-03-16T17:48:03.823234Z,2026-03-16T17:48:07.338173Z,3514.9418030014203,56.01422000108869,3514.9418030014203,78,True,22.190979074929647,True,200,,
9cdd0a42-9a02-4617-b9c1-c53dd4de3994,20260316_174654,exp-vllm-public-concurrency32-stream-true,quickstart,1,1,27,List four reasons response time matters for chat apps.,vllm,Qwen/Qwen2-0.5B-Instruct,True,2026-03-16T17:48:07.338562Z,2026-03-16T17:48:10.911749Z,3573.1895999997505,54.02284800038615,3573.1895999997505,80,True,22.388960272358787,True,200,,
da36b6f2-1a17-4635-ace1-e14957efaf46,20260316_174654,exp-vllm-public-concurrency32-stream-true,quickstart,1,1,28,What should a benchmark report include to be reproducible?,vllm,Qwen/Qwen2-0.5B-Instruct,True,2026-03-16T17:48:10.912150Z,2026-03-16T17:48:14.459979Z,3547.831992000283,55.62937900140241,3547.831992000283,72,True,20.294083869345258,True,200,,
477d7a06-a9a9-4d87-b2fc-45819ae67cb3,20260316_174654,exp-vllm-public-concurrency32-stream-true,quickstart,1,1,29,"Draft a one-line status update: API had 5xx errors for 2 minutes, now fixed.",vllm,Qwen/Qwen2-0.5B-Instruct,True,2026-03-16T17:48:14.460828Z,2026-03-16T17:48:15.107653Z,646.8269739998505,60.216732999833766,646.8269739998505,12,True,18.552102003097314,True,200,,
52f67739-260e-4471-bd42-ce0bfd07a9f6,20260316_174654,exp-vllm-public-concurrency32-stream-true,quickstart,1,1,30,Trade-off between throughput and latency in one sentence.,vllm,Qwen/Qwen2-0.5B-Instruct,True,2026-03-16T17:48:15.107922Z,2026-03-16T17:48:15.992061Z,884.1420049993758,54.5664580004086,884.1420049993758,18,True,20.358720542875584,True,200,,
1bcdd373-1ea9-41da-905d-5a54c292dd2c,20260316_174654,exp-vllm-public-concurrency32-stream-true,quickstart,1,1,31,How would you reduce slow requests in a model API?,vllm,Qwen/Qwen2-0.5B-Instruct,True,2026-03-16T17:48:15.992387Z,2026-03-16T17:48:19.470136Z,3477.751583999634,53.988403000403196,3477.751583999634,77,True,22.140741838566036,True,200,,
2a51d2a1-1062-4c94-bf60-62e3ee057911,20260316_174654,exp-vllm-public-concurrency32-stream-true,quickstart,1,1,32,Why run the same test at different concurrency levels?,vllm,Qwen/Qwen2-0.5B-Instruct,True,2026-03-16T17:48:19.470492Z,2026-03-16T17:48:22.995104Z,3524.615727001219,55.63092899865296,3524.615727001219,78,True,22.130072053659944,True,200,,
648ef82e-9c78-42a6-ade1-37e133c84650,20260316_174654,exp-vllm-public-concurrency32-stream-true,quickstart,1,1,33,List four reasons response time matters for chat apps.,vllm,Qwen/Qwen2-0.5B-Instruct,True,2026-03-16T17:48:22.995485Z,2026-03-16T17:48:26.581331Z,3585.8495619995665,56.09928800004127,3585.8495619995665,82,True,22.867663180569846,True,200,,
85b6e236-0ad8-46e3-b109-aaa9249e0b9d,20260316_174654,exp-vllm-public-concurrency32-stream-true,quickstart,1,1,34,What should a benchmark report include to be reproducible?,vllm,Qwen/Qwen2-0.5B-Instruct,True,2026-03-16T17:48:26.581747Z,2026-03-16T17:48:30.192659Z,3610.916936000649,56.15751200093655,3610.916936000649,75,True,20.770347623412217,True,200,,
c522382a-7782-4b01-a44e-0a194a60bd8b,20260316_174654,exp-vllm-public-concurrency32-stream-true,quickstart,1,1,35,"Draft a one-line status update: API had 5xx errors for 2 minutes, now fixed.",vllm,Qwen/Qwen2-0.5B-Instruct,True,2026-03-16T17:48:30.193009Z,2026-03-16T17:48:30.859711Z,666.704226998263,60.43012200098019,666.704226998263,12,True,17.998985928180208,True,200,,
174a3841-a9be-4797-9070-4f6fe79cd0c3,20260316_174654,exp-vllm-public-concurrency32-stream-true,quickstart,1,1,36,Trade-off between throughput and latency in one sentence.,vllm,Qwen/Qwen2-0.5B-Instruct,True,2026-03-16T17:48:30.860047Z,2026-03-16T17:48:32.050129Z,1190.0935489993572,60.13116699978127,1190.0935489993572,27,True,22.687292123129208,True,200,,
83eb1845-6083-4a58-b60f-60a5685ecbdb,20260316_174654,exp-vllm-public-concurrency32-stream-true,quickstart,1,1,37,How would you reduce slow requests in a model API?,vllm,Qwen/Qwen2-0.5B-Instruct,True,2026-03-16T17:48:32.050499Z,2026-03-16T17:48:35.744447Z,3693.9527920003457,55.6767519992718,3693.9527920003457,79,True,21.38630471160407,True,200,,
712bb33e-d7d2-4a55-8b18-69ac8c4702f0,20260316_174654,exp-vllm-public-concurrency32-stream-true,quickstart,1,1,38,Why run the same test at different concurrency levels?,vllm,Qwen/Qwen2-0.5B-Instruct,True,2026-03-16T17:48:35.745092Z,2026-03-16T17:48:39.416933Z,3671.8438190000597,56.60702599925571,3671.8438190000597,80,True,21.78741905797783,True,200,,
43e76733-2762-4687-85ba-f6bc7fa85974,20260316_174654,exp-vllm-public-concurrency32-stream-true,quickstart,1,1,39,List four reasons response time matters for chat apps.,vllm,Qwen/Qwen2-0.5B-Instruct,True,2026-03-16T17:48:39.417354Z,2026-03-16T17:48:43.121455Z,3704.102536999926,62.740232000578544,3704.102536999926,81,True,21.867645182847596,True,200,,
9158ea4c-a406-475c-802c-ab9e72721bfa,20260316_174654,exp-vllm-public-concurrency32-stream-true,quickstart,1,1,40,What should a benchmark report include to be reproducible?,vllm,Qwen/Qwen2-0.5B-Instruct,True,2026-03-16T17:48:43.121928Z,2026-03-16T17:48:46.698378Z,3576.4518229989335,57.0930630001385,3576.4518229989335,70,True,19.572471115045936,True,200,,
fcf23e7a-fed3-4c43-bb38-ece4f7082a33,20260316_174654,exp-vllm-public-concurrency32-stream-true,quickstart,1,1,41,"Draft a one-line status update: API had 5xx errors for 2 minutes, now fixed.",vllm,Qwen/Qwen2-0.5B-Instruct,True,2026-03-16T17:48:46.698658Z,2026-03-16T17:48:47.365966Z,667.3101670003234,60.74686900137749,667.3101670003234,12,True,17.982642245572418,True,200,,
bf1e1ed4-fe41-4051-b147-853cc65f928e,20260316_174654,exp-vllm-public-concurrency32-stream-true,quickstart,1,1,42,Trade-off between throughput and latency in one sentence.,vllm,Qwen/Qwen2-0.5B-Instruct,True,2026-03-16T17:48:47.366253Z,2026-03-16T17:48:48.488061Z,1121.8108659995778,56.88340800043079,1121.8108659995778,25,True,22.28539654741534,True,200,,
a9019469-c82f-4d91-b73e-2eb686f91b4d,20260316_174654,exp-vllm-public-concurrency32-stream-true,quickstart,1,1,43,How would you reduce slow requests in a model API?,vllm,Qwen/Qwen2-0.5B-Instruct,True,2026-03-16T17:48:48.488369Z,2026-03-16T17:48:52.079705Z,3591.338939000707,56.2783009991108,3591.338939000707,77,True,21.44047145308577,True,200,,
f1dc5a68-51bb-4a15-b749-c4443e70be5d,20260316_174654,exp-vllm-public-concurrency32-stream-true,quickstart,1,1,44,Why run the same test at different concurrency levels?,vllm,Qwen/Qwen2-0.5B-Instruct,True,2026-03-16T17:48:52.079981Z,2026-03-16T17:48:55.725044Z,3645.0664549993235,54.92392699852644,3645.0664549993235,78,True,21.398786815812517,True,200,,
1cc30bab-948d-4d26-ab95-0f1377416ae8,20260316_174654,exp-vllm-public-concurrency32-stream-true,quickstart,1,1,45,List four reasons response time matters for chat apps.,vllm,Qwen/Qwen2-0.5B-Instruct,True,2026-03-16T17:48:55.725805Z,2026-03-16T17:48:59.410063Z,3684.2599690007773,57.20226499943237,3684.2599690007773,81,True,21.98541923792862,True,200,,
b87594c3-0075-4dc0-8809-b4758a5c2a96,20260316_174654,exp-vllm-public-concurrency32-stream-true,quickstart,1,1,46,What should a benchmark report include to be reproducible?,vllm,Qwen/Qwen2-0.5B-Instruct,True,2026-03-16T17:48:59.410335Z,2026-03-16T17:49:03.130506Z,3720.174173000487,61.33644900000945,3720.174173000487,72,True,19.353932545026186,True,200,,
c16ab9e1-a781-42e6-9763-c35100ddb458,20260316_174654,exp-vllm-public-concurrency32-stream-true,quickstart,1,1,47,"Draft a one-line status update: API had 5xx errors for 2 minutes, now fixed.",vllm,Qwen/Qwen2-0.5B-Instruct,True,2026-03-16T17:49:03.130824Z,2026-03-16T17:49:03.788172Z,657.3496370001521,59.33813299998292,657.3496370001521,12,True,18.25512531620554,True,200,,
60e50941-daa5-4d9d-b0bb-408760db73ba,20260316_174654,exp-vllm-public-concurrency32-stream-true,quickstart,1,2,0,Why run the same test at different concurrency levels?,vllm,Qwen/Qwen2-0.5B-Instruct,True,2026-03-16T17:49:03.789045Z,2026-03-16T17:49:07.468025Z,3678.9789680005924,72.3392830004741,3678.9789680005924,78,True,21.20153463187383,True,200,,
e7aa2484-a59f-4224-a261-79ea4d743394,20260316_174654,exp-vllm-public-concurrency32-stream-true,quickstart,1,2,1,List four reasons response time matters for chat apps.,vllm,Qwen/Qwen2-0.5B-Instruct,True,2026-03-16T17:49:03.789329Z,2026-03-16T17:49:07.467305Z,3677.97871699986,71.91891699949338,3677.97871699986,80,True,21.75107746823948,True,200,,
9d8452ea-d37f-4546-8f97-c775e44d36e1,20260316_174654,exp-vllm-public-concurrency32-stream-true,quickstart,1,2,2,How would you reduce slow requests in a model API?,vllm,Qwen/Qwen2-0.5B-Instruct,True,2026-03-16T17:49:07.467664Z,2026-03-16T17:49:11.179279Z,3711.615341999277,67.25270700007968,3711.615341999277,77,True,20.745684265472303,True,200,,
438ad307-d9b3-4630-856e-56a0d6d2cf80,20260316_174654,exp-vllm-public-concurrency32-stream-true,quickstart,1,2,3,What should a benchmark report include to be reproducible?,vllm,Qwen/Qwen2-0.5B-Instruct,True,2026-03-16T17:49:07.468268Z,2026-03-16T17:49:11.178911Z,3710.6453590004094,66.53593700139027,3710.6453590004094,72,True,19.403632800790128,True,200,,
bb14ed1d-fc1e-4d23-902e-b5ef09c157c2,20260316_174654,exp-vllm-public-concurrency32-stream-true,quickstart,1,2,4,"Draft a one-line status update: API had 5xx errors for 2 minutes, now fixed.",vllm,Qwen/Qwen2-0.5B-Instruct,True,2026-03-16T17:49:11.179411Z,2026-03-16T17:49:11.869140Z,689.7324909987219,78.43315100035397,689.7324909987219,12,True,17.398049470779878,True,200,,
3107eeff-e3ae-4808-bb4c-1e1d7935e534,20260316_174654,exp-vllm-public-concurrency32-stream-true,quickstart,1,2,5,Trade-off between throughput and latency in one sentence.,vllm,Qwen/Qwen2-0.5B-Instruct,True,2026-03-16T17:49:11.179717Z,2026-03-16T17:49:12.419971Z,1240.2579030003835,78.23405000090133,1240.2579030003835,27,True,21.769665756358137,True,200,,
4235771d-d53b-4ad3-9212-090c906f24f0,20260316_174654,exp-vllm-public-concurrency32-stream-true,quickstart,1,2,6,Why run the same test at different concurrency levels?,vllm,Qwen/Qwen2-0.5B-Instruct,True,2026-03-16T17:49:11.869423Z,2026-03-16T17:49:15.606418Z,3736.9997770001646,90.32331200069166,3736.9997770001646,80,True,21.407547437484496,True,200,,
807f42bc-df14-48fc-aad6-6894fb0908ba,20260316_174654,exp-vllm-public-concurrency32-stream-true,quickstart,1,2,7,List four reasons response time matters for chat apps.,vllm,Qwen/Qwen2-0.5B-Instruct,True,2026-03-16T17:49:12.420340Z,2026-03-16T17:49:16.165808Z,3745.469422001406,88.25673299907066,3745.469422001406,80,True,21.359138464745946,True,200,,
9e6fff8e-1f62-4b49-a537-a3ad9e3bc8c2,20260316_174654,exp-vllm-public-concurrency32-stream-true,quickstart,1,2,8,How would you reduce slow requests in a model API?,vllm,Qwen/Qwen2-0.5B-Instruct,True,2026-03-16T17:49:15.606833Z,2026-03-16T17:49:19.354132Z,3747.301036999488,90.53648500048439,3747.301036999488,79,True,21.081839761466377,True,200,,
6a68b1d9-c627-4cdb-9a4d-1e5ee4c09825,20260316_174654,exp-vllm-public-concurrency32-stream-true,quickstart,1,2,9,What should a benchmark report include to be reproducible?,vllm,Qwen/Qwen2-0.5B-Instruct,True,2026-03-16T17:49:16.166151Z,2026-03-16T17:49:19.904056Z,3737.9065320001246,88.91865899931872,3737.9065320001246,69,True,18.459530598021306,True,200,,
0e8d1efd-eddf-4894-b6b8-d3d8663d4db9,20260316_174654,exp-vllm-public-concurrency32-stream-true,quickstart,1,2,10,"Draft a one-line status update: API had 5xx errors for 2 minutes, now fixed.",vllm,Qwen/Qwen2-0.5B-Instruct,True,2026-03-16T17:49:19.354438Z,2026-03-16T17:49:20.069305Z,714.8684639996645,95.5820519993722,714.8684639996645,12,True,16.786304899869847,True,200,,
4fd8ecbd-a98a-448a-b616-d6387f5e1a3a,20260316_174654,exp-vllm-public-concurrency32-stream-true,quickstart,1,2,11,Trade-off between throughput and latency in one sentence.,vllm,Qwen/Qwen2-0.5B-Instruct,True,2026-03-16T17:49:19.904323Z,2026-03-16T17:49:21.149222Z,1244.9018080005771,89.14099200046621,1244.9018080005771,27,True,21.688457536554147,True,200,,
35cbbcd8-275a-4c9d-8653-d903c978003a,20260316_174654,exp-vllm-public-concurrency32-stream-true,quickstart,1,2,12,Why run the same test at different concurrency levels?,vllm,Qwen/Qwen2-0.5B-Instruct,True,2026-03-16T17:49:20.069553Z,2026-03-16T17:49:23.768484Z,3698.934243999247,89.0473010003916,3698.934243999247,80,True,21.62785135469315,True,200,,
affe4800-2a45-417c-b880-c8d807006047,20260316_174654,exp-vllm-public-concurrency32-stream-true,quickstart,1,2,13,List four reasons response time matters for chat apps.,vllm,Qwen/Qwen2-0.5B-Instruct,True,2026-03-16T17:49:21.149489Z,2026-03-16T17:49:24.835601Z,3686.1134669998137,88.12348200081033,3686.1134669998137,81,True,21.974364252527252,True,200,,
57a1d7ff-77d5-4cd7-b4c0-ada190a224d5,20260316_174654,exp-vllm-public-concurrency32-stream-true,quickstart,1,2,14,How would you reduce slow requests in a model API?,vllm,Qwen/Qwen2-0.5B-Instruct,True,2026-03-16T17:49:23.768800Z,2026-03-16T17:49:27.472250Z,3703.452087000187,89.22354799869936,3703.452087000187,77,True,20.7914124960019,True,200,,
ae8b2be1-391c-4c41-92d3-ae8965a491b2,20260316_174654,exp-vllm-public-concurrency32-stream-true,quickstart,1,2,15,What should a benchmark report include to be reproducible?,vllm,Qwen/Qwen2-0.5B-Instruct,True,2026-03-16T17:49:24.835904Z,2026-03-16T17:49:28.572843Z,3736.9403920001787,88.52754500003357,3736.9403920001787,72,True,19.26709886893924,True,200,,
bd8d71ad-8469-4726-bf28-516c9c439518,20260316_174654,exp-vllm-public-concurrency32-stream-true,quickstart,1,2,16,"Draft a one-line status update: API had 5xx errors for 2 minutes, now fixed.",vllm,Qwen/Qwen2-0.5B-Instruct,True,2026-03-16T17:49:27.472577Z,2026-03-16T17:49:28.178731Z,706.1544959997264,93.44541100108472,706.1544959997264,12,True,16.993448413878895,True,200,,
e8a65a0b-dc83-4863-8921-0bed0babe836,20260316_174654,exp-vllm-public-concurrency32-stream-true,quickstart,1,2,17,Trade-off between throughput and latency in one sentence.,vllm,Qwen/Qwen2-0.5B-Instruct,True,2026-03-16T17:49:28.179043Z,2026-03-16T17:49:29.147676Z,968.6335950009379,87.88078599900473,968.6335950009379,18,True,18.58287807990241,True,200,,
012f3838-a832-4e7d-ba3e-688a45171be4,20260316_174654,exp-vllm-public-concurrency32-stream-true,quickstart,1,2,18,Why run the same test at different concurrency levels?,vllm,Qwen/Qwen2-0.5B-Instruct,True,2026-03-16T17:49:28.573095Z,2026-03-16T17:49:32.293253Z,3720.1610160009295,88.06585899947095,3720.1610160009295,78,True,20.96683440972344,True,200,,
7b2edaf4-bbe7-4658-95e2-70af64a5cbe1,20260316_174654,exp-vllm-public-concurrency32-stream-true,quickstart,1,2,19,List four reasons response time matters for chat apps.,vllm,Qwen/Qwen2-0.5B-Instruct,True,2026-03-16T17:49:29.147908Z,2026-03-16T17:49:32.884543Z,3736.6373730001214,87.86299900020822,3736.6373730001214,80,True,21.409623684133024,True,200,,
c69e35c1-14a2-455f-81ee-24683e66eede,20260316_174654,exp-vllm-public-concurrency32-stream-true,quickstart,1,2,20,How would you reduce slow requests in a model API?,vllm,Qwen/Qwen2-0.5B-Instruct,True,2026-03-16T17:49:32.293641Z,2026-03-16T17:49:35.990568Z,3696.9285989998752,92.1708950008906,3696.9285989998752,79,True,21.369090012009362,True,200,,
0805e2fc-2ea5-4bbb-8f32-4fe82299277b,20260316_174654,exp-vllm-public-concurrency32-stream-true,quickstart,1,2,21,What should a benchmark report include to be reproducible?,vllm,Qwen/Qwen2-0.5B-Instruct,True,2026-03-16T17:49:32.884861Z,2026-03-16T17:49:36.568462Z,3683.602143000826,89.44098599931749,3683.602143000826,73,True,19.817558239482118,True,200,,
adba3378-4900-4ba1-88be-695808808039,20260316_174654,exp-vllm-public-concurrency32-stream-true,quickstart,1,2,22,"Draft a one-line status update: API had 5xx errors for 2 minutes, now fixed.",vllm,Qwen/Qwen2-0.5B-Instruct,True,2026-03-16T17:49:35.990866Z,2026-03-16T17:49:36.694336Z,703.4723659999145,92.3077250008646,703.4723659999145,12,True,17.05823935662806,True,200,,
bd919bc0-46ee-47d9-983d-e67cba037b97,20260316_174654,exp-vllm-public-concurrency32-stream-true,quickstart,1,2,23,Trade-off between throughput and latency in one sentence.,vllm,Qwen/Qwen2-0.5B-Instruct,True,2026-03-16T17:49:36.568723Z,2026-03-16T17:49:37.716972Z,1148.251380000147,88.12639800089528,1148.251380000147,25,True,21.772235971531597,True,200,,
2e47d4a2-56ed-4ebb-965d-eae7bc8a4755,20260316_174654,exp-vllm-public-concurrency32-stream-true,quickstart,1,2,24,Why run the same test at different concurrency levels?,vllm,Qwen/Qwen2-0.5B-Instruct,True,2026-03-16T17:49:36.694627Z,2026-03-16T17:49:40.365783Z,3671.1635449992173,86.92595400134451,3671.1635449992173,80,True,21.791456310622376,True,200,,
b43a0861-dfa7-42a7-b355-95f2c28f4e38,20260316_174654,exp-vllm-public-concurrency32-stream-true,quickstart,1,2,25,List four reasons response time matters for chat apps.,vllm,Qwen/Qwen2-0.5B-Instruct,True,2026-03-16T17:49:37.717254Z,2026-03-16T17:49:41.396084Z,3678.8316949987347,89.15522999996028,3678.8316949987347,81,True,22.017859667273488,True,200,,
7b9a9eb8-3fcd-4590-ac47-109f97edcc83,20260316_174654,exp-vllm-public-concurrency32-stream-true,quickstart,1,2,26,How would you reduce slow requests in a model API?,vllm,Qwen/Qwen2-0.5B-Instruct,True,2026-03-16T17:49:40.366224Z,2026-03-16T17:49:44.047828Z,3681.6061200006516,88.79745500053104,3681.6061200006516,79,True,21.458026042173685,True,200,,
5b411ae4-dae6-409f-8dd5-cfde112dc03b,20260316_174654,exp-vllm-public-concurrency32-stream-true,quickstart,1,2,27,What should a benchmark report include to be reproducible?,vllm,Qwen/Qwen2-0.5B-Instruct,True,2026-03-16T17:49:41.396436Z,2026-03-16T17:49:45.114574Z,3718.1413140006043,88.44677100023546,3718.1413140006043,74,True,19.902417296877374,True,200,,
d12e778b-0911-49df-aedd-9419f08d7ac0,20260316_174654,exp-vllm-public-concurrency32-stream-true,quickstart,1,2,28,"Draft a one-line status update: API had 5xx errors for 2 minutes, now fixed.",vllm,Qwen/Qwen2-0.5B-Instruct,True,2026-03-16T17:49:44.048261Z,2026-03-16T17:49:44.743697Z,695.4378110003745,94.9213839994627,695.4378110003745,12,True,17.255317168818046,True,200,,
31972f87-ddf8-473a-9433-29807b87bd2c,20260316_174654,exp-vllm-public-concurrency32-stream-true,quickstart,1,2,29,Trade-off between throughput and latency in one sentence.,vllm,Qwen/Qwen2-0.5B-Instruct,True,2026-03-16T17:49:44.744016Z,2026-03-16T17:49:46.024715Z,1280.7022600009077,96.53240099942195,1280.7022600009077,27,True,21.082183457676464,True,200,,
c5716b30-3312-4fde-85b4-c338187cc200,20260316_174654,exp-vllm-public-concurrency32-stream-true,quickstart,1,2,30,Why run the same test at different concurrency levels?,vllm,Qwen/Qwen2-0.5B-Instruct,True,2026-03-16T17:49:45.114949Z,2026-03-16T17:49:48.855919Z,3740.9744819997286,86.35312499973224,3740.9744819997286,78,True,20.850182318887484,True,200,,
ded3fe0b-dc17-40dd-9f8f-74172bec57f5,20260316_174654,exp-vllm-public-concurrency32-stream-true,quickstart,1,2,31,List four reasons response time matters for chat apps.,vllm,Qwen/Qwen2-0.5B-Instruct,True,2026-03-16T17:49:46.025132Z,2026-03-16T17:49:49.741523Z,3716.393241998958,90.78381300059846,3716.393241998958,80,True,21.526247302336053,True,200,,
d258b663-cc99-4998-b720-7a820fd7fddb,20260316_174654,exp-vllm-public-concurrency32-stream-true,quickstart,1,2,32,How would you reduce slow requests in a model API?,vllm,Qwen/Qwen2-0.5B-Instruct,True,2026-03-16T17:49:48.856242Z,2026-03-16T17:49:52.752176Z,3895.9363869998924,92.22209700055828,3895.9363869998924,77,True,19.764183074686873,True,200,,
f1a364fe-8bbc-414a-85ed-1c44f7151a7f,20260316_174654,exp-vllm-public-concurrency32-stream-true,quickstart,1,2,33,What should a benchmark report include to be reproducible?,vllm,Qwen/Qwen2-0.5B-Instruct,True,2026-03-16T17:49:49.741816Z,2026-03-16T17:49:53.730520Z,3988.706750000347,87.09697199992661,3988.706750000347,72,True,18.050963510915846,True,200,,
bf7a96a3-f183-43f3-9ebe-5c85b5fe97cf,20260316_174654,exp-vllm-public-concurrency32-stream-true,quickstart,1,2,34,"Draft a one-line status update: API had 5xx errors for 2 minutes, now fixed.",vllm,Qwen/Qwen2-0.5B-Instruct,True,2026-03-16T17:49:52.752477Z,2026-03-16T17:49:53.511952Z,759.4779549999657,95.56286299994099,759.4779549999657,12,True,15.80032694958281,True,200,,
d0061305-a1b5-4ebd-b33f-6e4e6a4eea3c,20260316_174654,exp-vllm-public-concurrency32-stream-true,quickstart,1,2,35,Trade-off between throughput and latency in one sentence.,vllm,Qwen/Qwen2-0.5B-Instruct,True,2026-03-16T17:49:53.512269Z,2026-03-16T17:49:54.783811Z,1271.544752000409,92.6299980001204,1271.544752000409,25,True,19.66112475449229,True,200,,
a0a7ec8b-b6e3-43ad-a574-d926c4308229,20260316_174654,exp-vllm-public-concurrency32-stream-true,quickstart,1,2,36,Why run the same test at different concurrency levels?,vllm,Qwen/Qwen2-0.5B-Instruct,True,2026-03-16T17:49:53.730816Z,2026-03-16T17:49:57.750920Z,4020.1068999995186,97.25177500149584,4020.1068999995186,80,True,19.89996833169028,True,200,,
3a81c2e3-919e-464f-95ec-81cbfb8b0ee6,20260316_174654,exp-vllm-public-concurrency32-stream-true,quickstart,1,2,37,List four reasons response time matters for chat apps.,vllm,Qwen/Qwen2-0.5B-Instruct,True,2026-03-16T17:49:54.784156Z,2026-03-16T17:49:58.781786Z,3997.6320679998025,97.8015119999327,3997.6320679998025,80,True,20.01184667303003,True,200,,
37331441-dcd5-4f00-88df-9737881ae168,20260316_174654,exp-vllm-public-concurrency32-stream-true,quickstart,1,2,38,How would you reduce slow requests in a model API?,vllm,Qwen/Qwen2-0.5B-Instruct,True,2026-03-16T17:49:57.751208Z,2026-03-16T17:50:01.710837Z,3959.6314139998867,93.01239700107544,3959.6314139998867,76,True,19.193705689698866,True,200,,
b2a95ffd-aac7-4ddd-9d62-a7aedbc23e29,20260316_174654,exp-vllm-public-concurrency32-stream-true,quickstart,1,2,39,What should a benchmark report include to be reproducible?,vllm,Qwen/Qwen2-0.5B-Instruct,True,2026-03-16T17:49:58.782127Z,2026-03-16T17:50:02.758254Z,3976.1298920002446,97.8578349986492,3976.1298920002446,74,True,18.61106201507248,True,200,,
a6f27234-18c7-46b5-b554-bd99489141c1,20260316_174654,exp-vllm-public-concurrency32-stream-true,quickstart,1,2,40,"Draft a one-line status update: API had 5xx errors for 2 minutes, now fixed.",vllm,Qwen/Qwen2-0.5B-Instruct,True,2026-03-16T17:50:01.711144Z,2026-03-16T17:50:02.461682Z,750.5404530002124,95.82600999965507,750.5404530002124,12,True,15.988478638334772,True,200,,
26f82a80-ceaf-40ac-b829-fe256ee794f8,20260316_174654,exp-vllm-public-concurrency32-stream-true,quickstart,1,2,41,Trade-off between throughput and latency in one sentence.,vllm,Qwen/Qwen2-0.5B-Instruct,True,2026-03-16T17:50:02.462009Z,2026-03-16T17:50:03.709863Z,1247.8564220000408,91.79049000158557,1247.8564220000408,25,True,20.03435616409336,True,200,,
fb289aab-6ae0-4aa6-923c-51066910f412,20260316_174654,exp-vllm-public-concurrency32-stream-true,quickstart,1,2,42,Why run the same test at different concurrency levels?,vllm,Qwen/Qwen2-0.5B-Instruct,True,2026-03-16T17:50:02.758545Z,2026-03-16T17:50:06.794512Z,4035.9685759995045,95.45482499925129,4035.9685759995045,80,True,19.821759880820693,True,200,,
1775b81b-2914-48df-8680-8f2480742974,20260316_174654,exp-vllm-public-concurrency32-stream-true,quickstart,1,2,43,List four reasons response time matters for chat apps.,vllm,Qwen/Qwen2-0.5B-Instruct,True,2026-03-16T17:50:03.710204Z,2026-03-16T17:50:07.736576Z,4026.3736029992288,92.05820200077142,4026.3736029992288,81,True,20.117358195390374,True,200,,
df8b2309-76cc-470e-b46d-81b85c9c32d6,20260316_174654,exp-vllm-public-concurrency32-stream-true,quickstart,1,2,44,How would you reduce slow requests in a model API?,vllm,Qwen/Qwen2-0.5B-Instruct,True,2026-03-16T17:50:06.794790Z,2026-03-16T17:50:10.889790Z,4095.0021280004876,92.82217399959336,4095.0021280004876,77,True,18.803409032072384,True,200,,
cf840301-f776-43b2-b4b3-3ca975a1577e,20260316_174654,exp-vllm-public-concurrency32-stream-true,quickstart,1,2,45,What should a benchmark report include to be reproducible?,vllm,Qwen/Qwen2-0.5B-Instruct,True,2026-03-16T17:50:07.736860Z,2026-03-16T17:50:11.876822Z,4139.965273001508,95.87050500158512,4139.965273001508,71,True,17.149902310297506,True,200,,
2227b5c3-48c7-4f6b-8389-02347f915fed,20260316_174654,exp-vllm-public-concurrency32-stream-true,quickstart,1,2,46,"Draft a one-line status update: API had 5xx errors for 2 minutes, now fixed.",vllm,Qwen/Qwen2-0.5B-Instruct,True,2026-03-16T17:50:10.890085Z,2026-03-16T17:50:11.656213Z,766.1300090003351,97.48168699843518,766.1300090003351,12,True,15.663137925713011,True,200,,
5605b702-5119-49c2-81fc-8c83213ee093,20260316_174654,exp-vllm-public-concurrency32-stream-true,quickstart,1,2,47,Trade-off between throughput and latency in one sentence.,vllm,Qwen/Qwen2-0.5B-Instruct,True,2026-03-16T17:50:11.656504Z,2026-03-16T17:50:12.990032Z,1333.5410250001587,94.6110620006948,1333.5410250001587,23,True,17.247313407547594,True,200,,
f0df0c71-9c34-4429-b0ac-59bba3b842c1,20260316_174654,exp-vllm-public-concurrency32-stream-true,quickstart,1,4,0,What should a benchmark report include to be reproducible?,vllm,Qwen/Qwen2-0.5B-Instruct,True,2026-03-16T17:50:12.990622Z,2026-03-16T17:50:17.400562Z,4409.940256999107,86.35850599966943,4409.940256999107,72,True,16.326751793457365,True,200,,
82ba748a-225e-45df-81bf-93bae1b033b3,20260316_174654,exp-vllm-public-concurrency32-stream-true,quickstart,1,4,1,How would you reduce slow requests in a model API?,vllm,Qwen/Qwen2-0.5B-Instruct,True,2026-03-16T17:50:12.990913Z,2026-03-16T17:50:17.401737Z,4410.824597000101,86.30529600122827,4410.824597000101,77,True,17.457053280325272,True,200,,
eeb4d5d8-6bb6-4c72-92a0-339119841df6,20260316_174654,exp-vllm-public-concurrency32-stream-true,quickstart,1,4,2,Why run the same test at different concurrency levels?,vllm,Qwen/Qwen2-0.5B-Instruct,True,2026-03-16T17:50:12.991067Z,2026-03-16T17:50:17.401541Z,4410.474715999953,86.060395999084,4410.474715999953,80,True,18.138637029202922,True,200,,
64b27acd-46a2-4a5e-9305-8c5146eb9f14,20260316_174654,exp-vllm-public-concurrency32-stream-true,quickstart,1,4,3,"Draft a one-line status update: API had 5xx errors for 2 minutes, now fixed.",vllm,Qwen/Qwen2-0.5B-Instruct,True,2026-03-16T17:50:12.991198Z,2026-03-16T17:50:13.872637Z,881.4425390010001,161.49640000003274,881.4425390010001,12,True,13.614046825559873,True,200,,
b245342a-903a-497d-b5b5-4a03c35cff72,20260316_174654,exp-vllm-public-concurrency32-stream-true,quickstart,1,4,4,List four reasons response time matters for chat apps.,vllm,Qwen/Qwen2-0.5B-Instruct,True,2026-03-16T17:50:13.872923Z,2026-03-16T17:50:18.249914Z,4376.994452999497,103.07358600039151,4376.994452999497,84,True,19.19125118891478,True,200,,
b2320075-1d98-4525-a02a-30335c69b7f7,20260316_174654,exp-vllm-public-concurrency32-stream-true,quickstart,1,4,5,Trade-off between throughput and latency in one sentence.,vllm,Qwen/Qwen2-0.5B-Instruct,True,2026-03-16T17:50:17.401019Z,2026-03-16T17:50:18.841646Z,1440.6293560004997,120.00513999919349,1440.6293560004997,27,True,18.74180884037923,True,200,,
3b4f5377-365d-47ba-a9ce-42dd4785f3dd,20260316_174654,exp-vllm-public-concurrency32-stream-true,quickstart,1,4,6,What should a benchmark report include to be reproducible?,vllm,Qwen/Qwen2-0.5B-Instruct,True,2026-03-16T17:50:17.401946Z,2026-03-16T17:50:21.784175Z,4382.229929000459,118.99445000017295,4382.229929000459,72,True,16.429991389434566,True,200,,
6db7498c-91bf-4382-aa93-b8ad83ae2822,20260316_174654,exp-vllm-public-concurrency32-stream-true,quickstart,1,4,7,How would you reduce slow requests in a model API?,vllm,Qwen/Qwen2-0.5B-Instruct,True,2026-03-16T17:50:17.402139Z,2026-03-16T17:50:21.783449Z,4381.313115000012,118.96444000012707,4381.313115000012,79,True,18.031123986444367,True,200,,
22405025-0407-49eb-bffa-92c0ce2693e3,20260316_174654,exp-vllm-public-concurrency32-stream-true,quickstart,1,4,8,Why run the same test at different concurrency levels?,vllm,Qwen/Qwen2-0.5B-Instruct,True,2026-03-16T17:50:18.250216Z,2026-03-16T17:50:22.655461Z,4405.248480999944,97.93048999927123,4405.248480999944,78,True,17.70615218106717,True,200,,
a785ab35-1653-4277-b64e-919002d032b1,20260316_174654,exp-vllm-public-concurrency32-stream-true,quickstart,1,4,9,"Draft a one-line status update: API had 5xx errors for 2 minutes, now fixed.",vllm,Qwen/Qwen2-0.5B-Instruct,True,2026-03-16T17:50:18.842359Z,2026-03-16T17:50:19.668208Z,825.8518430011463,116.87517099926481,825.8518430011463,12,True,14.5304513172629,True,200,,
22d1a49a-9166-4aad-bbfd-6e909c610326,20260316_174654,exp-vllm-public-concurrency32-stream-true,quickstart,1,4,10,List four reasons response time matters for chat apps.,vllm,Qwen/Qwen2-0.5B-Instruct,True,2026-03-16T17:50:19.668574Z,2026-03-16T17:50:24.122640Z,4454.067619000853,100.22389699952328,4454.067619000853,80,True,17.961110347477348,True,200,,
d1bcc563-26ac-4e12-99c0-a4fdad658ea5,20260316_174654,exp-vllm-public-concurrency32-stream-true,quickstart,1,4,11,Trade-off between throughput and latency in one sentence.,vllm,Qwen/Qwen2-0.5B-Instruct,True,2026-03-16T17:50:21.783808Z,2026-03-16T17:50:23.275280Z,1491.4743640001689,111.41072800091933,1491.4743640001689,27,True,18.102892447702132,True,200,,
5b22b026-851f-47b3-a4e0-bb2de8b7c05a,20260316_174654,exp-vllm-public-concurrency32-stream-true,quickstart,1,4,12,What should a benchmark report include to be reproducible?,vllm,Qwen/Qwen2-0.5B-Instruct,True,2026-03-16T17:50:21.784652Z,2026-03-16T17:50:26.310831Z,4526.180845999988,110.70222899979854,4526.180845999988,72,True,15.90745099450235,True,200,,
e3c0f039-522c-4017-81c4-3ed6ce129c7b,20260316_174654,exp-vllm-public-concurrency32-stream-true,quickstart,1,4,13,How would you reduce slow requests in a model API?,vllm,Qwen/Qwen2-0.5B-Instruct,True,2026-03-16T17:50:22.656198Z,2026-03-16T17:50:27.223544Z,4567.3487080002815,101.92556000038167,4567.3487080002815,76,True,16.63985056951673,True,200,,
15523423-1e9c-4eba-8741-aad6dc15688c,20260316_174654,exp-vllm-public-concurrency32-stream-true,quickstart,1,4,14,Why run the same test at different concurrency levels?,vllm,Qwen/Qwen2-0.5B-Instruct,True,2026-03-16T17:50:23.275578Z,2026-03-16T17:50:27.831265Z,4555.687165999188,99.44475699921895,4555.687165999188,80,True,17.560468286117224,True,200,,
1944802e-9e0b-40c4-9ba2-085f1812ba76,20260316_174654,exp-vllm-public-concurrency32-stream-true,quickstart,1,4,15,"Draft a one-line status update: API had 5xx errors for 2 minutes, now fixed.",vllm,Qwen/Qwen2-0.5B-Instruct,True,2026-03-16T17:50:24.122961Z,2026-03-16T17:50:24.963886Z,840.9277480004675,106.54996300036146,840.9277480004675,12,True,14.269953665500081,True,200,,
ffbedbec-c5f0-4d26-8a3c-4df3343895c8,20260316_174654,exp-vllm-public-concurrency32-stream-true,quickstart,1,4,16,List four reasons response time matters for chat apps.,vllm,Qwen/Qwen2-0.5B-Instruct,True,2026-03-16T17:50:24.964208Z,2026-03-16T17:50:29.479917Z,4515.713753000455,110.70962000121654,4515.713753000455,81,True,17.937363710483144,True,200,,
86f97121-0c8e-46d6-9fa3-72cab149f348,20260316_174654,exp-vllm-public-concurrency32-stream-true,quickstart,1,4,17,Trade-off between throughput and latency in one sentence.,vllm,Qwen/Qwen2-0.5B-Instruct,True,2026-03-16T17:50:26.311148Z,2026-03-16T17:50:27.830494Z,1519.3493759998091,101.733867000803,1519.3493759998091,27,True,17.770764530200715,True,200,,
66892ebb-8856-4a9e-82e1-5dd70d10109a,20260316_174654,exp-vllm-public-concurrency32-stream-true,quickstart,1,4,18,What should a benchmark report include to be reproducible?,vllm,Qwen/Qwen2-0.5B-Instruct,True,2026-03-16T17:50:27.223873Z,2026-03-16T17:50:31.615554Z,4391.684508998878,100.82224199868506,4391.684508998878,72,True,16.394620299447013,True,200,,
9e721303-0a1a-42c4-91d7-66314cf6bc83,20260316_174654,exp-vllm-public-concurrency32-stream-true,quickstart,1,4,19,How would you reduce slow requests in a model API?,vllm,Qwen/Qwen2-0.5B-Instruct,True,2026-03-16T17:50:27.830888Z,2026-03-16T17:50:32.195804Z,4364.915279000343,120.34965899874805,4364.915279000343,76,True,17.411563602537,True,200,,
ebaaa3cf-5245-4d27-8551-6431a0d9c803,20260316_174654,exp-vllm-public-concurrency32-stream-true,quickstart,1,4,20,Why run the same test at different concurrency levels?,vllm,Qwen/Qwen2-0.5B-Instruct,True,2026-03-16T17:50:27.831537Z,2026-03-16T17:50:32.195018Z,4363.483406001251,119.83725400023104,4363.483406001251,80,True,18.33397599036889,True,200,,
b1d072d1-5e90-49a2-9721-470da2eaff91,20260316_174654,exp-vllm-public-concurrency32-stream-true,quickstart,1,4,21,"Draft a one-line status update: API had 5xx errors for 2 minutes, now fixed.",vllm,Qwen/Qwen2-0.5B-Instruct,True,2026-03-16T17:50:29.480296Z,2026-03-16T17:50:30.293154Z,812.860621001164,107.50903799998923,812.860621001164,12,True,14.76267848382191,True,200,,
b7a67322-d6e6-4383-853a-62534dc0461a,20260316_174654,exp-vllm-public-concurrency32-stream-true,quickstart,1,4,22,List four reasons response time matters for chat apps.,vllm,Qwen/Qwen2-0.5B-Instruct,True,2026-03-16T17:50:30.293511Z,2026-03-16T17:50:34.556663Z,4263.15395399979,102.54156200062425,4263.15395399979,81,True,19.000017563054207,True,200,,
34382e4c-e726-4ea7-bb8d-cd24be8fd5c5,20260316_174654,exp-vllm-public-concurrency32-stream-true,quickstart,1,4,23,Trade-off between throughput and latency in one sentence.,vllm,Qwen/Qwen2-0.5B-Instruct,True,2026-03-16T17:50:31.615921Z,2026-03-16T17:50:32.990739Z,1374.8200410009304,98.12415200030955,1374.8200410009304,26,True,18.911566041087703,True,200,,
e046961b-2efd-445a-b3c7-8863335df43f,20260316_174654,exp-vllm-public-concurrency32-stream-true,quickstart,1,4,24,What should a benchmark report include to be reproducible?,vllm,Qwen/Qwen2-0.5B-Instruct,True,2026-03-16T17:50:32.195397Z,2026-03-16T17:50:36.463567Z,4268.169064998801,110.20389499935845,4268.169064998801,72,True,16.869059988845642,True,200,,
1f2549fc-672d-441f-8266-b772e90f7b26,20260316_174654,exp-vllm-public-concurrency32-stream-true,quickstart,1,4,25,How would you reduce slow requests in a model API?,vllm,Qwen/Qwen2-0.5B-Instruct,True,2026-03-16T17:50:32.196086Z,2026-03-16T17:50:36.462606Z,4266.522556001291,109.66642499988666,4266.522556001291,79,True,18.516250403710767,True,200,,
177dbf5b-cf36-4d7f-bf7d-081d74c46503,20260316_174654,exp-vllm-public-concurrency32-stream-true,quickstart,1,4,26,Why run the same test at different concurrency levels?,vllm,Qwen/Qwen2-0.5B-Instruct,True,2026-03-16T17:50:32.991490Z,2026-03-16T17:50:37.256441Z,4264.951651999581,96.12535900123476,4264.951651999581,79,True,18.523070469734776,True,200,,
88a6cf1d-8414-4f27-9a5d-7b602c371c01,20260316_174654,exp-vllm-public-concurrency32-stream-true,quickstart,1,4,27,"Draft a one-line status update: API had 5xx errors for 2 minutes, now fixed.",vllm,Qwen/Qwen2-0.5B-Instruct,True,2026-03-16T17:50:34.557080Z,2026-03-16T17:50:35.372018Z,814.9417719996563,107.8963180007122,814.9417719996563,12,True,14.7249784123289,True,200,,
9e55e7c0-4609-4cab-b113-7704ebd69c1f,20260316_174654,exp-vllm-public-concurrency32-stream-true,quickstart,1,4,28,List four reasons response time matters for chat apps.,vllm,Qwen/Qwen2-0.5B-Instruct,True,2026-03-16T17:50:35.372348Z,2026-03-16T17:50:39.555701Z,4183.354339000289,103.41341000093962,4183.354339000289,80,True,19.123409952195896,True,200,,
1fe3c77b-2849-4ee8-a8ed-78723d7cd8e7,20260316_174654,exp-vllm-public-concurrency32-stream-true,quickstart,1,4,29,Trade-off between throughput and latency in one sentence.,vllm,Qwen/Qwen2-0.5B-Instruct,True,2026-03-16T17:50:36.463207Z,2026-03-16T17:50:37.859613Z,1396.4087950007524,114.02396799894632,1396.4087950007524,27,True,19.335312192720362,True,200,,
03079081-71e7-4f37-b7fb-a5777e146567,20260316_174654,exp-vllm-public-concurrency32-stream-true,quickstart,1,4,30,What should a benchmark report include to be reproducible?,vllm,Qwen/Qwen2-0.5B-Instruct,True,2026-03-16T17:50:36.463985Z,2026-03-16T17:50:40.693241Z,4229.258581999602,113.10365499957697,4229.258581999602,72,True,17.02426054212988,True,200,,
441eebcc-e8da-42ba-a48c-24a2b5d84b16,20260316_174654,exp-vllm-public-concurrency32-stream-true,quickstart,1,4,31,How would you reduce slow requests in a model API?,vllm,Qwen/Qwen2-0.5B-Instruct,True,2026-03-16T17:50:37.256727Z,2026-03-16T17:50:41.435854Z,4179.129669000758,98.99307200066687,4179.129669000758,77,True,18.424888935884805,True,200,,
5dd92f35-87c7-41a1-8a68-76871d5837ab,20260316_174654,exp-vllm-public-concurrency32-stream-true,quickstart,1,4,32,Why run the same test at different concurrency levels?,vllm,Qwen/Qwen2-0.5B-Instruct,True,2026-03-16T17:50:37.859916Z,2026-03-16T17:50:42.051456Z,4191.543823999382,98.00012800042168,4191.543823999382,80,True,19.08604642087879,True,200,,
ca8b2104-d279-4e54-9013-cbfabe4ddef9,20260316_174654,exp-vllm-public-concurrency32-stream-true,quickstart,1,4,33,"Draft a one-line status update: API had 5xx errors for 2 minutes, now fixed.",vllm,Qwen/Qwen2-0.5B-Instruct,True,2026-03-16T17:50:39.555996Z,2026-03-16T17:50:40.384359Z,828.3663610000076,102.51927100034663,828.3663610000076,12,True,14.486343923374129,True,200,,
aa18f00c-20f9-4342-8ccd-3b9e462858f9,20260316_174654,exp-vllm-public-concurrency32-stream-true,quickstart,1,4,34,List four reasons response time matters for chat apps.,vllm,Qwen/Qwen2-0.5B-Instruct,True,2026-03-16T17:50:40.385138Z,2026-03-16T17:50:44.559555Z,4174.419353001213,99.47169100087194,4174.419353001213,81,True,19.40389624290257,True,200,,
8b3f0fc9-cc65-475b-bf53-53e385c0c1a7,20260316_174654,exp-vllm-public-concurrency32-stream-true,quickstart,1,4,35,Trade-off between throughput and latency in one sentence.,vllm,Qwen/Qwen2-0.5B-Instruct,True,2026-03-16T17:50:40.693534Z,2026-03-16T17:50:41.741575Z,1048.0441809995682,89.64579999883426,1048.0441809995682,18,True,17.174848471399905,True,200,,
c19e48f1-6f67-4415-8c9f-9b4264ea0014,20260316_174654,exp-vllm-public-concurrency32-stream-true,quickstart,1,4,36,What should a benchmark report include to be reproducible?,vllm,Qwen/Qwen2-0.5B-Instruct,True,2026-03-16T17:50:41.436192Z,2026-03-16T17:50:45.670625Z,4234.435637999923,98.49490899978264,4234.435637999923,72,True,17.003446540518965,True,200,,
39025ef4-7da0-4d96-a079-470f162a74e9,20260316_174654,exp-vllm-public-concurrency32-stream-true,quickstart,1,4,37,How would you reduce slow requests in a model API?,vllm,Qwen/Qwen2-0.5B-Instruct,True,2026-03-16T17:50:41.741838Z,2026-03-16T17:50:45.993398Z,4251.56304399934,99.31468600007065,4251.56304399934,77,True,18.110986289778268,True,200,,
5ca2bdb8-ae38-4e42-922d-82adf2fc364f,20260316_174654,exp-vllm-public-concurrency32-stream-true,quickstart,1,4,38,Why run the same test at different concurrency levels?,vllm,Qwen/Qwen2-0.5B-Instruct,True,2026-03-16T17:50:42.051757Z,2026-03-16T17:50:46.305186Z,4253.433545000007,96.79023599892389,4253.433545000007,80,True,18.80833429125548,True,200,,
8c27edcd-bdba-48c3-ab9f-a2f02c69be7c,20260316_174654,exp-vllm-public-concurrency32-stream-true,quickstart,1,4,39,"Draft a one-line status update: API had 5xx errors for 2 minutes, now fixed.",vllm,Qwen/Qwen2-0.5B-Instruct,True,2026-03-16T17:50:44.560018Z,2026-03-16T17:50:45.358314Z,798.2976200000849,104.7254229997634,798.2976200000849,12,True,15.031987694011569,True,200,,
8aff3fbe-6966-4ec1-b8d0-639895625b49,20260316_174654,exp-vllm-public-concurrency32-stream-true,quickstart,1,4,40,List four reasons response time matters for chat apps.,vllm,Qwen/Qwen2-0.5B-Instruct,True,2026-03-16T17:50:45.358693Z,2026-03-16T17:50:49.599458Z,4240.76801999945,99.55650499978219,4240.76801999945,80,True,18.864507471929667,True,200,,
65f7f29a-d68b-4204-98c7-d0e58231ed2d,20260316_174654,exp-vllm-public-concurrency32-stream-true,quickstart,1,4,41,Trade-off between throughput and latency in one sentence.,vllm,Qwen/Qwen2-0.5B-Instruct,True,2026-03-16T17:50:45.670959Z,2026-03-16T17:50:46.790953Z,1119.9966639997,103.16870200040285,1119.9966639997,18,True,16.07147644147342,True,200,,
1917c716-fc67-4dbf-bc6e-4bc85a0a66c7,20260316_174654,exp-vllm-public-concurrency32-stream-true,quickstart,1,4,42,What should a benchmark report include to be reproducible?,vllm,Qwen/Qwen2-0.5B-Instruct,True,2026-03-16T17:50:45.993694Z,2026-03-16T17:50:50.230397Z,4236.70547599977,98.79180499956419,4236.70547599977,72,True,16.99433685156261,True,200,,
8d7fdb1a-196c-4550-8bdc-3717dc7e9114,20260316_174654,exp-vllm-public-concurrency32-stream-true,quickstart,1,4,43,How would you reduce slow requests in a model API?,vllm,Qwen/Qwen2-0.5B-Instruct,True,2026-03-16T17:50:46.305474Z,2026-03-16T17:50:50.557120Z,4251.6479329988215,104.8174490006204,4251.6479329988215,76,True,17.87542176531884,True,200,,
0a21e6ac-c310-4409-91cb-6cef7b071237,20260316_174654,exp-vllm-public-concurrency32-stream-true,quickstart,1,4,44,Why run the same test at different concurrency levels?,vllm,Qwen/Qwen2-0.5B-Instruct,True,2026-03-16T17:50:46.791240Z,2026-03-16T17:50:51.013312Z,4222.075140000015,105.90445099842327,4222.075140000015,78,True,18.47432776859573,True,200,,
043ae79d-9d4e-4cb6-b4d1-7a5b7a926428,20260316_174654,exp-vllm-public-concurrency32-stream-true,quickstart,1,4,45,"Draft a one-line status update: API had 5xx errors for 2 minutes, now fixed.",vllm,Qwen/Qwen2-0.5B-Instruct,True,2026-03-16T17:50:49.600126Z,2026-03-16T17:50:50.411091Z,810.9663169998385,107.42363300050783,810.9663169998385,12,True,14.79716203799176,True,200,,
4da38c03-c389-4ec8-84d8-52b802ef6b99,20260316_174654,exp-vllm-public-concurrency32-stream-true,quickstart,1,4,46,List four reasons response time matters for chat apps.,vllm,Qwen/Qwen2-0.5B-Instruct,True,2026-03-16T17:50:50.230756Z,2026-03-16T17:50:54.191753Z,3960.999221999373,97.18945600070583,3960.999221999373,81,True,20.449385485896173,True,200,,
3e1e67d5-073b-471c-a9ea-bb8c1ca08704,20260316_174654,exp-vllm-public-concurrency32-stream-true,quickstart,1,4,47,Trade-off between throughput and latency in one sentence.,vllm,Qwen/Qwen2-0.5B-Instruct,True,2026-03-16T17:50:50.411421Z,2026-03-16T17:50:51.660774Z,1249.3555069995637,104.11439499875996,1249.3555069995637,25,True,20.010317207501398,True,200,,
dc334f4f-944d-4229-b022-69f8260ae362,20260316_174654,exp-vllm-public-concurrency32-stream-true,quickstart,1,8,0,"Draft a one-line status update: API had 5xx errors for 2 minutes, now fixed.",vllm,Qwen/Qwen2-0.5B-Instruct,True,2026-03-16T17:50:54.192885Z,2026-03-16T17:50:55.132092Z,939.2071900001611,190.95927600028517,939.2071900001611,12,True,12.776733534160808,True,200,,
30caa23a-4285-415d-b1f6-49406b2bd2db,20260316_174654,exp-vllm-public-concurrency32-stream-true,quickstart,1,8,1,Trade-off between throughput and latency in one sentence.,vllm,Qwen/Qwen2-0.5B-Instruct,True,2026-03-16T17:50:54.193218Z,2026-03-16T17:50:55.758973Z,1565.7572299987805,71.0433539989026,1565.7572299987805,27,True,17.24405257896911,True,200,,
3e2db4e1-4c3a-4c9c-8af1-ce4c05f69cb8,20260316_174654,exp-vllm-public-concurrency32-stream-true,quickstart,1,8,2,List four reasons response time matters for chat apps.,vllm,Qwen/Qwen2-0.5B-Instruct,True,2026-03-16T17:50:54.193394Z,2026-03-16T17:50:58.795691Z,4602.29739100032,190.13467699915054,4602.29739100032,81,True,17.599905681539294,True,200,,
c1f9d0cc-608e-4b6b-aa68-b77728928e21,20260316_174654,exp-vllm-public-concurrency32-stream-true,quickstart,1,8,3,Why run the same test at different concurrency levels?,vllm,Qwen/Qwen2-0.5B-Instruct,True,2026-03-16T17:50:54.193550Z,2026-03-16T17:50:58.795835Z,4602.2854870006995,190.14033199891855,4602.2854870006995,80,True,17.382667856212425,True,200,,
18ac41a4-7424-443e-a827-d1f60f9c4eb2,20260316_174654,exp-vllm-public-concurrency32-stream-true,quickstart,1,8,4,What should a benchmark report include to be reproducible?,vllm,Qwen/Qwen2-0.5B-Instruct,True,2026-03-16T17:50:54.193690Z,2026-03-16T17:50:58.795510Z,4601.819434999925,189.73523599925102,4601.819434999925,72,True,15.645985466616027,True,200,,
f4a4c93f-db53-4e0d-9678-8263f6c47a09,20260316_174654,exp-vllm-public-concurrency32-stream-true,quickstart,1,8,5,How would you reduce slow requests in a model API?,vllm,Qwen/Qwen2-0.5B-Instruct,True,2026-03-16T17:50:54.193821Z,2026-03-16T17:50:58.794615Z,4600.79878400029,189.42278400027135,4600.79878400029,77,True,16.736224211277126,True,200,,
aa74efd5-56a8-42d9-b9bd-7b828e3cf681,20260316_174654,exp-vllm-public-concurrency32-stream-true,quickstart,1,8,6,"Draft a one-line status update: API had 5xx errors for 2 minutes, now fixed.",vllm,Qwen/Qwen2-0.5B-Instruct,True,2026-03-16T17:50:54.193947Z,2026-03-16T17:50:55.131579Z,937.6377699991281,189.82508800036157,937.6377699991281,12,True,12.79811925666258,True,200,,
40425408-872d-4bb0-bb09-05b92e8638d7,20260316_174654,exp-vllm-public-concurrency32-stream-true,quickstart,1,8,7,Trade-off between throughput and latency in one sentence.,vllm,Qwen/Qwen2-0.5B-Instruct,True,2026-03-16T17:50:54.194129Z,2026-03-16T17:50:55.706298Z,1512.1749819991237,189.7906640006113,1512.1749819991237,25,True,16.532478249937405,True,200,,
863de506-74ad-428f-af24-59ecaa5a03cb,20260316_174654,exp-vllm-public-concurrency32-stream-true,quickstart,1,8,8,List four reasons response time matters for chat apps.,vllm,Qwen/Qwen2-0.5B-Instruct,True,2026-03-16T17:50:55.132217Z,2026-03-16T17:50:59.661623Z,4529.405397999653,118.81542000082845,4529.405397999653,81,True,17.88314202031297,True,200,,
b06fd67b-d262-409e-8aea-78ea907eb1c4,20260316_174654,exp-vllm-public-concurrency32-stream-true,quickstart,1,8,9,Why run the same test at different concurrency levels?,vllm,Qwen/Qwen2-0.5B-Instruct,True,2026-03-16T17:50:55.132637Z,2026-03-16T17:50:59.661447Z,4528.810931000407,118.31784899914055,4528.810931000407,79,True,17.4438723990955,True,200,,
7d5a18b5-8177-4df3-9b28-f401acc4f36a,20260316_174654,exp-vllm-public-concurrency32-stream-true,quickstart,1,8,10,What should a benchmark report include to be reproducible?,vllm,Qwen/Qwen2-0.5B-Instruct,True,2026-03-16T17:50:55.706728Z,2026-03-16T17:51:00.262219Z,4555.493977000879,112.60474099981366,4555.493977000879,72,True,15.805091690056715,True,200,,
2447fc9f-9e5d-4b9d-b123-04d7a0a33f32,20260316_174654,exp-vllm-public-concurrency32-stream-true,quickstart,1,8,11,How would you reduce slow requests in a model API?,vllm,Qwen/Qwen2-0.5B-Instruct,True,2026-03-16T17:50:55.759239Z,2026-03-16T17:51:00.315123Z,4555.886022000777,116.07273600020562,4555.886022000777,79,True,17.34020553159188,True,200,,
9d0ff3ab-0d38-4815-b0d2-c41a68527e7e,20260316_174654,exp-vllm-public-concurrency32-stream-true,quickstart,1,8,12,"Draft a one-line status update: API had 5xx errors for 2 minutes, now fixed.",vllm,Qwen/Qwen2-0.5B-Instruct,True,2026-03-16T17:50:58.795063Z,2026-03-16T17:50:59.660695Z,865.6347999985883,136.30181299959077,865.6347999985883,12,True,13.862658941183476,True,200,,
7936b2db-2742-433f-a506-56a9fa82b41e,20260316_174654,exp-vllm-public-concurrency32-stream-true,quickstart,1,8,13,Trade-off between throughput and latency in one sentence.,vllm,Qwen/Qwen2-0.5B-Instruct,True,2026-03-16T17:50:58.796064Z,2026-03-16T17:51:00.375549Z,1579.4879400000355,135.51282200023707,1579.4879400000355,27,True,17.094147613434387,True,200,,
b8ae4e90-2eae-4259-9e34-fabf84822c1c,20260316_174654,exp-vllm-public-concurrency32-stream-true,quickstart,1,8,14,List four reasons response time matters for chat apps.,vllm,Qwen/Qwen2-0.5B-Instruct,True,2026-03-16T17:50:58.796275Z,2026-03-16T17:51:03.592151Z,4795.87650600115,135.01121400076954,4795.87650600115,81,True,16.889509122814886,True,200,,
af71bedc-6930-4668-bcc4-c62d33aeab2f,20260316_174654,exp-vllm-public-concurrency32-stream-true,quickstart,1,8,15,Why run the same test at different concurrency levels?,vllm,Qwen/Qwen2-0.5B-Instruct,True,2026-03-16T17:50:58.796777Z,2026-03-16T17:51:03.591389Z,4794.613027001105,134.34185000005527,4794.613027001105,80,True,16.685392449708864,True,200,,
ff8ff2ee-b40b-40dc-9bc0-eb922a629958,20260316_174654,exp-vllm-public-concurrency32-stream-true,quickstart,1,8,16,What should a benchmark report include to be reproducible?,vllm,Qwen/Qwen2-0.5B-Instruct,True,2026-03-16T17:50:59.661760Z,2026-03-16T17:51:04.563654Z,4901.893788999587,124.08774200048356,4901.893788999587,72,True,14.68820074428709,True,200,,
9a5bd79e-626f-499c-bdc5-034ada4e46de,20260316_174654,exp-vllm-public-concurrency32-stream-true,quickstart,1,8,17,How would you reduce slow requests in a model API?,vllm,Qwen/Qwen2-0.5B-Instruct,True,2026-03-16T17:50:59.662522Z,2026-03-16T17:51:04.563825Z,4901.303145001293,123.47971800045343,4901.303145001293,79,True,16.118162387194918,True,200,,
930c4f9e-6c9d-44e8-9e02-2de40f23a805,20260316_174654,exp-vllm-public-concurrency32-stream-true,quickstart,1,8,18,"Draft a one-line status update: API had 5xx errors for 2 minutes, now fixed.",vllm,Qwen/Qwen2-0.5B-Instruct,True,2026-03-16T17:50:59.662679Z,2026-03-16T17:51:00.591986Z,929.3093969990878,123.25029699968582,929.3093969990878,12,True,12.9128146543554,True,200,,
14ec3312-c55a-4aa5-9e62-ba9402fa6fea,20260316_174654,exp-vllm-public-concurrency32-stream-true,quickstart,1,8,19,Trade-off between throughput and latency in one sentence.,vllm,Qwen/Qwen2-0.5B-Instruct,True,2026-03-16T17:51:00.262587Z,2026-03-16T17:51:01.866890Z,1604.3056979997345,112.76319699936721,1604.3056979997345,27,True,16.829710218983756,True,200,,
fb989a8a-f89b-44d5-90a9-6eb501ee1f5a,20260316_174654,exp-vllm-public-concurrency32-stream-true,quickstart,1,8,20,List four reasons response time matters for chat apps.,vllm,Qwen/Qwen2-0.5B-Instruct,True,2026-03-16T17:51:00.315392Z,2026-03-16T17:51:05.289629Z,4974.241915000675,120.80253900057869,4974.241915000675,81,True,16.28388835607908,True,200,,
e0497c4e-ece6-4ac1-97a8-4e917f3620ff,20260316_174654,exp-vllm-public-concurrency32-stream-true,quickstart,1,8,21,Why run the same test at different concurrency levels?,vllm,Qwen/Qwen2-0.5B-Instruct,True,2026-03-16T17:51:00.375808Z,2026-03-16T17:51:05.351845Z,4976.036762998774,119.58033600058116,4976.036762998774,78,True,15.67512534875121,True,200,,
70d5b834-3037-4929-9800-914d58797064,20260316_174654,exp-vllm-public-concurrency32-stream-true,quickstart,1,8,22,What should a benchmark report include to be reproducible?,vllm,Qwen/Qwen2-0.5B-Instruct,True,2026-03-16T17:51:00.592275Z,2026-03-16T17:51:05.578388Z,4986.116334999679,113.73772699880647,4986.116334999679,74,True,14.841210077783868,True,200,,
b429a6dc-00a0-46f5-b5d4-324a44bd3cde,20260316_174654,exp-vllm-public-concurrency32-stream-true,quickstart,1,8,23,How would you reduce slow requests in a model API?,vllm,Qwen/Qwen2-0.5B-Instruct,True,2026-03-16T17:51:01.867172Z,2026-03-16T17:51:06.879469Z,5012.300731001233,106.96264599937422,5012.300731001233,79,True,15.76122508200328,True,200,,
bb3759e5-9a88-4d60-b962-a41a651df487,20260316_174654,exp-vllm-public-concurrency32-stream-true,quickstart,1,8,24,"Draft a one-line status update: API had 5xx errors for 2 minutes, now fixed.",vllm,Qwen/Qwen2-0.5B-Instruct,True,2026-03-16T17:51:03.591749Z,2026-03-16T17:51:04.562868Z,971.1215919996903,127.23619800090091,971.1215919996903,12,True,12.35684604158593,True,200,,
056d75cf-205b-48d1-bdae-bad5f47b5483,20260316_174654,exp-vllm-public-concurrency32-stream-true,quickstart,1,8,25,Trade-off between throughput and latency in one sentence.,vllm,Qwen/Qwen2-0.5B-Instruct,True,2026-03-16T17:51:03.592434Z,2026-03-16T17:51:05.351552Z,1759.121174000029,126.74722599876986,1759.121174000029,27,True,15.348573139282532,True,200,,
9db29e01-0638-43f4-9699-d3d340d0edd3,20260316_174654,exp-vllm-public-concurrency32-stream-true,quickstart,1,8,26,List four reasons response time matters for chat apps.,vllm,Qwen/Qwen2-0.5B-Instruct,True,2026-03-16T17:51:04.563254Z,2026-03-16T17:51:09.472506Z,4909.251416000188,142.06883699989703,4909.251416000188,80,True,16.29576349242671,True,200,,
01e439d4-47fd-4195-bf3f-4399bdf5dcc0,20260316_174654,exp-vllm-public-concurrency32-stream-true,quickstart,1,8,27,Why run the same test at different concurrency levels?,vllm,Qwen/Qwen2-0.5B-Instruct,True,2026-03-16T17:51:04.564072Z,2026-03-16T17:51:09.471740Z,4907.6718560008885,140.6421039991983,4907.6718560008885,80,True,16.301008369616127,True,200,,
94a31dd7-734e-47b4-8f69-37b364661211,20260316_174654,exp-vllm-public-concurrency32-stream-true,quickstart,1,8,28,What should a benchmark report include to be reproducible?,vllm,Qwen/Qwen2-0.5B-Instruct,True,2026-03-16T17:51:04.564260Z,2026-03-16T17:51:09.472360Z,4908.100123999247,140.96508100010396,4908.100123999247,72,True,14.669627387579153,True,200,,
cda64f0c-fe2d-40b7-aa91-875f491eb896,20260316_174654,exp-vllm-public-concurrency32-stream-true,quickstart,1,8,29,How would you reduce slow requests in a model API?,vllm,Qwen/Qwen2-0.5B-Instruct,True,2026-03-16T17:51:05.289976Z,2026-03-16T17:51:10.099784Z,4809.811356999489,125.15002799955255,4809.811356999489,77,True,16.008943861789,True,200,,
a26f78bc-cafd-455c-bdeb-4134b4b4aa2a,20260316_174654,exp-vllm-public-concurrency32-stream-true,quickstart,1,8,30,"Draft a one-line status update: API had 5xx errors for 2 minutes, now fixed.",vllm,Qwen/Qwen2-0.5B-Instruct,True,2026-03-16T17:51:05.351990Z,2026-03-16T17:51:06.283192Z,931.2128359997587,131.96465900000476,931.2128359997587,12,True,12.886420307036135,True,200,,
ff31b2a4-23d0-4234-950c-53a29d5ec37e,20260316_174654,exp-vllm-public-concurrency32-stream-true,quickstart,1,8,31,Trade-off between throughput and latency in one sentence.,vllm,Qwen/Qwen2-0.5B-Instruct,True,2026-03-16T17:51:05.352361Z,2026-03-16T17:51:06.992822Z,1640.463677000298,131.3352439992741,1640.463677000298,27,True,16.45876125058214,True,200,,
a682edd2-cb40-4c43-8e20-861066998abc,20260316_174654,exp-vllm-public-concurrency32-stream-true,quickstart,1,8,32,List four reasons response time matters for chat apps.,vllm,Qwen/Qwen2-0.5B-Instruct,True,2026-03-16T17:51:05.578694Z,2026-03-16T17:51:10.356117Z,4777.423478999481,114.71642500146118,4777.423478999481,80,True,16.745427813059212,True,200,,
0a506975-d210-49b8-b55c-c6a60992cd79,20260316_174654,exp-vllm-public-concurrency32-stream-true,quickstart,1,8,33,Why run the same test at different concurrency levels?,vllm,Qwen/Qwen2-0.5B-Instruct,True,2026-03-16T17:51:06.283564Z,2026-03-16T17:51:11.043353Z,4759.791892000067,108.53672099983669,4759.791892000067,80,True,16.807457513942687,True,200,,
eeb35887-472d-40d7-92bf-54dd92759bde,20260316_174654,exp-vllm-public-concurrency32-stream-true,quickstart,1,8,34,What should a benchmark report include to be reproducible?,vllm,Qwen/Qwen2-0.5B-Instruct,True,2026-03-16T17:51:06.879824Z,2026-03-16T17:51:11.604899Z,4725.077228998998,112.79988200112712,4725.077228998998,71,True,15.026209426642803,True,200,,
5f95ae37-1dd0-4fda-8b4a-8089c91e9d77,20260316_174654,exp-vllm-public-concurrency32-stream-true,quickstart,1,8,35,How would you reduce slow requests in a model API?,vllm,Qwen/Qwen2-0.5B-Instruct,True,2026-03-16T17:51:06.993104Z,2026-03-16T17:51:11.715976Z,4722.875511000893,106.82984300001408,4722.875511000893,79,True,16.72709767936652,True,200,,
47c2ee10-8211-4210-a14c-01c8292e07fb,20260316_174654,exp-vllm-public-concurrency32-stream-true,quickstart,1,8,36,"Draft a one-line status update: API had 5xx errors for 2 minutes, now fixed.",vllm,Qwen/Qwen2-0.5B-Instruct,True,2026-03-16T17:51:09.472610Z,2026-03-16T17:51:10.355777Z,883.1702919997042,125.31646000024921,883.1702919997042,12,True,13.587413558521304,True,200,,
853ea09d-0bd1-485f-a7ce-903c223d19e9,20260316_174654,exp-vllm-public-concurrency32-stream-true,quickstart,1,8,37,Trade-off between throughput and latency in one sentence.,vllm,Qwen/Qwen2-0.5B-Instruct,True,2026-03-16T17:51:09.472909Z,2026-03-16T17:51:10.934580Z,1461.6739520006377,125.48677599988878,1461.6739520006377,25,True,17.103677578561033,True,200,,
21fcf2d9-fee5-4bc1-82a6-fec94ea2b2db,20260316_174654,exp-vllm-public-concurrency32-stream-true,quickstart,1,8,38,List four reasons response time matters for chat apps.,vllm,Qwen/Qwen2-0.5B-Instruct,True,2026-03-16T17:51:09.473066Z,2026-03-16T17:51:14.063900Z,4590.837662000922,125.41027199949895,4590.837662000922,81,True,17.64383887290322,True,200,,
4dd8ac65-6637-4bb9-a881-c7694547ae3e,20260316_174654,exp-vllm-public-concurrency32-stream-true,quickstart,1,8,39,Why run the same test at different concurrency levels?,vllm,Qwen/Qwen2-0.5B-Instruct,True,2026-03-16T17:51:10.100067Z,2026-03-16T17:51:14.640050Z,4539.984570001252,110.26114100059203,4539.984570001252,80,True,17.62120526325444,True,200,,
ba2b393b-a3df-41e5-bcb3-45caf9d19181,20260316_174654,exp-vllm-public-concurrency32-stream-true,quickstart,1,8,40,What should a benchmark report include to be reproducible?,vllm,Qwen/Qwen2-0.5B-Instruct,True,2026-03-16T17:51:10.356690Z,2026-03-16T17:51:14.860993Z,4504.303410001739,118.8349410003866,4504.303410001739,74,True,16.42873342761149,True,200,,
132a2e52-7303-46c3-a097-6856e3bbc3ae,20260316_174654,exp-vllm-public-concurrency32-stream-true,quickstart,1,8,41,How would you reduce slow requests in a model API?,vllm,Qwen/Qwen2-0.5B-Instruct,True,2026-03-16T17:51:10.357146Z,2026-03-16T17:51:14.861371Z,4504.224536000038,118.83351399956155,4504.224536000038,79,True,17.5390901072076,True,200,,
911c9291-9d0d-422e-9761-9074d8cd57ba,20260316_174654,exp-vllm-public-concurrency32-stream-true,quickstart,1,8,42,"Draft a one-line status update: API had 5xx errors for 2 minutes, now fixed.",vllm,Qwen/Qwen2-0.5B-Instruct,True,2026-03-16T17:51:10.934897Z,2026-03-16T17:51:11.817123Z,882.228357000713,108.11099099919375,882.228357000713,12,True,13.601920528598813,True,200,,
9cc52594-277a-41ee-9eef-ab95beca7196,20260316_174654,exp-vllm-public-concurrency32-stream-true,quickstart,1,8,43,Trade-off between throughput and latency in one sentence.,vllm,Qwen/Qwen2-0.5B-Instruct,True,2026-03-16T17:51:11.043665Z,2026-03-16T17:51:12.547011Z,1503.348377000293,105.15291699994123,1503.348377000293,27,True,17.95990896925333,True,200,,
929ee48c-b445-4d27-b757-a7f917b729ab,20260316_174654,exp-vllm-public-concurrency32-stream-true,quickstart,1,8,44,List four reasons response time matters for chat apps.,vllm,Qwen/Qwen2-0.5B-Instruct,True,2026-03-16T17:51:11.605183Z,2026-03-16T17:51:15.909426Z,4304.244870998446,110.53582299973641,4304.244870998446,81,True,18.818631938384726,True,200,,
00262a7a-6a83-42fb-af0c-85eb0e76dc1a,20260316_174654,exp-vllm-public-concurrency32-stream-true,quickstart,1,8,45,Why run the same test at different concurrency levels?,vllm,Qwen/Qwen2-0.5B-Instruct,True,2026-03-16T17:51:11.716296Z,2026-03-16T17:51:15.992705Z,4276.4107799994235,100.25295500054199,4276.4107799994235,81,True,18.941117719287696,True,200,,
0d75af42-d72e-4110-8ba8-68bc28344272,20260316_174654,exp-vllm-public-concurrency32-stream-true,quickstart,1,8,46,What should a benchmark report include to be reproducible?,vllm,Qwen/Qwen2-0.5B-Instruct,True,2026-03-16T17:51:11.817402Z,2026-03-16T17:51:16.072221Z,4254.821320000701,108.18393499903323,4254.821320000701,72,True,16.921979699017804,True,200,,
579c07de-d9ff-4837-9866-480fd34a3559,20260316_174654,exp-vllm-public-concurrency32-stream-true,quickstart,1,8,47,How would you reduce slow requests in a model API?,vllm,Qwen/Qwen2-0.5B-Instruct,True,2026-03-16T17:51:12.547302Z,2026-03-16T17:51:16.684548Z,4137.248325998371,104.02739599885535,4137.248325998371,75,True,18.127990898854623,True,200,,
ac9a130e-ebf5-429d-af88-aad8da6b5721,20260316_174654,exp-vllm-public-concurrency32-stream-true,quickstart,1,16,0,Why run the same test at different concurrency levels?,vllm,Qwen/Qwen2-0.5B-Instruct,True,2026-03-16T17:51:16.685319Z,2026-03-16T17:51:23.033564Z,6348.249496999415,99.07734800071921,6348.249496999415,80,True,12.601899159416003,True,200,,
e9545066-4db2-4c74-8325-e56ab8dc5064,20260316_174654,exp-vllm-public-concurrency32-stream-true,quickstart,1,16,1,Trade-off between throughput and latency in one sentence.,vllm,Qwen/Qwen2-0.5B-Instruct,True,2026-03-16T17:51:16.685989Z,2026-03-16T17:51:18.898914Z,2212.927665001189,98.3371790007368,2212.927665001189,27,True,12.201031433165031,True,200,,
0af13b93-d643-424c-a972-d6fc226a470c,20260316_174654,exp-vllm-public-concurrency32-stream-true,quickstart,1,16,2,What should a benchmark report include to be reproducible?,vllm,Qwen/Qwen2-0.5B-Instruct,True,2026-03-16T17:51:16.686172Z,2026-03-16T17:51:23.101869Z,6415.696762000152,279.78475599957164,6415.696762000152,72,True,11.222475542555621,True,200,,
814a120f-d0bd-478a-b316-a6133a6fcf81,20260316_174654,exp-vllm-public-concurrency32-stream-true,quickstart,1,16,3,"Draft a one-line status update: API had 5xx errors for 2 minutes, now fixed.",vllm,Qwen/Qwen2-0.5B-Instruct,True,2026-03-16T17:51:16.686318Z,2026-03-16T17:51:17.978429Z,1292.1140100006596,97.88652199858916,1292.1140100006596,12,True,9.28710617416328,True,200,,
f52b21bd-0501-4d37-a4ae-5a1e1e38257e,20260316_174654,exp-vllm-public-concurrency32-stream-true,quickstart,1,16,4,List four reasons response time matters for chat apps.,vllm,Qwen/Qwen2-0.5B-Instruct,True,2026-03-16T17:51:16.686448Z,2026-03-16T17:51:23.100301Z,6413.855312999658,278.33767700030876,6413.855312999658,80,True,12.472997299745023,True,200,,
382bcbb5-87cb-4e86-ae81-cb9c34f033f0,20260316_174654,exp-vllm-public-concurrency32-stream-true,quickstart,1,16,5,How would you reduce slow requests in a model API?,vllm,Qwen/Qwen2-0.5B-Instruct,True,2026-03-16T17:51:16.686581Z,2026-03-16T17:51:23.101542Z,6414.961197999219,278.7111229990842,6414.961197999219,77,True,12.003190295837761,True,200,,
6205f4cc-26fa-4a1f-8a35-40b537313b7f,20260316_174654,exp-vllm-public-concurrency32-stream-true,quickstart,1,16,6,Why run the same test at different concurrency levels?,vllm,Qwen/Qwen2-0.5B-Instruct,True,2026-03-16T17:51:16.686698Z,2026-03-16T17:51:23.101768Z,6415.069727998343,279.0641899991897,6415.069727998343,80,True,12.470636079112726,True,200,,
4d24b323-4697-4f24-8ea3-52e9c6bbd976,20260316_174654,exp-vllm-public-concurrency32-stream-true,quickstart,1,16,7,Trade-off between throughput and latency in one sentence.,vllm,Qwen/Qwen2-0.5B-Instruct,True,2026-03-16T17:51:16.686822Z,2026-03-16T17:51:18.514655Z,1827.8373989996908,278.8725800000975,1827.8373989996908,18,True,9.847703088825488,True,200,,
45814080-99ed-4789-a961-e1ec5b3133b6,20260316_174654,exp-vllm-public-concurrency32-stream-true,quickstart,1,16,8,What should a benchmark report include to be reproducible?,vllm,Qwen/Qwen2-0.5B-Instruct,True,2026-03-16T17:51:16.686963Z,2026-03-16T17:51:23.101648Z,6414.6849470016605,278.4005650009931,6414.6849470016605,72,True,11.224245710407663,True,200,,
3c5504a7-3b88-4ed7-8c22-5519ae45b682,20260316_174654,exp-vllm-public-concurrency32-stream-true,quickstart,1,16,9,"Draft a one-line status update: API had 5xx errors for 2 minutes, now fixed.",vllm,Qwen/Qwen2-0.5B-Instruct,True,2026-03-16T17:51:16.687087Z,2026-03-16T17:51:18.042608Z,1355.5238879998797,278.42821900048875,1355.5238879998797,12,True,8.852665826277985,True,200,,
7fd5dc77-0cba-4ce6-a8e6-5c64268f6ade,20260316_174654,exp-vllm-public-concurrency32-stream-true,quickstart,1,16,10,List four reasons response time matters for chat apps.,vllm,Qwen/Qwen2-0.5B-Instruct,True,2026-03-16T17:51:16.688640Z,2026-03-16T17:51:23.101312Z,6412.6714060003,276.4516229999572,6412.6714060003,80,True,12.475300063737004,True,200,,
ee90668f-fce3-44c6-a5af-f89a40942ac1,20260316_174654,exp-vllm-public-concurrency32-stream-true,quickstart,1,16,11,How would you reduce slow requests in a model API?,vllm,Qwen/Qwen2-0.5B-Instruct,True,2026-03-16T17:51:16.688836Z,2026-03-16T17:51:23.101429Z,6412.592527000015,276.5990120005881,6412.592527000015,77,True,12.007624011005529,True,200,,
a457524c-c9b5-4a6a-a796-2f61dddf0f72,20260316_174654,exp-vllm-public-concurrency32-stream-true,quickstart,1,16,12,Why run the same test at different concurrency levels?,vllm,Qwen/Qwen2-0.5B-Instruct,True,2026-03-16T17:51:16.688984Z,2026-03-16T17:51:23.103267Z,6414.283378999244,277.03855999970983,6414.283378999244,78,True,12.160360774732338,True,200,,
d4725df2-6c56-4e56-809b-cc26a19ac729,20260316_174654,exp-vllm-public-concurrency32-stream-true,quickstart,1,16,13,Trade-off between throughput and latency in one sentence.,vllm,Qwen/Qwen2-0.5B-Instruct,True,2026-03-16T17:51:16.689129Z,2026-03-16T17:51:18.964764Z,2275.6371010000294,276.4599160000216,2275.6371010000294,27,True,11.864809194811793,True,200,,
da41b467-0646-45a5-ba9c-4fce672d4d5a,20260316_174654,exp-vllm-public-concurrency32-stream-true,quickstart,1,16,14,What should a benchmark report include to be reproducible?,vllm,Qwen/Qwen2-0.5B-Instruct,True,2026-03-16T17:51:16.689258Z,2026-03-16T17:51:23.101151Z,6411.89267000118,275.75149499898544,6411.89267000118,72,True,11.229133690409505,True,200,,
b6c136c7-b29e-4d1a-87c1-3d847f1b0bcd,20260316_174654,exp-vllm-public-concurrency32-stream-true,quickstart,1,16,15,"Draft a one-line status update: API had 5xx errors for 2 minutes, now fixed.",vllm,Qwen/Qwen2-0.5B-Instruct,True,2026-03-16T17:51:16.689385Z,2026-03-16T17:51:18.042897Z,1353.5122930006764,276.4460489997873,1353.5122930006764,12,True,8.865822691123503,True,200,,
de09efa9-1f32-4a95-90b7-b26ddd64e882,20260316_174654,exp-vllm-public-concurrency32-stream-true,quickstart,1,16,16,List four reasons response time matters for chat apps.,vllm,Qwen/Qwen2-0.5B-Instruct,True,2026-03-16T17:51:17.978720Z,2026-03-16T17:51:24.239897Z,6261.180150000655,138.25821799946425,6261.180150000655,81,True,12.936858237498809,True,200,,
9bdcd893-f3a9-440d-85a4-dab22bac68ce,20260316_174654,exp-vllm-public-concurrency32-stream-true,quickstart,1,16,17,How would you reduce slow requests in a model API?,vllm,Qwen/Qwen2-0.5B-Instruct,True,2026-03-16T17:51:18.043013Z,2026-03-16T17:51:24.311697Z,6268.684254999243,156.52853299980052,6268.684254999243,79,True,12.60232558961602,True,200,,
e29593b0-417d-4bd1-b349-560a359386d7,20260316_174654,exp-vllm-public-concurrency32-stream-true,quickstart,1,16,18,Why run the same test at different concurrency levels?,vllm,Qwen/Qwen2-0.5B-Instruct,True,2026-03-16T17:51:18.043313Z,2026-03-16T17:51:24.311383Z,6268.072291999488,155.90499300014926,6268.072291999488,81,True,12.92263334349026,True,200,,
b1e23c3b-5761-40c9-b1e5-76f32bb6ddd5,20260316_174654,exp-vllm-public-concurrency32-stream-true,quickstart,1,16,19,Trade-off between throughput and latency in one sentence.,vllm,Qwen/Qwen2-0.5B-Instruct,True,2026-03-16T17:51:18.514945Z,2026-03-16T17:51:20.572020Z,2057.0774039988464,136.55663000099594,2057.0774039988464,27,True,13.125417617982421,True,200,,
6002cedd-7b0f-4e02-9ac9-4c0bddee4fd6,20260316_174654,exp-vllm-public-concurrency32-stream-true,quickstart,1,16,20,What should a benchmark report include to be reproducible?,vllm,Qwen/Qwen2-0.5B-Instruct,True,2026-03-16T17:51:18.899218Z,2026-03-16T17:51:25.172450Z,6273.242432000188,137.29702299860946,6273.242432000188,73,True,11.636725471922238,True,200,,
ec135a30-c5f2-4986-b244-6b0b69f70add,20260316_174654,exp-vllm-public-concurrency32-stream-true,quickstart,1,16,21,"Draft a one-line status update: API had 5xx errors for 2 minutes, now fixed.",vllm,Qwen/Qwen2-0.5B-Instruct,True,2026-03-16T17:51:18.965013Z,2026-03-16T17:51:20.116566Z,1151.5559690014925,150.25189299922204,1151.5559690014925,12,True,10.42068325207426,True,200,,
08bf7cea-9548-48aa-b44d-46dbdba80809,20260316_174654,exp-vllm-public-concurrency32-stream-true,quickstart,1,16,22,List four reasons response time matters for chat apps.,vllm,Qwen/Qwen2-0.5B-Instruct,True,2026-03-16T17:51:20.116869Z,2026-03-16T17:51:26.479024Z,6362.155943999824,141.22642499933136,6362.155943999824,81,True,12.731533259003411,True,200,,
30c64c8b-ec7f-48c7-98ed-d32684d77033,20260316_174654,exp-vllm-public-concurrency32-stream-true,quickstart,1,16,23,How would you reduce slow requests in a model API?,vllm,Qwen/Qwen2-0.5B-Instruct,True,2026-03-16T17:51:20.572318Z,2026-03-16T17:51:26.975109Z,6402.793367000413,137.5545549999515,6402.793367000413,79,True,12.338364752978121,True,200,,
549b5a7c-65a4-4c0d-9ec1-405ab53522da,20260316_174654,exp-vllm-public-concurrency32-stream-true,quickstart,1,16,24,Why run the same test at different concurrency levels?,vllm,Qwen/Qwen2-0.5B-Instruct,True,2026-03-16T17:51:23.033903Z,2026-03-16T17:51:29.861056Z,6827.155656999821,145.03568700092728,6827.155656999821,78,True,11.424962886268354,True,200,,
4be27f97-891a-4264-bb43-e6924259d0e9,20260316_174654,exp-vllm-public-concurrency32-stream-true,quickstart,1,16,25,Trade-off between throughput and latency in one sentence.,vllm,Qwen/Qwen2-0.5B-Instruct,True,2026-03-16T17:51:23.100788Z,2026-03-16T17:51:25.240434Z,2139.645325998572,218.73198300090735,2139.645325998572,27,True,12.618913832085282,True,200,,
5027e8bb-7e65-4768-ba0c-936778bb056b,20260316_174654,exp-vllm-public-concurrency32-stream-true,quickstart,1,16,26,What should a benchmark report include to be reproducible?,vllm,Qwen/Qwen2-0.5B-Instruct,True,2026-03-16T17:51:23.102122Z,2026-03-16T17:51:29.928551Z,6826.430806999269,216.69216400005098,6826.430806999269,74,True,10.840218276896088,True,200,,
75a00c5e-d723-4c87-a516-96823427e22b,20260316_174654,exp-vllm-public-concurrency32-stream-true,quickstart,1,16,27,"Draft a one-line status update: API had 5xx errors for 2 minutes, now fixed.",vllm,Qwen/Qwen2-0.5B-Instruct,True,2026-03-16T17:51:23.102327Z,2026-03-16T17:51:24.240250Z,1137.9234550004185,216.83493599994108,1137.9234550004185,11,True,9.666731054415216,True,200,,
7b2e389f-6da5-4b0e-bb59-4656530b4da3,20260316_174654,exp-vllm-public-concurrency32-stream-true,quickstart,1,16,28,List four reasons response time matters for chat apps.,vllm,Qwen/Qwen2-0.5B-Instruct,True,2026-03-16T17:51:23.102492Z,2026-03-16T17:51:29.928846Z,6826.353775999451,216.41486099906615,6826.353775999451,81,True,11.865778226259705,True,200,,
276a1b88-10d1-415d-a81e-1bcd3ca781b9,20260316_174654,exp-vllm-public-concurrency32-stream-true,quickstart,1,16,29,How would you reduce slow requests in a model API?,vllm,Qwen/Qwen2-0.5B-Instruct,True,2026-03-16T17:51:23.102643Z,2026-03-16T17:51:29.928971Z,6826.327902999765,216.59460900082195,6826.327902999765,77,True,11.279856621912797,True,200,,
9de473f2-9be7-4a48-97d0-c88a523d93e1,20260316_174654,exp-vllm-public-concurrency32-stream-true,quickstart,1,16,30,Why run the same test at different concurrency levels?,vllm,Qwen/Qwen2-0.5B-Instruct,True,2026-03-16T17:51:23.102786Z,2026-03-16T17:51:29.929227Z,6826.440905000709,216.96152799995616,6826.440905000709,78,True,11.426159119441158,True,200,,
871f6d2f-566f-4a83-8ce9-2812877317c4,20260316_174654,exp-vllm-public-concurrency32-stream-true,quickstart,1,16,31,Trade-off between throughput and latency in one sentence.,vllm,Qwen/Qwen2-0.5B-Instruct,True,2026-03-16T17:51:23.102915Z,2026-03-16T17:51:25.239464Z,2136.551879999388,215.6364050006232,2136.551879999388,27,True,12.63718435894369,True,200,,
ea231262-e5e9-4795-b90f-922ad949e05d,20260316_174654,exp-vllm-public-concurrency32-stream-true,quickstart,1,16,32,What should a benchmark report include to be reproducible?,vllm,Qwen/Qwen2-0.5B-Instruct,True,2026-03-16T17:51:23.103040Z,2026-03-16T17:51:29.929094Z,6826.053413999034,216.33846999975503,6826.053413999034,73,True,10.694320066451553,True,200,,
6c959333-23e5-40bf-b9f9-7dca0668e924,20260316_174654,exp-vllm-public-concurrency32-stream-true,quickstart,1,16,33,"Draft a one-line status update: API had 5xx errors for 2 minutes, now fixed.",vllm,Qwen/Qwen2-0.5B-Instruct,True,2026-03-16T17:51:23.103765Z,2026-03-16T17:51:24.311807Z,1208.042629999909,216.05299200018635,1208.042629999909,12,True,9.933424286526133,True,200,,
aad708a0-e8bf-46e9-907f-e437619ae457,20260316_174654,exp-vllm-public-concurrency32-stream-true,quickstart,1,16,34,List four reasons response time matters for chat apps.,vllm,Qwen/Qwen2-0.5B-Instruct,True,2026-03-16T17:51:24.240370Z,2026-03-16T17:51:30.899488Z,6659.121211001548,162.302209999325,6659.121211001548,80,True,12.013597209768736,True,200,,
fe418bba-de11-46bd-8372-538229f21fb5,20260316_174654,exp-vllm-public-concurrency32-stream-true,quickstart,1,16,35,How would you reduce slow requests in a model API?,vllm,Qwen/Qwen2-0.5B-Instruct,True,2026-03-16T17:51:24.240739Z,2026-03-16T17:51:30.899965Z,6659.226547999424,162.00636099893018,6659.226547999424,79,True,11.863239586545275,True,200,,
1ff08f1a-7fbe-45cb-b297-99f1cecf6f12,20260316_174654,exp-vllm-public-concurrency32-stream-true,quickstart,1,16,36,Why run the same test at different concurrency levels?,vllm,Qwen/Qwen2-0.5B-Instruct,True,2026-03-16T17:51:24.311893Z,2026-03-16T17:51:30.952361Z,6640.4688759994315,174.72612600067805,6640.4688759994315,81,True,12.197933837587485,True,200,,
435614d7-7cc1-4205-bace-63fdeabd86d1,20260316_174654,exp-vllm-public-concurrency32-stream-true,quickstart,1,16,37,Trade-off between throughput and latency in one sentence.,vllm,Qwen/Qwen2-0.5B-Instruct,True,2026-03-16T17:51:24.312218Z,2026-03-16T17:51:26.479706Z,2167.4876979996043,174.6628380005859,2167.4876979996043,27,True,12.456818105550756,True,200,,
44bd0224-6c5d-40fe-a2f7-ed5a07504e21,20260316_174654,exp-vllm-public-concurrency32-stream-true,quickstart,1,16,38,What should a benchmark report include to be reproducible?,vllm,Qwen/Qwen2-0.5B-Instruct,True,2026-03-16T17:51:24.312374Z,2026-03-16T17:51:30.952069Z,6639.697198999784,174.11579299914592,6639.697198999784,72,True,10.843868002120068,True,200,,
b3fcea18-2de5-4e9b-ba44-6e81ceb647b8,20260316_174654,exp-vllm-public-concurrency32-stream-true,quickstart,1,16,39,"Draft a one-line status update: API had 5xx errors for 2 minutes, now fixed.",vllm,Qwen/Qwen2-0.5B-Instruct,True,2026-03-16T17:51:25.172806Z,2026-03-16T17:51:26.405417Z,1232.6145679999172,145.5369769992103,1232.6145679999172,12,True,9.735403354409167,True,200,,
42ddb6c3-01b4-454e-b13a-382d144899d5,20260316_174654,exp-vllm-public-concurrency32-stream-true,quickstart,1,16,40,List four reasons response time matters for chat apps.,vllm,Qwen/Qwen2-0.5B-Instruct,True,2026-03-16T17:51:25.239915Z,2026-03-16T17:51:31.554239Z,6314.324124999985,155.66777499952877,6314.324124999985,81,True,12.827976264205505,True,200,,
6d6228d0-52e1-4a15-9ae2-92e3dab92557,20260316_174654,exp-vllm-public-concurrency32-stream-true,quickstart,1,16,41,How would you reduce slow requests in a model API?,vllm,Qwen/Qwen2-0.5B-Instruct,True,2026-03-16T17:51:25.240649Z,2026-03-16T17:51:31.553909Z,6313.262564000979,154.32859100110363,6313.262564000979,77,True,12.19654643211954,True,200,,
bcf8e2d1-c492-40b0-ad61-89866e5b4bd4,20260316_174654,exp-vllm-public-concurrency32-stream-true,quickstart,1,16,42,Why run the same test at different concurrency levels?,vllm,Qwen/Qwen2-0.5B-Instruct,True,2026-03-16T17:51:26.405862Z,2026-03-16T17:51:32.236439Z,5830.580656000166,149.49857799911115,5830.580656000166,78,True,13.377741360927978,True,200,,
5da01424-f19d-4fd3-8953-974d8ce5afc3,20260316_174654,exp-vllm-public-concurrency32-stream-true,quickstart,1,16,43,Trade-off between throughput and latency in one sentence.,vllm,Qwen/Qwen2-0.5B-Instruct,True,2026-03-16T17:51:26.479342Z,2026-03-16T17:51:28.854908Z,2375.5699930006813,164.18776899990917,2375.5699930006813,27,True,11.365693319730468,True,200,,
b32be3a4-e45d-4256-a3bd-d5d49f1eae7a,20260316_174654,exp-vllm-public-concurrency32-stream-true,quickstart,1,16,44,What should a benchmark report include to be reproducible?,vllm,Qwen/Qwen2-0.5B-Instruct,True,2026-03-16T17:51:26.479943Z,2026-03-16T17:51:32.282474Z,5802.533195999786,163.2324410002184,5802.533195999786,73,True,12.580712170733559,True,200,,
2ccd5284-467e-48b1-a3bc-032b1ad659a1,20260316_174654,exp-vllm-public-concurrency32-stream-true,quickstart,1,16,45,"Draft a one-line status update: API had 5xx errors for 2 minutes, now fixed.",vllm,Qwen/Qwen2-0.5B-Instruct,True,2026-03-16T17:51:26.975461Z,2026-03-16T17:51:28.271875Z,1296.4180110011512,148.85156200034544,1296.4180110011512,12,True,9.256273746716209,True,200,,
1c902489-4a08-4439-a4c2-9c756448634c,20260316_174654,exp-vllm-public-concurrency32-stream-true,quickstart,1,16,46,List four reasons response time matters for chat apps.,vllm,Qwen/Qwen2-0.5B-Instruct,True,2026-03-16T17:51:28.273241Z,2026-03-16T17:51:33.233897Z,4960.65451999857,205.42411200040078,4960.65451999857,81,True,16.32849045896132,True,200,,
50bd1d01-b861-4e77-a7fa-ee8a73c58a22,20260316_174654,exp-vllm-public-concurrency32-stream-true,quickstart,1,16,47,How would you reduce slow requests in a model API?,vllm,Qwen/Qwen2-0.5B-Instruct,True,2026-03-16T17:51:28.855234Z,2026-03-16T17:51:33.496063Z,4640.831386999707,157.8073399996356,4640.831386999707,77,True,16.591854687006936,True,200,,
a6307df9-6f7b-4585-860b-a9cd3f444ba5,20260316_174654,exp-vllm-public-concurrency32-stream-true,quickstart,1,32,0,Trade-off between throughput and latency in one sentence.,vllm,Qwen/Qwen2-0.5B-Instruct,True,2026-03-16T17:51:33.497236Z,2026-03-16T17:51:37.173792Z,3676.5564220004308,124.40448100096546,3676.5564220004308,27,True,7.3438285452203615,True,200,,
ff772f6e-6f46-454e-adf1-d955fd354325,20260316_174654,exp-vllm-public-concurrency32-stream-true,quickstart,1,32,1,List four reasons response time matters for chat apps.,vllm,Qwen/Qwen2-0.5B-Instruct,True,2026-03-16T17:51:33.497640Z,2026-03-16T17:51:43.968928Z,10471.287463000408,124.07223700029135,10471.287463000408,81,True,7.735438482250446,True,200,,
bb1e1b09-5a52-4c7f-9bf4-c1bdf4ee4983,20260316_174654,exp-vllm-public-concurrency32-stream-true,quickstart,1,32,2,How would you reduce slow requests in a model API?,vllm,Qwen/Qwen2-0.5B-Instruct,True,2026-03-16T17:51:33.497807Z,2026-03-16T17:51:43.968325Z,10470.518460999301,123.63524699867412,10470.518460999301,77,True,7.353981590005349,True,200,,
f0bcd765-4b41-4fba-b91c-3727d1a08eea,20260316_174654,exp-vllm-public-concurrency32-stream-true,quickstart,1,32,3,Why run the same test at different concurrency levels?,vllm,Qwen/Qwen2-0.5B-Instruct,True,2026-03-16T17:51:33.497961Z,2026-03-16T17:51:43.967982Z,10470.023881000088,123.60815400097636,10470.023881000088,80,True,7.6408612730268635,True,200,,
51d016be-3a76-487b-b36a-eadf870471a7,20260316_174654,exp-vllm-public-concurrency32-stream-true,quickstart,1,32,4,What should a benchmark report include to be reproducible?,vllm,Qwen/Qwen2-0.5B-Instruct,True,2026-03-16T17:51:33.498112Z,2026-03-16T17:51:44.077058Z,10578.94529999976,513.2480299998861,10578.94529999976,72,True,6.8059714799736835,True,200,,
3e3ad113-5737-4539-a415-2acea88673c3,20260316_174654,exp-vllm-public-concurrency32-stream-true,quickstart,1,32,5,"Draft a one-line status update: API had 5xx errors for 2 minutes, now fixed.",vllm,Qwen/Qwen2-0.5B-Instruct,True,2026-03-16T17:51:33.498235Z,2026-03-16T17:51:35.760299Z,2262.0644199996605,511.47823499923106,2262.0644199996605,12,True,5.304888708696369,True,200,,
fe8083d0-61f2-46a1-abe1-d039cc32aabf,20260316_174654,exp-vllm-public-concurrency32-stream-true,quickstart,1,32,6,Trade-off between throughput and latency in one sentence.,vllm,Qwen/Qwen2-0.5B-Instruct,True,2026-03-16T17:51:33.498357Z,2026-03-16T17:51:37.273268Z,3774.9143309993087,511.63574699967285,3774.9143309993087,23,True,6.092853501634661,True,200,,
140802cb-a143-42d2-9fa6-508d71c2a459,20260316_174654,exp-vllm-public-concurrency32-stream-true,quickstart,1,32,7,List four reasons response time matters for chat apps.,vllm,Qwen/Qwen2-0.5B-Instruct,True,2026-03-16T17:51:33.498481Z,2026-03-16T17:51:44.076134Z,10577.65278899933,512.01352300086,10577.65278899933,80,True,7.563114577101579,True,200,,
d77235f8-350f-456c-8731-5379073c8a65,20260316_174654,exp-vllm-public-concurrency32-stream-true,quickstart,1,32,8,How would you reduce slow requests in a model API?,vllm,Qwen/Qwen2-0.5B-Instruct,True,2026-03-16T17:51:33.498632Z,2026-03-16T17:51:44.075914Z,10577.28239700009,511.522373999469,10577.28239700009,77,True,7.279752691659117,True,200,,
40433af4-af22-4a6f-a429-6136b2d461b1,20260316_174654,exp-vllm-public-concurrency32-stream-true,quickstart,1,32,9,Why run the same test at different concurrency levels?,vllm,Qwen/Qwen2-0.5B-Instruct,True,2026-03-16T17:51:33.498757Z,2026-03-16T17:51:44.076964Z,10578.206557000158,512.4666359988623,10578.206557000158,80,True,7.562718648848824,True,200,,
92182299-3056-4b68-8687-d24337c1ba56,20260316_174654,exp-vllm-public-concurrency32-stream-true,quickstart,1,32,10,What should a benchmark report include to be reproducible?,vllm,Qwen/Qwen2-0.5B-Instruct,True,2026-03-16T17:51:33.498876Z,2026-03-16T17:51:44.075080Z,10576.20558400049,510.5154909997509,10576.20558400049,70,True,6.618630797598606,True,200,,
3bf00608-fc58-4c0a-8a81-fe372e4766a0,20260316_174654,exp-vllm-public-concurrency32-stream-true,quickstart,1,32,11,"Draft a one-line status update: API had 5xx errors for 2 minutes, now fixed.",vllm,Qwen/Qwen2-0.5B-Instruct,True,2026-03-16T17:51:33.498995Z,2026-03-16T17:51:35.760006Z,2261.0136899984354,510.56961200083606,2261.0136899984354,12,True,5.307353977148322,True,200,,
52396e42-febb-436a-9310-e5850b22e025,20260316_174654,exp-vllm-public-concurrency32-stream-true,quickstart,1,32,12,Trade-off between throughput and latency in one sentence.,vllm,Qwen/Qwen2-0.5B-Instruct,True,2026-03-16T17:51:33.499477Z,2026-03-16T17:51:36.529212Z,3029.7347089999676,511.81494599950383,3029.7347089999676,18,True,5.9411142323881245,True,200,,
3ded6049-294d-4e7e-8d5c-b6c849ed786e,20260316_174654,exp-vllm-public-concurrency32-stream-true,quickstart,1,32,13,List four reasons response time matters for chat apps.,vllm,Qwen/Qwen2-0.5B-Instruct,True,2026-03-16T17:51:33.499657Z,2026-03-16T17:51:44.076666Z,10577.00862099955,511.25861600121425,10577.00862099955,80,True,7.563575190925753,True,200,,
396242fb-4ebb-4ed9-a4f0-d9c7590e1662,20260316_174654,exp-vllm-public-concurrency32-stream-true,quickstart,1,32,14,How would you reduce slow requests in a model API?,vllm,Qwen/Qwen2-0.5B-Instruct,True,2026-03-16T17:51:33.499791Z,2026-03-16T17:51:44.076526Z,10576.735443999496,511.0565030008729,10576.735443999496,78,True,7.374676280123067,True,200,,
17e9dd11-9ee1-4023-97ab-f838436f76f7,20260316_174654,exp-vllm-public-concurrency32-stream-true,quickstart,1,32,15,Why run the same test at different concurrency levels?,vllm,Qwen/Qwen2-0.5B-Instruct,True,2026-03-16T17:51:33.499920Z,2026-03-16T17:51:44.075567Z,10575.646577999578,509.8655250003503,10575.646577999578,80,True,7.564549307691813,True,200,,
5dd8c49b-c330-4fbf-9e85-8b15e74976ee,20260316_174654,exp-vllm-public-concurrency32-stream-true,quickstart,1,32,16,What should a benchmark report include to be reproducible?,vllm,Qwen/Qwen2-0.5B-Instruct,True,2026-03-16T17:51:33.500041Z,2026-03-16T17:51:44.075408Z,10575.368113000877,509.60064199898625,10575.368113000877,72,True,6.808273644062231,True,200,,
be08b089-8b4c-4317-8b0b-6cc7c600c8d0,20260316_174654,exp-vllm-public-concurrency32-stream-true,quickstart,1,32,17,"Draft a one-line status update: API had 5xx errors for 2 minutes, now fixed.",vllm,Qwen/Qwen2-0.5B-Instruct,True,2026-03-16T17:51:33.500158Z,2026-03-16T17:51:35.760635Z,2260.4775890013116,510.62297399948875,2260.4775890013116,12,True,5.308612683615081,True,200,,
c75ccf84-8b9d-4137-b65a-ec3e487c43cb,20260316_174654,exp-vllm-public-concurrency32-stream-true,quickstart,1,32,18,Trade-off between throughput and latency in one sentence.,vllm,Qwen/Qwen2-0.5B-Instruct,True,2026-03-16T17:51:33.500273Z,2026-03-16T17:51:36.526671Z,3026.4012560000992,508.8928090008267,3026.4012560000992,18,True,5.947658118471059,True,200,,
590d08c1-bb0f-4bc0-b238-06b2273843a3,20260316_174654,exp-vllm-public-concurrency32-stream-true,quickstart,1,32,19,List four reasons response time matters for chat apps.,vllm,Qwen/Qwen2-0.5B-Instruct,True,2026-03-16T17:51:33.500394Z,2026-03-16T17:51:44.075811Z,10575.416695000968,509.6852149999904,10575.416695000968,80,True,7.564713741995268,True,200,,
4e440089-2eb6-4ab6-b3f5-cae12fd4890d,20260316_174654,exp-vllm-public-concurrency32-stream-true,quickstart,1,32,20,How would you reduce slow requests in a model API?,vllm,Qwen/Qwen2-0.5B-Instruct,True,2026-03-16T17:51:33.500525Z,2026-03-16T17:51:44.075285Z,10574.760306000826,508.9466649988026,10574.760306000826,79,True,7.470618502356986,True,200,,
1ceb1cd0-6160-46a3-8d46-de49de3da7da,20260316_174654,exp-vllm-public-concurrency32-stream-true,quickstart,1,32,21,Why run the same test at different concurrency levels?,vllm,Qwen/Qwen2-0.5B-Instruct,True,2026-03-16T17:51:33.500672Z,2026-03-16T17:51:44.075685Z,10575.013050000052,509.1838270000153,10575.013050000052,80,True,7.565002484795951,True,200,,
18d5b9d6-737e-479b-ba78-dda2e2b1fe22,20260316_174654,exp-vllm-public-concurrency32-stream-true,quickstart,1,32,22,What should a benchmark report include to be reproducible?,vllm,Qwen/Qwen2-0.5B-Instruct,True,2026-03-16T17:51:33.500788Z,2026-03-16T17:51:44.073728Z,10572.942958999192,508.517872000084,10572.942958999192,72,True,6.809835282305858,True,200,,
a0a15154-0276-4179-9c3a-0e11b126b49a,20260316_174654,exp-vllm-public-concurrency32-stream-true,quickstart,1,32,23,"Draft a one-line status update: API had 5xx errors for 2 minutes, now fixed.",vllm,Qwen/Qwen2-0.5B-Instruct,True,2026-03-16T17:51:33.500905Z,2026-03-16T17:51:35.760528Z,2259.6230510007445,509.79819299936935,2259.6230510007445,12,True,5.310620280088498,True,200,,
0d19720d-819b-44ab-a4f7-212e01c390a4,20260316_174654,exp-vllm-public-concurrency32-stream-true,quickstart,1,32,24,Trade-off between throughput and latency in one sentence.,vllm,Qwen/Qwen2-0.5B-Instruct,True,2026-03-16T17:51:33.501082Z,2026-03-16T17:51:36.528314Z,3027.23277000041,509.2720350003219,3027.23277000041,18,True,5.946024428110813,True,200,,
2f475cf1-ffef-42b8-9044-be07db0ab5e9,20260316_174654,exp-vllm-public-concurrency32-stream-true,quickstart,1,32,25,List four reasons response time matters for chat apps.,vllm,Qwen/Qwen2-0.5B-Instruct,True,2026-03-16T17:51:33.501201Z,2026-03-16T17:51:44.076021Z,10574.819858999035,509.2203119984333,10574.819858999035,81,True,7.659704948171769,True,200,,
002ebeb8-214c-46a6-8c45-887db52a68b4,20260316_174654,exp-vllm-public-concurrency32-stream-true,quickstart,1,32,26,How would you reduce slow requests in a model API?,vllm,Qwen/Qwen2-0.5B-Instruct,True,2026-03-16T17:51:33.501325Z,2026-03-16T17:51:44.076237Z,10574.912436999512,509.2454519999592,10574.912436999512,78,True,7.375947599064134,True,200,,
48625bfe-1c91-419d-9a08-3dcac9a399ff,20260316_174654,exp-vllm-public-concurrency32-stream-true,quickstart,1,32,27,Why run the same test at different concurrency levels?,vllm,Qwen/Qwen2-0.5B-Instruct,True,2026-03-16T17:51:33.501456Z,2026-03-16T17:51:44.076773Z,10575.317931999962,509.62265099951765,10575.317931999962,80,True,7.564784388933329,True,200,,
a39e211e-98cd-4b99-a4f8-3af17b19cbf7,20260316_174654,exp-vllm-public-concurrency32-stream-true,quickstart,1,32,28,What should a benchmark report include to be reproducible?,vllm,Qwen/Qwen2-0.5B-Instruct,True,2026-03-16T17:51:33.501599Z,2026-03-16T17:51:44.077160Z,10575.561711999399,509.8292319999018,10575.561711999399,72,True,6.808149010024338,True,200,,
3ce93701-d218-4ee7-8db5-ca149b79c9ff,20260316_174654,exp-vllm-public-concurrency32-stream-true,quickstart,1,32,29,"Draft a one-line status update: API had 5xx errors for 2 minutes, now fixed.",vllm,Qwen/Qwen2-0.5B-Instruct,True,2026-03-16T17:51:33.501717Z,2026-03-16T17:51:35.760415Z,2258.6976309994498,508.5102580014791,2258.6976309994498,12,True,5.312796115472139,True,200,,
c8203f4e-14c3-4525-aa0a-fa81da8f0147,20260316_174654,exp-vllm-public-concurrency32-stream-true,quickstart,1,32,30,Trade-off between throughput and latency in one sentence.,vllm,Qwen/Qwen2-0.5B-Instruct,True,2026-03-16T17:51:33.501835Z,2026-03-16T17:51:36.529063Z,3027.228020999246,508.8037620007526,3027.228020999246,18,True,5.946033756009714,True,200,,
95d23dd6-fa20-4d7c-8417-2efd0ffc4c1e,20260316_174654,exp-vllm-public-concurrency32-stream-true,quickstart,1,32,31,List four reasons response time matters for chat apps.,vllm,Qwen/Qwen2-0.5B-Instruct,True,2026-03-16T17:51:33.501953Z,2026-03-16T17:51:44.076866Z,10574.91336699968,509.2029719999118,10574.91336699968,84,True,7.943327485039484,True,200,,
5251c0dd-c4e8-40b1-a115-5656caa8f154,20260316_174654,exp-vllm-public-concurrency32-stream-true,quickstart,1,32,32,How would you reduce slow requests in a model API?,vllm,Qwen/Qwen2-0.5B-Instruct,True,2026-03-16T17:51:35.760735Z,2026-03-16T17:51:45.011715Z,9250.980711000011,254.31648799894901,9250.980711000011,79,True,8.53963514441922,True,200,,
145ee98e-4902-4898-9051-1bba10581bff,20260316_174654,exp-vllm-public-concurrency32-stream-true,quickstart,1,32,33,Why run the same test at different concurrency levels?,vllm,Qwen/Qwen2-0.5B-Instruct,True,2026-03-16T17:51:35.761048Z,2026-03-16T17:51:45.011371Z,9250.32543099951,254.14327099861111,9250.32543099951,76,True,8.21592716568763,True,200,,
7b96b3b2-24e2-496b-a982-7bca0e916ba3,20260316_174654,exp-vllm-public-concurrency32-stream-true,quickstart,1,32,34,What should a benchmark report include to be reproducible?,vllm,Qwen/Qwen2-0.5B-Instruct,True,2026-03-16T17:51:35.761211Z,2026-03-16T17:51:45.011862Z,9250.651217000268,254.4078709997848,9250.651217000268,72,True,7.783235829676824,True,200,,
8092241d-0c4e-4f0f-8ed1-09851f5b5d07,20260316_174654,exp-vllm-public-concurrency32-stream-true,quickstart,1,32,35,"Draft a one-line status update: API had 5xx errors for 2 minutes, now fixed.",vllm,Qwen/Qwen2-0.5B-Instruct,True,2026-03-16T17:51:35.761367Z,2026-03-16T17:51:37.703625Z,1942.2619590004615,254.8357699997723,1942.2619590004615,12,True,6.178363296666487,True,200,,
ec223fbd-73c5-4196-96d6-6031ce8d6541,20260316_174654,exp-vllm-public-concurrency32-stream-true,quickstart,1,32,36,Trade-off between throughput and latency in one sentence.,vllm,Qwen/Qwen2-0.5B-Instruct,True,2026-03-16T17:51:35.761536Z,2026-03-16T17:51:39.175002Z,3413.468354001452,254.5831019997422,3413.468354001452,27,True,7.909843361620488,True,200,,
1b5ec108-a871-4e0f-b9dd-68801a4b437b,20260316_174654,exp-vllm-public-concurrency32-stream-true,quickstart,1,32,37,List four reasons response time matters for chat apps.,vllm,Qwen/Qwen2-0.5B-Instruct,True,2026-03-16T17:51:36.527922Z,2026-03-16T17:51:45.341317Z,8813.394499000424,238.54832200049714,8813.394499000424,84,True,9.530947469732226,True,200,,
0be195d9-69ec-4c35-a4e7-e14275dca126,20260316_174654,exp-vllm-public-concurrency32-stream-true,quickstart,1,32,38,How would you reduce slow requests in a model API?,vllm,Qwen/Qwen2-0.5B-Instruct,True,2026-03-16T17:51:36.528780Z,2026-03-16T17:51:45.341425Z,8812.644833999002,237.11973600074998,8812.644833999002,77,True,8.73744505201612,True,200,,
0ac0ae75-98d1-49ea-ba04-5950d369c986,20260316_174654,exp-vllm-public-concurrency32-stream-true,quickstart,1,32,39,Why run the same test at different concurrency levels?,vllm,Qwen/Qwen2-0.5B-Instruct,True,2026-03-16T17:51:36.529370Z,2026-03-16T17:51:45.341176Z,8811.806355999579,236.28900999938196,8811.806355999579,80,True,9.078728783631457,True,200,,
0b550535-7996-4b59-85ac-771925074bcb,20260316_174654,exp-vllm-public-concurrency32-stream-true,quickstart,1,32,40,What should a benchmark report include to be reproducible?,vllm,Qwen/Qwen2-0.5B-Instruct,True,2026-03-16T17:51:36.529568Z,2026-03-16T17:51:45.340759Z,8811.19324500105,234.78904200055695,8811.19324500105,71,True,8.057932453164751,True,200,,
c8ac9c73-3f38-4f93-914d-133660e419f7,20260316_174654,exp-vllm-public-concurrency32-stream-true,quickstart,1,32,41,"Draft a one-line status update: API had 5xx errors for 2 minutes, now fixed.",vllm,Qwen/Qwen2-0.5B-Instruct,True,2026-03-16T17:51:37.174075Z,2026-03-16T17:51:39.067839Z,1893.7662610005646,220.0896129998,1893.7662610005646,12,True,6.3365792532705925,True,200,,
46bc1f41-7503-4a35-8c5b-422c5d9c006d,20260316_174654,exp-vllm-public-concurrency32-stream-true,quickstart,1,32,42,Trade-off between throughput and latency in one sentence.,vllm,Qwen/Qwen2-0.5B-Instruct,True,2026-03-16T17:51:37.273556Z,2026-03-16T17:51:39.910176Z,2636.6230720013846,228.77292100019986,2636.6230720013846,18,True,6.826914393317782,True,200,,
0aed8df7-58cc-4dd6-8b72-d8f8e1a348cf,20260316_174654,exp-vllm-public-concurrency32-stream-true,quickstart,1,32,43,List four reasons response time matters for chat apps.,vllm,Qwen/Qwen2-0.5B-Instruct,True,2026-03-16T17:51:37.703889Z,2026-03-16T17:51:45.790235Z,8086.349474000599,216.42556200094987,8086.349474000599,80,True,9.893215752944846,True,200,,
881f029e-ce91-4f6e-92cc-e46db1439627,20260316_174654,exp-vllm-public-concurrency32-stream-true,quickstart,1,32,44,How would you reduce slow requests in a model API?,vllm,Qwen/Qwen2-0.5B-Instruct,True,2026-03-16T17:51:39.068423Z,2026-03-16T17:51:46.307158Z,7238.7372920002235,214.46405200003937,7238.7372920002235,79,True,10.913505603705994,True,200,,
910a03bb-7fb9-4024-a742-c530b2b30b04,20260316_174654,exp-vllm-public-concurrency32-stream-true,quickstart,1,32,45,Why run the same test at different concurrency levels?,vllm,Qwen/Qwen2-0.5B-Instruct,True,2026-03-16T17:51:39.175273Z,2026-03-16T17:51:46.346332Z,7171.0618090000935,219.8709090007469,7171.0618090000935,80,True,11.155949025511873,True,200,,
9a867d39-9da5-4ad0-8b0a-ff4d2d4e4c91,20260316_174654,exp-vllm-public-concurrency32-stream-true,quickstart,1,32,46,What should a benchmark report include to be reproducible?,vllm,Qwen/Qwen2-0.5B-Instruct,True,2026-03-16T17:51:39.910459Z,2026-03-16T17:51:46.607102Z,6696.646141001111,223.20588199909253,6696.646141001111,72,True,10.75165067468182,True,200,,
b388070b-accd-4a5f-bbd6-ca1cf8d928e5,20260316_174654,exp-vllm-public-concurrency32-stream-true,quickstart,1,32,47,"Draft a one-line status update: API had 5xx errors for 2 minutes, now fixed.",vllm,Qwen/Qwen2-0.5B-Instruct,True,2026-03-16T17:51:43.968472Z,2026-03-16T17:51:44.959760Z,991.2907260004431,183.15146600070875,991.2907260004431,12,True,12.105429502418886,True,200,,
