request_id,run_id,run_name,workload_label,repetition,concurrency,prompt_index,prompt,engine,model,stream,started_at,ended_at,latency_ms,ttft_ms,completion_time_ms,output_tokens,output_tokens_estimated,tokens_per_sec,success,status_code,error_type,error_message
8d82457f-d4a4-4b47-b9ad-0b4f3a378003,20260316_180650,exp-vllm-public-ctx512-stream-true,ctx-512,1,1,0,Benchmark case 12. You are analyzing inference performance. Provide concise observations on latency and throughput behavior. Segment 0: concurrency profiling prefill case_11_0. Segment 1: benchmark queueing inference case_11_1. Segment 2: regression tail tokens case_11_2. Segment 3: analysis benchmark queueing case_11_3. Segment 4: profiling model regression case_11_4. Segment 5: inference batching decode case_11_5. Segment 6: model tokens model case_11_6. Segment 7: latency analysis streaming case_11_7. Segment 8: throughput throughput scheduler case_11_8. Segment 9: queueing decode analysis case_11_9. Segment 10: scheduler concurrency tail case_11_10. Segment 11: batching inference latency case_11_11. Segment 12: prefill scheduler concurrency case_11_12. Segment 13: decode percentile batching case_11_13. Segment 14: tail regression profiling case_11_14. Segment 15: percentile latency percentile case_11_15. Segment 16: tokens prefill throughput case_11_16. Segment 17: streaming streaming benchmark case_11_17. Segment 18: concurrency profiling prefill case_11_18. Segment 19: benchmark queueing inference case_11_19. Segment 20: regression tail tokens case_11_20. Segment 21: analysis benchmark queueing case_11_21. Segment 22: profiling model regression case_11_22. Segment 23: inference batching decode case_11_23. Segment 24: model tokens model case_11_24. Segment 25: latency analysis streaming case_11_25. Segment 26: throughput throughput scheduler case_11_26. Segment 27: queueing decode analysis case_11_27. Segment 28: scheduler concurrency tail case_11_28. Segment 29: batching inference latency case_11_29. Segment 30: prefill scheduler concurrency case_11_30. Segment 31,vllm,Qwen/Qwen2-0.5B-Instruct,True,2026-03-16T18:06:50.486027Z,2026-03-16T18:06:53.833573Z,3347.5475700015522,693.5869959997945,3347.5475700015522,51,True,15.235033687654617,True,200,,
e7ea2cdb-7934-448d-b5a2-61d6e83ec8f9,20260316_180650,exp-vllm-public-ctx512-stream-true,ctx-512,1,1,1,Benchmark case 11. You are analyzing inference performance. Provide concise observations on latency and throughput behavior. Segment 0: streaming benchmark inference case_10_0. Segment 1: concurrency model tokens case_10_1. Segment 2: benchmark batching queueing case_10_2. Segment 3: regression tokens regression case_10_3. Segment 4: analysis analysis decode case_10_4. Segment 5: profiling throughput model case_10_5. Segment 6: inference decode streaming case_10_6. Segment 7: model concurrency scheduler case_10_7. Segment 8: latency inference analysis case_10_8. Segment 9: throughput scheduler tail case_10_9. Segment 10: queueing percentile latency case_10_10. Segment 11: scheduler regression concurrency case_10_11. Segment 12: batching latency batching case_10_12. Segment 13: prefill prefill profiling case_10_13. Segment 14: decode streaming percentile case_10_14. Segment 15: tail profiling throughput case_10_15. Segment 16: percentile queueing benchmark case_10_16. Segment 17: tokens tail prefill case_10_17. Segment 18: streaming benchmark inference case_10_18. Segment 19: concurrency model tokens case_10_19. Segment 20: benchmark batching queueing case_10_20. Segment 21: regression tokens regression case_10_21. Segment 22: analysis analysis decode case_10_22. Segment 23: profiling throughput model case_10_23. Segment 24: inference decode streaming case_10_24. Segment 25: model concurrency scheduler case_10_25. Segment 26: latency inference analysis case_10_26. Segment 27: throughput scheduler tail case_10_27. Segment 28: queueing percentile latency case_10_28. Segment 29: scheduler regression concurrency case_10_29. Segment 30: batching latency batching case_10_30. Segment 31: prefill,vllm,Qwen/Qwen2-0.5B-Instruct,True,2026-03-16T18:06:53.833972Z,2026-03-16T18:06:56.723377Z,2889.4079590008914,324.1641000004165,2889.4079590008914,51,True,17.650674713872853,True,200,,
c1d68fbd-8418-4750-9a52-89e97779f88b,20260316_180650,exp-vllm-public-ctx512-stream-true,ctx-512,1,1,2,Benchmark case 19. You are analyzing inference performance. Provide concise observations on latency and throughput behavior. Segment 0: latency latency latency case_18_0. Segment 1: throughput prefill concurrency case_18_1. Segment 2: queueing streaming batching case_18_2. Segment 3: scheduler profiling profiling case_18_3. Segment 4: batching queueing percentile case_18_4. Segment 5: prefill tail throughput case_18_5. Segment 6: decode benchmark benchmark case_18_6. Segment 7: tail model prefill case_18_7. Segment 8: percentile batching inference case_18_8. Segment 9: tokens tokens tokens case_18_9. Segment 10: streaming analysis queueing case_18_10. Segment 11: concurrency throughput regression case_18_11. Segment 12: benchmark decode decode case_18_12. Segment 13: regression concurrency model case_18_13. Segment 14: analysis inference streaming case_18_14. Segment 15: profiling scheduler scheduler case_18_15. Segment 16: inference percentile analysis case_18_16. Segment 17: model regression tail case_18_17. Segment 18: latency latency latency case_18_18. Segment 19: throughput prefill concurrency case_18_19. Segment 20: queueing streaming batching case_18_20. Segment 21: scheduler profiling profiling case_18_21. Segment 22: batching queueing percentile case_18_22. Segment 23: prefill tail throughput case_18_23. Segment 24: decode benchmark benchmark case_18_24. Segment 25: tail model prefill case_18_25. Segment 26: percentile batching inference case_18_26. Segment 27: tokens tokens tokens case_18_27. Segment 28: streaming analysis queueing case_18_28. Segment 29: concurrency throughput regression case_18_29. Segment 30: benchmark decode decode case_18_30. Segment 3,vllm,Qwen/Qwen2-0.5B-Instruct,True,2026-03-16T18:06:56.723677Z,2026-03-16T18:06:59.596035Z,2872.3616919996857,327.58168100008334,2872.3616919996857,27,True,9.399930404030384,True,200,,
0fe6cebb-1a71-4539-80ac-9ceb9d7c7034,20260316_180650,exp-vllm-public-ctx512-stream-true,ctx-512,1,1,3,Benchmark case 22. You are analyzing inference performance. Provide concise observations on latency and throughput behavior. Segment 0: scheduler tokens scheduler case_21_0. Segment 1: batching analysis analysis case_21_1. Segment 2: prefill throughput tail case_21_2. Segment 3: decode decode latency case_21_3. Segment 4: tail concurrency concurrency case_21_4. Segment 5: percentile inference batching case_21_5. Segment 6: tokens scheduler profiling case_21_6. Segment 7: streaming percentile percentile case_21_7. Segment 8: concurrency regression throughput case_21_8. Segment 9: benchmark latency benchmark case_21_9. Segment 10: regression prefill prefill case_21_10. Segment 11: analysis streaming inference case_21_11. Segment 12: profiling profiling tokens case_21_12. Segment 13: inference queueing queueing case_21_13. Segment 14: model tail regression case_21_14. Segment 15: latency benchmark decode case_21_15. Segment 16: throughput model model case_21_16. Segment 17: queueing batching streaming case_21_17. Segment 18: scheduler tokens scheduler case_21_18. Segment 19: batching analysis analysis case_21_19. Segment 20: prefill throughput tail case_21_20. Segment 21: decode decode latency case_21_21. Segment 22: tail concurrency concurrency case_21_22. Segment 23: percentile inference batching case_21_23. Segment 24: tokens scheduler profiling case_21_24. Segment 25: streaming percentile percentile case_21_25. Segment 26: concurrency regression throughput case_21_26. Segment 27: benchmark latency benchmark case_21_27. Segment 28: regression prefill prefill case_21_28. Segment 29: analysis streaming inference case_21_29. Segment 30: profiling profiling tokens case_21_30. Segment 31: inference,vllm,Qwen/Qwen2-0.5B-Instruct,True,2026-03-16T18:06:59.596296Z,2026-03-16T18:07:02.646764Z,3050.4710100012744,327.68361099988397,3050.4710100012744,43,True,14.09618378900183,True,200,,
3c848a2f-db65-4341-b7a8-41ae9bd76ba9,20260316_180650,exp-vllm-public-ctx512-stream-true,ctx-512,1,1,4,Benchmark case 15. You are analyzing inference performance. Provide concise observations on latency and throughput behavior. Segment 0: analysis decode percentile case_14_0. Segment 1: profiling concurrency throughput case_14_1. Segment 2: inference inference benchmark case_14_2. Segment 3: model scheduler prefill case_14_3. Segment 4: latency percentile inference case_14_4. Segment 5: throughput regression tokens case_14_5. Segment 6: queueing latency queueing case_14_6. Segment 7: scheduler prefill regression case_14_7. Segment 8: batching streaming decode case_14_8. Segment 9: prefill profiling model case_14_9. Segment 10: decode queueing streaming case_14_10. Segment 11: tail tail scheduler case_14_11. Segment 12: percentile benchmark analysis case_14_12. Segment 13: tokens model tail case_14_13. Segment 14: streaming batching latency case_14_14. Segment 15: concurrency tokens concurrency case_14_15. Segment 16: benchmark analysis batching case_14_16. Segment 17: regression throughput profiling case_14_17. Segment 18: analysis decode percentile case_14_18. Segment 19: profiling concurrency throughput case_14_19. Segment 20: inference inference benchmark case_14_20. Segment 21: model scheduler prefill case_14_21. Segment 22: latency percentile inference case_14_22. Segment 23: throughput regression tokens case_14_23. Segment 24: queueing latency queueing case_14_24. Segment 25: scheduler prefill regression case_14_25. Segment 26: batching streaming decode case_14_26. Segment 27: prefill profiling model case_14_27. Segment 28: decode queueing streaming case_14_28. Segment 29: tail tail scheduler case_14_29. Segment 30: percentile benchmark analysis case_14_30. Segment 3,vllm,Qwen/Qwen2-0.5B-Instruct,True,2026-03-16T18:07:02.647171Z,2026-03-16T18:07:05.687024Z,3039.8566740004753,289.1910479993385,3039.8566740004753,44,True,14.474366629297576,True,200,,
09847b73-0ba3-489e-8172-e3a6dceca6a1,20260316_180650,exp-vllm-public-ctx512-stream-true,ctx-512,1,1,5,Benchmark case 7. You are analyzing inference performance. Provide concise observations on latency and throughput behavior. Segment 0: decode latency decode case_6_0. Segment 1: tail prefill model case_6_1. Segment 2: percentile streaming streaming case_6_2. Segment 3: tokens profiling scheduler case_6_3. Segment 4: streaming queueing analysis case_6_4. Segment 5: concurrency tail tail case_6_5. Segment 6: benchmark benchmark latency case_6_6. Segment 7: regression model concurrency case_6_7. Segment 8: analysis batching batching case_6_8. Segment 9: profiling tokens profiling case_6_9. Segment 10: inference analysis percentile case_6_10. Segment 11: model throughput throughput case_6_11. Segment 12: latency decode benchmark case_6_12. Segment 13: throughput concurrency prefill case_6_13. Segment 14: queueing inference inference case_6_14. Segment 15: scheduler scheduler tokens case_6_15. Segment 16: batching percentile queueing case_6_16. Segment 17: prefill regression regression case_6_17. Segment 18: decode latency decode case_6_18. Segment 19: tail prefill model case_6_19. Segment 20: percentile streaming streaming case_6_20. Segment 21: tokens profiling scheduler case_6_21. Segment 22: streaming queueing analysis case_6_22. Segment 23: concurrency tail tail case_6_23. Segment 24: benchmark benchmark latency case_6_24. Segment 25: regression model concurrency case_6_25. Segment 26: analysis batching batching case_6_26. Segment 27: profiling tokens profiling case_6_27. Segment 28: inference analysis percentile case_6_28. Segment 29: model throughput throughput case_6_29. Segment 30: latency decode benchmark case_6_30. Segment 31: throughput concurrency prefill case_6_31. Segment 32: queueing inference inference case_6_32. Segment 33: scheduler scheduler,vllm,Qwen/Qwen2-0.5B-Instruct,True,2026-03-16T18:07:05.687485Z,2026-03-16T18:07:08.738791Z,3051.312792000317,330.9136940006283,3051.312792000317,46,True,15.075478371342015,True,200,,
b26d4fe3-99eb-4b55-8e12-d6527aba7f93,20260316_180650,exp-vllm-public-ctx512-stream-true,ctx-512,1,1,6,Benchmark case 20. You are analyzing inference performance. Provide concise observations on latency and throughput behavior. Segment 0: throughput scheduler tail case_19_0. Segment 1: queueing percentile latency case_19_1. Segment 2: scheduler regression concurrency case_19_2. Segment 3: batching latency batching case_19_3. Segment 4: prefill prefill profiling case_19_4. Segment 5: decode streaming percentile case_19_5. Segment 6: tail profiling throughput case_19_6. Segment 7: percentile queueing benchmark case_19_7. Segment 8: tokens tail prefill case_19_8. Segment 9: streaming benchmark inference case_19_9. Segment 10: concurrency model tokens case_19_10. Segment 11: benchmark batching queueing case_19_11. Segment 12: regression tokens regression case_19_12. Segment 13: analysis analysis decode case_19_13. Segment 14: profiling throughput model case_19_14. Segment 15: inference decode streaming case_19_15. Segment 16: model concurrency scheduler case_19_16. Segment 17: latency inference analysis case_19_17. Segment 18: throughput scheduler tail case_19_18. Segment 19: queueing percentile latency case_19_19. Segment 20: scheduler regression concurrency case_19_20. Segment 21: batching latency batching case_19_21. Segment 22: prefill prefill profiling case_19_22. Segment 23: decode streaming percentile case_19_23. Segment 24: tail profiling throughput case_19_24. Segment 25: percentile queueing benchmark case_19_25. Segment 26: tokens tail prefill case_19_26. Segment 27: streaming benchmark inference case_19_27. Segment 28: concurrency model tokens case_19_28. Segment 29: benchmark batching queueing case_19_29. Segment 30: regression tokens regression case_19_30. Segment 3,vllm,Qwen/Qwen2-0.5B-Instruct,True,2026-03-16T18:07:08.739260Z,2026-03-16T18:07:11.782668Z,3043.410706999566,323.2046150005772,3043.410706999566,48,True,15.77177864611056,True,200,,
3830566f-3809-4a13-be1b-b15fec09fdca,20260316_180650,exp-vllm-public-ctx512-stream-true,ctx-512,1,1,7,Benchmark case 5. You are analyzing inference performance. Provide concise observations on latency and throughput behavior. Segment 0: batching benchmark streaming case_4_0. Segment 1: prefill model scheduler case_4_1. Segment 2: decode batching analysis case_4_2. Segment 3: tail tokens tail case_4_3. Segment 4: percentile analysis latency case_4_4. Segment 5: tokens throughput concurrency case_4_5. Segment 6: streaming decode batching case_4_6. Segment 7: concurrency concurrency profiling case_4_7. Segment 8: benchmark inference percentile case_4_8. Segment 9: regression scheduler throughput case_4_9. Segment 10: analysis percentile benchmark case_4_10. Segment 11: profiling regression prefill case_4_11. Segment 12: inference latency inference case_4_12. Segment 13: model prefill tokens case_4_13. Segment 14: latency streaming queueing case_4_14. Segment 15: throughput profiling regression case_4_15. Segment 16: queueing queueing decode case_4_16. Segment 17: scheduler tail model case_4_17. Segment 18: batching benchmark streaming case_4_18. Segment 19: prefill model scheduler case_4_19. Segment 20: decode batching analysis case_4_20. Segment 21: tail tokens tail case_4_21. Segment 22: percentile analysis latency case_4_22. Segment 23: tokens throughput concurrency case_4_23. Segment 24: streaming decode batching case_4_24. Segment 25: concurrency concurrency profiling case_4_25. Segment 26: benchmark inference percentile case_4_26. Segment 27: regression scheduler throughput case_4_27. Segment 28: analysis percentile benchmark case_4_28. Segment 29: profiling regression prefill case_4_29. Segment 30: inference latency inference case_4_30. Segment 31: model prefill tokens case_4_31. Segment 32: latency streaming queueing case_4_32. Segment 33: throughput profiling,vllm,Qwen/Qwen2-0.5B-Instruct,True,2026-03-16T18:07:11.783196Z,2026-03-16T18:07:14.680839Z,2897.6453589984885,325.4771100000653,2897.6453589984885,46,True,15.874958561491788,True,200,,
5fa0a842-a846-4bc7-9aa3-960ed1f6135c,20260316_180650,exp-vllm-public-ctx512-stream-true,ctx-512,1,1,8,Benchmark case 9. You are analyzing inference performance. Provide concise observations on latency and throughput behavior. Segment 0: percentile decode queueing case_8_0. Segment 1: tokens concurrency regression case_8_1. Segment 2: streaming inference decode case_8_2. Segment 3: concurrency scheduler model case_8_3. Segment 4: benchmark percentile streaming case_8_4. Segment 5: regression regression scheduler case_8_5. Segment 6: analysis latency analysis case_8_6. Segment 7: profiling prefill tail case_8_7. Segment 8: inference streaming latency case_8_8. Segment 9: model profiling concurrency case_8_9. Segment 10: latency queueing batching case_8_10. Segment 11: throughput tail profiling case_8_11. Segment 12: queueing benchmark percentile case_8_12. Segment 13: scheduler model throughput case_8_13. Segment 14: batching batching benchmark case_8_14. Segment 15: prefill tokens prefill case_8_15. Segment 16: decode analysis inference case_8_16. Segment 17: tail throughput tokens case_8_17. Segment 18: percentile decode queueing case_8_18. Segment 19: tokens concurrency regression case_8_19. Segment 20: streaming inference decode case_8_20. Segment 21: concurrency scheduler model case_8_21. Segment 22: benchmark percentile streaming case_8_22. Segment 23: regression regression scheduler case_8_23. Segment 24: analysis latency analysis case_8_24. Segment 25: profiling prefill tail case_8_25. Segment 26: inference streaming latency case_8_26. Segment 27: model profiling concurrency case_8_27. Segment 28: latency queueing batching case_8_28. Segment 29: throughput tail profiling case_8_29. Segment 30: queueing benchmark percentile case_8_30. Segment 31: scheduler model throughput case_8_31. Segment 32: batching batching benchmark case_8_32. Segment 33: prefill,vllm,Qwen/Qwen2-0.5B-Instruct,True,2026-03-16T18:07:14.681514Z,2026-03-16T18:07:17.507230Z,2825.720476001152,314.57885800045915,2825.720476001152,55,True,19.46406251683954,True,200,,
e72c7ebd-49ca-4962-b6f8-ed92938b70b0,20260316_180650,exp-vllm-public-ctx512-stream-true,ctx-512,1,1,9,Benchmark case 3. You are analyzing inference performance. Provide concise observations on latency and throughput behavior. Segment 0: queueing decode analysis case_2_0. Segment 1: scheduler concurrency tail case_2_1. Segment 2: batching inference latency case_2_2. Segment 3: prefill scheduler concurrency case_2_3. Segment 4: decode percentile batching case_2_4. Segment 5: tail regression profiling case_2_5. Segment 6: percentile latency percentile case_2_6. Segment 7: tokens prefill throughput case_2_7. Segment 8: streaming streaming benchmark case_2_8. Segment 9: concurrency profiling prefill case_2_9. Segment 10: benchmark queueing inference case_2_10. Segment 11: regression tail tokens case_2_11. Segment 12: analysis benchmark queueing case_2_12. Segment 13: profiling model regression case_2_13. Segment 14: inference batching decode case_2_14. Segment 15: model tokens model case_2_15. Segment 16: latency analysis streaming case_2_16. Segment 17: throughput throughput scheduler case_2_17. Segment 18: queueing decode analysis case_2_18. Segment 19: scheduler concurrency tail case_2_19. Segment 20: batching inference latency case_2_20. Segment 21: prefill scheduler concurrency case_2_21. Segment 22: decode percentile batching case_2_22. Segment 23: tail regression profiling case_2_23. Segment 24: percentile latency percentile case_2_24. Segment 25: tokens prefill throughput case_2_25. Segment 26: streaming streaming benchmark case_2_26. Segment 27: concurrency profiling prefill case_2_27. Segment 28: benchmark queueing inference case_2_28. Segment 29: regression tail tokens case_2_29. Segment 30: analysis benchmark queueing case_2_30. Segment 31: profiling model regression case_2_31. Segment 32: inference batching decode case_2_32. Segment 33:,vllm,Qwen/Qwen2-0.5B-Instruct,True,2026-03-16T18:07:17.507577Z,2026-03-16T18:07:20.313673Z,2806.099280000126,305.98182100038684,2806.099280000126,44,True,15.680129464271138,True,200,,
d96eae10-f0c8-4163-bcae-8b80fd46bc41,20260316_180650,exp-vllm-public-ctx512-stream-true,ctx-512,1,1,10,Benchmark case 24. You are analyzing inference performance. Provide concise observations on latency and throughput behavior. Segment 0: prefill profiling model case_23_0. Segment 1: decode queueing streaming case_23_1. Segment 2: tail tail scheduler case_23_2. Segment 3: percentile benchmark analysis case_23_3. Segment 4: tokens model tail case_23_4. Segment 5: streaming batching latency case_23_5. Segment 6: concurrency tokens concurrency case_23_6. Segment 7: benchmark analysis batching case_23_7. Segment 8: regression throughput profiling case_23_8. Segment 9: analysis decode percentile case_23_9. Segment 10: profiling concurrency throughput case_23_10. Segment 11: inference inference benchmark case_23_11. Segment 12: model scheduler prefill case_23_12. Segment 13: latency percentile inference case_23_13. Segment 14: throughput regression tokens case_23_14. Segment 15: queueing latency queueing case_23_15. Segment 16: scheduler prefill regression case_23_16. Segment 17: batching streaming decode case_23_17. Segment 18: prefill profiling model case_23_18. Segment 19: decode queueing streaming case_23_19. Segment 20: tail tail scheduler case_23_20. Segment 21: percentile benchmark analysis case_23_21. Segment 22: tokens model tail case_23_22. Segment 23: streaming batching latency case_23_23. Segment 24: concurrency tokens concurrency case_23_24. Segment 25: benchmark analysis batching case_23_25. Segment 26: regression throughput profiling case_23_26. Segment 27: analysis decode percentile case_23_27. Segment 28: profiling concurrency throughput case_23_28. Segment 29: inference inference benchmark case_23_29. Segment 30: model scheduler prefill case_23_30. Segment 31: latency,vllm,Qwen/Qwen2-0.5B-Instruct,True,2026-03-16T18:07:20.313994Z,2026-03-16T18:07:23.152898Z,2838.9072919999307,308.3964159995958,2838.9072919999307,43,True,15.14667284880152,True,200,,
f1218b96-f04c-4f4b-9a95-feb694420d19,20260316_180650,exp-vllm-public-ctx512-stream-true,ctx-512,1,1,11,Benchmark case 16. You are analyzing inference performance. Provide concise observations on latency and throughput behavior. Segment 0: profiling tokens profiling case_15_0. Segment 1: inference analysis percentile case_15_1. Segment 2: model throughput throughput case_15_2. Segment 3: latency decode benchmark case_15_3. Segment 4: throughput concurrency prefill case_15_4. Segment 5: queueing inference inference case_15_5. Segment 6: scheduler scheduler tokens case_15_6. Segment 7: batching percentile queueing case_15_7. Segment 8: prefill regression regression case_15_8. Segment 9: decode latency decode case_15_9. Segment 10: tail prefill model case_15_10. Segment 11: percentile streaming streaming case_15_11. Segment 12: tokens profiling scheduler case_15_12. Segment 13: streaming queueing analysis case_15_13. Segment 14: concurrency tail tail case_15_14. Segment 15: benchmark benchmark latency case_15_15. Segment 16: regression model concurrency case_15_16. Segment 17: analysis batching batching case_15_17. Segment 18: profiling tokens profiling case_15_18. Segment 19: inference analysis percentile case_15_19. Segment 20: model throughput throughput case_15_20. Segment 21: latency decode benchmark case_15_21. Segment 22: throughput concurrency prefill case_15_22. Segment 23: queueing inference inference case_15_23. Segment 24: scheduler scheduler tokens case_15_24. Segment 25: batching percentile queueing case_15_25. Segment 26: prefill regression regression case_15_26. Segment 27: decode latency decode case_15_27. Segment 28: tail prefill model case_15_28. Segment 29: percentile streaming streaming case_15_29. Segment 30: tokens profiling scheduler case_15_30. Segment 31,vllm,Qwen/Qwen2-0.5B-Instruct,True,2026-03-16T18:07:23.153354Z,2026-03-16T18:07:26.015669Z,2862.318019999293,308.1824000000779,2862.318019999293,47,True,16.42025787197874,True,200,,
0a595610-a3ea-4f78-9b04-af179420632b,20260316_180650,exp-vllm-public-ctx512-stream-true,ctx-512,1,1,12,Benchmark case 23. You are analyzing inference performance. Provide concise observations on latency and throughput behavior. Segment 0: batching benchmark streaming case_22_0. Segment 1: prefill model scheduler case_22_1. Segment 2: decode batching analysis case_22_2. Segment 3: tail tokens tail case_22_3. Segment 4: percentile analysis latency case_22_4. Segment 5: tokens throughput concurrency case_22_5. Segment 6: streaming decode batching case_22_6. Segment 7: concurrency concurrency profiling case_22_7. Segment 8: benchmark inference percentile case_22_8. Segment 9: regression scheduler throughput case_22_9. Segment 10: analysis percentile benchmark case_22_10. Segment 11: profiling regression prefill case_22_11. Segment 12: inference latency inference case_22_12. Segment 13: model prefill tokens case_22_13. Segment 14: latency streaming queueing case_22_14. Segment 15: throughput profiling regression case_22_15. Segment 16: queueing queueing decode case_22_16. Segment 17: scheduler tail model case_22_17. Segment 18: batching benchmark streaming case_22_18. Segment 19: prefill model scheduler case_22_19. Segment 20: decode batching analysis case_22_20. Segment 21: tail tokens tail case_22_21. Segment 22: percentile analysis latency case_22_22. Segment 23: tokens throughput concurrency case_22_23. Segment 24: streaming decode batching case_22_24. Segment 25: concurrency concurrency profiling case_22_25. Segment 26: benchmark inference percentile case_22_26. Segment 27: regression scheduler throughput case_22_27. Segment 28: analysis percentile benchmark case_22_28. Segment 29: profiling regression prefill case_22_29. Segment 30: inference latency inference case_22_30. Segment 31: model pre,vllm,Qwen/Qwen2-0.5B-Instruct,True,2026-03-16T18:07:26.016130Z,2026-03-16T18:07:28.928341Z,2912.212814000668,317.1610569988843,2912.212814000668,46,True,15.795548930645372,True,200,,
3140db64-7f22-4953-aa0f-52e50f121c46,20260316_180650,exp-vllm-public-ctx512-stream-true,ctx-512,1,1,13,Benchmark case 2. You are analyzing inference performance. Provide concise observations on latency and throughput behavior. Segment 0: throughput scheduler tail case_1_0. Segment 1: queueing percentile latency case_1_1. Segment 2: scheduler regression concurrency case_1_2. Segment 3: batching latency batching case_1_3. Segment 4: prefill prefill profiling case_1_4. Segment 5: decode streaming percentile case_1_5. Segment 6: tail profiling throughput case_1_6. Segment 7: percentile queueing benchmark case_1_7. Segment 8: tokens tail prefill case_1_8. Segment 9: streaming benchmark inference case_1_9. Segment 10: concurrency model tokens case_1_10. Segment 11: benchmark batching queueing case_1_11. Segment 12: regression tokens regression case_1_12. Segment 13: analysis analysis decode case_1_13. Segment 14: profiling throughput model case_1_14. Segment 15: inference decode streaming case_1_15. Segment 16: model concurrency scheduler case_1_16. Segment 17: latency inference analysis case_1_17. Segment 18: throughput scheduler tail case_1_18. Segment 19: queueing percentile latency case_1_19. Segment 20: scheduler regression concurrency case_1_20. Segment 21: batching latency batching case_1_21. Segment 22: prefill prefill profiling case_1_22. Segment 23: decode streaming percentile case_1_23. Segment 24: tail profiling throughput case_1_24. Segment 25: percentile queueing benchmark case_1_25. Segment 26: tokens tail prefill case_1_26. Segment 27: streaming benchmark inference case_1_27. Segment 28: concurrency model tokens case_1_28. Segment 29: benchmark batching queueing case_1_29. Segment 30: regression tokens regression case_1_30. Segment 31: analysis analysis decode case_1_31. Segment 32: profiling throughput model case_1_32. Segment 33:,vllm,Qwen/Qwen2-0.5B-Instruct,True,2026-03-16T18:07:28.928794Z,2026-03-16T18:07:31.831907Z,2903.11732400005,314.6214200005488,2903.11732400005,48,True,16.53395114389086,True,200,,
7a5fa5ca-2dba-4480-8786-9ad692809d3e,20260316_180650,exp-vllm-public-ctx512-stream-true,ctx-512,1,1,14,Benchmark case 21. You are analyzing inference performance. Provide concise observations on latency and throughput behavior. Segment 0: queueing decode analysis case_20_0. Segment 1: scheduler concurrency tail case_20_1. Segment 2: batching inference latency case_20_2. Segment 3: prefill scheduler concurrency case_20_3. Segment 4: decode percentile batching case_20_4. Segment 5: tail regression profiling case_20_5. Segment 6: percentile latency percentile case_20_6. Segment 7: tokens prefill throughput case_20_7. Segment 8: streaming streaming benchmark case_20_8. Segment 9: concurrency profiling prefill case_20_9. Segment 10: benchmark queueing inference case_20_10. Segment 11: regression tail tokens case_20_11. Segment 12: analysis benchmark queueing case_20_12. Segment 13: profiling model regression case_20_13. Segment 14: inference batching decode case_20_14. Segment 15: model tokens model case_20_15. Segment 16: latency analysis streaming case_20_16. Segment 17: throughput throughput scheduler case_20_17. Segment 18: queueing decode analysis case_20_18. Segment 19: scheduler concurrency tail case_20_19. Segment 20: batching inference latency case_20_20. Segment 21: prefill scheduler concurrency case_20_21. Segment 22: decode percentile batching case_20_22. Segment 23: tail regression profiling case_20_23. Segment 24: percentile latency percentile case_20_24. Segment 25: tokens prefill throughput case_20_25. Segment 26: streaming streaming benchmark case_20_26. Segment 27: concurrency profiling prefill case_20_27. Segment 28: benchmark queueing inference case_20_28. Segment 29: regression tail tokens case_20_29. Segment 30: analysis benchmark queueing case_20_30. Segment 3,vllm,Qwen/Qwen2-0.5B-Instruct,True,2026-03-16T18:07:31.832289Z,2026-03-16T18:07:34.722953Z,2890.6677670001955,314.26206300056947,2890.6677670001955,48,True,16.605159730899214,True,200,,
a390e663-38eb-4220-bb99-964c921d4eed,20260316_180650,exp-vllm-public-ctx512-stream-true,ctx-512,1,1,15,Benchmark case 1. You are analyzing inference performance. Provide concise observations on latency and throughput behavior. Segment 0: latency latency latency case_0_0. Segment 1: throughput prefill concurrency case_0_1. Segment 2: queueing streaming batching case_0_2. Segment 3: scheduler profiling profiling case_0_3. Segment 4: batching queueing percentile case_0_4. Segment 5: prefill tail throughput case_0_5. Segment 6: decode benchmark benchmark case_0_6. Segment 7: tail model prefill case_0_7. Segment 8: percentile batching inference case_0_8. Segment 9: tokens tokens tokens case_0_9. Segment 10: streaming analysis queueing case_0_10. Segment 11: concurrency throughput regression case_0_11. Segment 12: benchmark decode decode case_0_12. Segment 13: regression concurrency model case_0_13. Segment 14: analysis inference streaming case_0_14. Segment 15: profiling scheduler scheduler case_0_15. Segment 16: inference percentile analysis case_0_16. Segment 17: model regression tail case_0_17. Segment 18: latency latency latency case_0_18. Segment 19: throughput prefill concurrency case_0_19. Segment 20: queueing streaming batching case_0_20. Segment 21: scheduler profiling profiling case_0_21. Segment 22: batching queueing percentile case_0_22. Segment 23: prefill tail throughput case_0_23. Segment 24: decode benchmark benchmark case_0_24. Segment 25: tail model prefill case_0_25. Segment 26: percentile batching inference case_0_26. Segment 27: tokens tokens tokens case_0_27. Segment 28: streaming analysis queueing case_0_28. Segment 29: concurrency throughput regression case_0_29. Segment 30: benchmark decode decode case_0_30. Segment 31: regression concurrency model case_0_31. Segment 32: analysis inference streaming case_0_32. Segment 33:,vllm,Qwen/Qwen2-0.5B-Instruct,True,2026-03-16T18:07:34.723379Z,2026-03-16T18:07:37.646785Z,2923.4090319987445,335.29780599928927,2923.4090319987445,49,True,16.76125354463263,True,200,,
a9a041d9-6fd3-467b-8e70-25ba2b8f54ea,20260316_180650,exp-vllm-public-ctx512-stream-true,ctx-512,1,1,16,Benchmark case 10. You are analyzing inference performance. Provide concise observations on latency and throughput behavior. Segment 0: tokens tokens tokens case_9_0. Segment 1: streaming analysis queueing case_9_1. Segment 2: concurrency throughput regression case_9_2. Segment 3: benchmark decode decode case_9_3. Segment 4: regression concurrency model case_9_4. Segment 5: analysis inference streaming case_9_5. Segment 6: profiling scheduler scheduler case_9_6. Segment 7: inference percentile analysis case_9_7. Segment 8: model regression tail case_9_8. Segment 9: latency latency latency case_9_9. Segment 10: throughput prefill concurrency case_9_10. Segment 11: queueing streaming batching case_9_11. Segment 12: scheduler profiling profiling case_9_12. Segment 13: batching queueing percentile case_9_13. Segment 14: prefill tail throughput case_9_14. Segment 15: decode benchmark benchmark case_9_15. Segment 16: tail model prefill case_9_16. Segment 17: percentile batching inference case_9_17. Segment 18: tokens tokens tokens case_9_18. Segment 19: streaming analysis queueing case_9_19. Segment 20: concurrency throughput regression case_9_20. Segment 21: benchmark decode decode case_9_21. Segment 22: regression concurrency model case_9_22. Segment 23: analysis inference streaming case_9_23. Segment 24: profiling scheduler scheduler case_9_24. Segment 25: inference percentile analysis case_9_25. Segment 26: model regression tail case_9_26. Segment 27: latency latency latency case_9_27. Segment 28: throughput prefill concurrency case_9_28. Segment 29: queueing streaming batching case_9_29. Segment 30: scheduler profiling profiling case_9_30. Segment 31: batching queueing percentile case_9_31. Segment 32: prefill tail throughput case_9_32. Segment 33:,vllm,Qwen/Qwen2-0.5B-Instruct,True,2026-03-16T18:07:37.647243Z,2026-03-16T18:07:40.470605Z,2823.3660360001522,308.5402910000994,2823.3660360001522,51,True,18.063545197367123,True,200,,
734332bd-1bae-4047-8e21-c649c11a2929,20260316_180650,exp-vllm-public-ctx512-stream-true,ctx-512,1,1,17,Benchmark case 8. You are analyzing inference performance. Provide concise observations on latency and throughput behavior. Segment 0: tail scheduler regression case_7_0. Segment 1: percentile percentile decode case_7_1. Segment 2: tokens regression model case_7_2. Segment 3: streaming latency streaming case_7_3. Segment 4: concurrency prefill scheduler case_7_4. Segment 5: benchmark streaming analysis case_7_5. Segment 6: regression profiling tail case_7_6. Segment 7: analysis queueing latency case_7_7. Segment 8: profiling tail concurrency case_7_8. Segment 9: inference benchmark batching case_7_9. Segment 10: model model profiling case_7_10. Segment 11: latency batching percentile case_7_11. Segment 12: throughput tokens throughput case_7_12. Segment 13: queueing analysis benchmark case_7_13. Segment 14: scheduler throughput prefill case_7_14. Segment 15: batching decode inference case_7_15. Segment 16: prefill concurrency tokens case_7_16. Segment 17: decode inference queueing case_7_17. Segment 18: tail scheduler regression case_7_18. Segment 19: percentile percentile decode case_7_19. Segment 20: tokens regression model case_7_20. Segment 21: streaming latency streaming case_7_21. Segment 22: concurrency prefill scheduler case_7_22. Segment 23: benchmark streaming analysis case_7_23. Segment 24: regression profiling tail case_7_24. Segment 25: analysis queueing latency case_7_25. Segment 26: profiling tail concurrency case_7_26. Segment 27: inference benchmark batching case_7_27. Segment 28: model model profiling case_7_28. Segment 29: latency batching percentile case_7_29. Segment 30: throughput tokens throughput case_7_30. Segment 31: queueing analysis benchmark case_7_31. Segment 32: scheduler throughput prefill case_7_32. Segment 33: batching decode,vllm,Qwen/Qwen2-0.5B-Instruct,True,2026-03-16T18:07:40.471063Z,2026-03-16T18:07:43.254630Z,2783.5689980001916,312.9696799987869,2783.5689980001916,48,True,17.244048929444464,True,200,,
f637a171-9e38-4ec9-97c8-473e4fdb6776,20260316_180650,exp-vllm-public-ctx512-stream-true,ctx-512,1,1,18,Benchmark case 13. You are analyzing inference performance. Provide concise observations on latency and throughput behavior. Segment 0: benchmark latency benchmark case_12_0. Segment 1: regression prefill prefill case_12_1. Segment 2: analysis streaming inference case_12_2. Segment 3: profiling profiling tokens case_12_3. Segment 4: inference queueing queueing case_12_4. Segment 5: model tail regression case_12_5. Segment 6: latency benchmark decode case_12_6. Segment 7: throughput model model case_12_7. Segment 8: queueing batching streaming case_12_8. Segment 9: scheduler tokens scheduler case_12_9. Segment 10: batching analysis analysis case_12_10. Segment 11: prefill throughput tail case_12_11. Segment 12: decode decode latency case_12_12. Segment 13: tail concurrency concurrency case_12_13. Segment 14: percentile inference batching case_12_14. Segment 15: tokens scheduler profiling case_12_15. Segment 16: streaming percentile percentile case_12_16. Segment 17: concurrency regression throughput case_12_17. Segment 18: benchmark latency benchmark case_12_18. Segment 19: regression prefill prefill case_12_19. Segment 20: analysis streaming inference case_12_20. Segment 21: profiling profiling tokens case_12_21. Segment 22: inference queueing queueing case_12_22. Segment 23: model tail regression case_12_23. Segment 24: latency benchmark decode case_12_24. Segment 25: throughput model model case_12_25. Segment 26: queueing batching streaming case_12_26. Segment 27: scheduler tokens scheduler case_12_27. Segment 28: batching analysis analysis case_12_28. Segment 29: prefill throughput tail case_12_29. Segment 30: decode decode latency case_12_30. Segment 3,vllm,Qwen/Qwen2-0.5B-Instruct,True,2026-03-16T18:07:43.255043Z,2026-03-16T18:07:46.048298Z,2793.2572879999498,307.4377610009833,2793.2572879999498,37,True,13.246184001364599,True,200,,
bc025f7b-bcef-4fba-982a-af42110c49df,20260316_180650,exp-vllm-public-ctx512-stream-true,ctx-512,1,1,19,Benchmark case 6. You are analyzing inference performance. Provide concise observations on latency and throughput behavior. Segment 0: prefill profiling model case_5_0. Segment 1: decode queueing streaming case_5_1. Segment 2: tail tail scheduler case_5_2. Segment 3: percentile benchmark analysis case_5_3. Segment 4: tokens model tail case_5_4. Segment 5: streaming batching latency case_5_5. Segment 6: concurrency tokens concurrency case_5_6. Segment 7: benchmark analysis batching case_5_7. Segment 8: regression throughput profiling case_5_8. Segment 9: analysis decode percentile case_5_9. Segment 10: profiling concurrency throughput case_5_10. Segment 11: inference inference benchmark case_5_11. Segment 12: model scheduler prefill case_5_12. Segment 13: latency percentile inference case_5_13. Segment 14: throughput regression tokens case_5_14. Segment 15: queueing latency queueing case_5_15. Segment 16: scheduler prefill regression case_5_16. Segment 17: batching streaming decode case_5_17. Segment 18: prefill profiling model case_5_18. Segment 19: decode queueing streaming case_5_19. Segment 20: tail tail scheduler case_5_20. Segment 21: percentile benchmark analysis case_5_21. Segment 22: tokens model tail case_5_22. Segment 23: streaming batching latency case_5_23. Segment 24: concurrency tokens concurrency case_5_24. Segment 25: benchmark analysis batching case_5_25. Segment 26: regression throughput profiling case_5_26. Segment 27: analysis decode percentile case_5_27. Segment 28: profiling concurrency throughput case_5_28. Segment 29: inference inference benchmark case_5_29. Segment 30: model scheduler prefill case_5_30. Segment 31: latency percentile inference case_5_31. Segment 32: throughput regression tokens case_5_32. Segment 33: queueing latency,vllm,Qwen/Qwen2-0.5B-Instruct,True,2026-03-16T18:07:46.048640Z,2026-03-16T18:07:48.898625Z,2849.986610999622,306.83878299896605,2849.986610999622,46,True,16.140426703220783,True,200,,
25fab29b-89fb-410d-8e74-a071956e6e75,20260316_180650,exp-vllm-public-ctx512-stream-true,ctx-512,1,1,20,Benchmark case 4. You are analyzing inference performance. Provide concise observations on latency and throughput behavior. Segment 0: scheduler tokens scheduler case_3_0. Segment 1: batching analysis analysis case_3_1. Segment 2: prefill throughput tail case_3_2. Segment 3: decode decode latency case_3_3. Segment 4: tail concurrency concurrency case_3_4. Segment 5: percentile inference batching case_3_5. Segment 6: tokens scheduler profiling case_3_6. Segment 7: streaming percentile percentile case_3_7. Segment 8: concurrency regression throughput case_3_8. Segment 9: benchmark latency benchmark case_3_9. Segment 10: regression prefill prefill case_3_10. Segment 11: analysis streaming inference case_3_11. Segment 12: profiling profiling tokens case_3_12. Segment 13: inference queueing queueing case_3_13. Segment 14: model tail regression case_3_14. Segment 15: latency benchmark decode case_3_15. Segment 16: throughput model model case_3_16. Segment 17: queueing batching streaming case_3_17. Segment 18: scheduler tokens scheduler case_3_18. Segment 19: batching analysis analysis case_3_19. Segment 20: prefill throughput tail case_3_20. Segment 21: decode decode latency case_3_21. Segment 22: tail concurrency concurrency case_3_22. Segment 23: percentile inference batching case_3_23. Segment 24: tokens scheduler profiling case_3_24. Segment 25: streaming percentile percentile case_3_25. Segment 26: concurrency regression throughput case_3_26. Segment 27: benchmark latency benchmark case_3_27. Segment 28: regression prefill prefill case_3_28. Segment 29: analysis streaming inference case_3_29. Segment 30: profiling profiling tokens case_3_30. Segment 31: inference queueing queueing case_3_31. Segment 32: model tail regression case_3_32. Segment 33: latency,vllm,Qwen/Qwen2-0.5B-Instruct,True,2026-03-16T18:07:48.898930Z,2026-03-16T18:07:51.815483Z,2916.5549780009314,322.0821419999993,2916.5549780009314,41,True,14.057681171538302,True,200,,
7e215a1c-9876-4c4d-b6e2-28a7b5a9800a,20260316_180650,exp-vllm-public-ctx512-stream-true,ctx-512,1,1,21,Benchmark case 18. You are analyzing inference performance. Provide concise observations on latency and throughput behavior. Segment 0: model profiling concurrency case_17_0. Segment 1: latency queueing batching case_17_1. Segment 2: throughput tail profiling case_17_2. Segment 3: queueing benchmark percentile case_17_3. Segment 4: scheduler model throughput case_17_4. Segment 5: batching batching benchmark case_17_5. Segment 6: prefill tokens prefill case_17_6. Segment 7: decode analysis inference case_17_7. Segment 8: tail throughput tokens case_17_8. Segment 9: percentile decode queueing case_17_9. Segment 10: tokens concurrency regression case_17_10. Segment 11: streaming inference decode case_17_11. Segment 12: concurrency scheduler model case_17_12. Segment 13: benchmark percentile streaming case_17_13. Segment 14: regression regression scheduler case_17_14. Segment 15: analysis latency analysis case_17_15. Segment 16: profiling prefill tail case_17_16. Segment 17: inference streaming latency case_17_17. Segment 18: model profiling concurrency case_17_18. Segment 19: latency queueing batching case_17_19. Segment 20: throughput tail profiling case_17_20. Segment 21: queueing benchmark percentile case_17_21. Segment 22: scheduler model throughput case_17_22. Segment 23: batching batching benchmark case_17_23. Segment 24: prefill tokens prefill case_17_24. Segment 25: decode analysis inference case_17_25. Segment 26: tail throughput tokens case_17_26. Segment 27: percentile decode queueing case_17_27. Segment 28: tokens concurrency regression case_17_28. Segment 29: streaming inference decode case_17_29. Segment 30: concurrency scheduler model case_17_30. Segment 31,vllm,Qwen/Qwen2-0.5B-Instruct,True,2026-03-16T18:07:51.815813Z,2026-03-16T18:07:54.773458Z,2957.6474229997984,315.12803999976313,2957.6474229997984,49,True,16.56722150820184,True,200,,
e72b5da2-6765-4f9b-8017-411a0ea59661,20260316_180650,exp-vllm-public-ctx512-stream-true,ctx-512,1,1,22,Benchmark case 17. You are analyzing inference performance. Provide concise observations on latency and throughput behavior. Segment 0: inference benchmark batching case_16_0. Segment 1: model model profiling case_16_1. Segment 2: latency batching percentile case_16_2. Segment 3: throughput tokens throughput case_16_3. Segment 4: queueing analysis benchmark case_16_4. Segment 5: scheduler throughput prefill case_16_5. Segment 6: batching decode inference case_16_6. Segment 7: prefill concurrency tokens case_16_7. Segment 8: decode inference queueing case_16_8. Segment 9: tail scheduler regression case_16_9. Segment 10: percentile percentile decode case_16_10. Segment 11: tokens regression model case_16_11. Segment 12: streaming latency streaming case_16_12. Segment 13: concurrency prefill scheduler case_16_13. Segment 14: benchmark streaming analysis case_16_14. Segment 15: regression profiling tail case_16_15. Segment 16: analysis queueing latency case_16_16. Segment 17: profiling tail concurrency case_16_17. Segment 18: inference benchmark batching case_16_18. Segment 19: model model profiling case_16_19. Segment 20: latency batching percentile case_16_20. Segment 21: throughput tokens throughput case_16_21. Segment 22: queueing analysis benchmark case_16_22. Segment 23: scheduler throughput prefill case_16_23. Segment 24: batching decode inference case_16_24. Segment 25: prefill concurrency tokens case_16_25. Segment 26: decode inference queueing case_16_26. Segment 27: tail scheduler regression case_16_27. Segment 28: percentile percentile decode case_16_28. Segment 29: tokens regression model case_16_29. Segment 30: streaming latency streaming case_16_30. Segment 31:,vllm,Qwen/Qwen2-0.5B-Instruct,True,2026-03-16T18:07:54.773749Z,2026-03-16T18:07:57.748155Z,2974.408955000399,316.6645029996289,2974.408955000399,50,True,16.810062354049524,True,200,,
d0739c2a-7a28-47f7-9069-07a0e83e13f4,20260316_180650,exp-vllm-public-ctx512-stream-true,ctx-512,1,1,23,Benchmark case 14. You are analyzing inference performance. Provide concise observations on latency and throughput behavior. Segment 0: regression scheduler throughput case_13_0. Segment 1: analysis percentile benchmark case_13_1. Segment 2: profiling regression prefill case_13_2. Segment 3: inference latency inference case_13_3. Segment 4: model prefill tokens case_13_4. Segment 5: latency streaming queueing case_13_5. Segment 6: throughput profiling regression case_13_6. Segment 7: queueing queueing decode case_13_7. Segment 8: scheduler tail model case_13_8. Segment 9: batching benchmark streaming case_13_9. Segment 10: prefill model scheduler case_13_10. Segment 11: decode batching analysis case_13_11. Segment 12: tail tokens tail case_13_12. Segment 13: percentile analysis latency case_13_13. Segment 14: tokens throughput concurrency case_13_14. Segment 15: streaming decode batching case_13_15. Segment 16: concurrency concurrency profiling case_13_16. Segment 17: benchmark inference percentile case_13_17. Segment 18: regression scheduler throughput case_13_18. Segment 19: analysis percentile benchmark case_13_19. Segment 20: profiling regression prefill case_13_20. Segment 21: inference latency inference case_13_21. Segment 22: model prefill tokens case_13_22. Segment 23: latency streaming queueing case_13_23. Segment 24: throughput profiling regression case_13_24. Segment 25: queueing queueing decode case_13_25. Segment 26: scheduler tail model case_13_26. Segment 27: batching benchmark streaming case_13_27. Segment 28: prefill model scheduler case_13_28. Segment 29: decode batching analysis case_13_29. Segment 30: tail tokens tail case_13_30. Segment 3,vllm,Qwen/Qwen2-0.5B-Instruct,True,2026-03-16T18:07:57.748577Z,2026-03-16T18:08:00.642057Z,2893.4827060002135,313.9760779995413,2893.4827060002135,37,True,12.78735826665669,True,200,,
291e2c13-1b12-429a-b63e-c1c1e81d10c4,20260316_180650,exp-vllm-public-ctx512-stream-true,ctx-512,1,2,0,Benchmark case 21. You are analyzing inference performance. Provide concise observations on latency and throughput behavior. Segment 0: queueing decode analysis case_20_0. Segment 1: scheduler concurrency tail case_20_1. Segment 2: batching inference latency case_20_2. Segment 3: prefill scheduler concurrency case_20_3. Segment 4: decode percentile batching case_20_4. Segment 5: tail regression profiling case_20_5. Segment 6: percentile latency percentile case_20_6. Segment 7: tokens prefill throughput case_20_7. Segment 8: streaming streaming benchmark case_20_8. Segment 9: concurrency profiling prefill case_20_9. Segment 10: benchmark queueing inference case_20_10. Segment 11: regression tail tokens case_20_11. Segment 12: analysis benchmark queueing case_20_12. Segment 13: profiling model regression case_20_13. Segment 14: inference batching decode case_20_14. Segment 15: model tokens model case_20_15. Segment 16: latency analysis streaming case_20_16. Segment 17: throughput throughput scheduler case_20_17. Segment 18: queueing decode analysis case_20_18. Segment 19: scheduler concurrency tail case_20_19. Segment 20: batching inference latency case_20_20. Segment 21: prefill scheduler concurrency case_20_21. Segment 22: decode percentile batching case_20_22. Segment 23: tail regression profiling case_20_23. Segment 24: percentile latency percentile case_20_24. Segment 25: tokens prefill throughput case_20_25. Segment 26: streaming streaming benchmark case_20_26. Segment 27: concurrency profiling prefill case_20_27. Segment 28: benchmark queueing inference case_20_28. Segment 29: regression tail tokens case_20_29. Segment 30: analysis benchmark queueing case_20_30. Segment 3,vllm,Qwen/Qwen2-0.5B-Instruct,True,2026-03-16T18:08:00.643989Z,2026-03-16T18:08:03.403579Z,2759.5900959986466,89.35132999977213,2759.5900959986466,49,True,17.756260276136327,True,200,,
1e965f70-7b2b-4be7-836f-8adaaf33827f,20260316_180650,exp-vllm-public-ctx512-stream-true,ctx-512,1,2,1,Benchmark case 4. You are analyzing inference performance. Provide concise observations on latency and throughput behavior. Segment 0: scheduler tokens scheduler case_3_0. Segment 1: batching analysis analysis case_3_1. Segment 2: prefill throughput tail case_3_2. Segment 3: decode decode latency case_3_3. Segment 4: tail concurrency concurrency case_3_4. Segment 5: percentile inference batching case_3_5. Segment 6: tokens scheduler profiling case_3_6. Segment 7: streaming percentile percentile case_3_7. Segment 8: concurrency regression throughput case_3_8. Segment 9: benchmark latency benchmark case_3_9. Segment 10: regression prefill prefill case_3_10. Segment 11: analysis streaming inference case_3_11. Segment 12: profiling profiling tokens case_3_12. Segment 13: inference queueing queueing case_3_13. Segment 14: model tail regression case_3_14. Segment 15: latency benchmark decode case_3_15. Segment 16: throughput model model case_3_16. Segment 17: queueing batching streaming case_3_17. Segment 18: scheduler tokens scheduler case_3_18. Segment 19: batching analysis analysis case_3_19. Segment 20: prefill throughput tail case_3_20. Segment 21: decode decode latency case_3_21. Segment 22: tail concurrency concurrency case_3_22. Segment 23: percentile inference batching case_3_23. Segment 24: tokens scheduler profiling case_3_24. Segment 25: streaming percentile percentile case_3_25. Segment 26: concurrency regression throughput case_3_26. Segment 27: benchmark latency benchmark case_3_27. Segment 28: regression prefill prefill case_3_28. Segment 29: analysis streaming inference case_3_29. Segment 30: profiling profiling tokens case_3_30. Segment 31: inference queueing queueing case_3_31. Segment 32: model tail regression case_3_32. Segment 33: latency,vllm,Qwen/Qwen2-0.5B-Instruct,True,2026-03-16T18:08:00.644550Z,2026-03-16T18:08:03.404435Z,2759.8847070003103,88.92378400014422,2759.8847070003103,41,True,14.855693028047707,True,200,,
385896b7-541b-4223-8bf1-cabc61a96fa7,20260316_180650,exp-vllm-public-ctx512-stream-true,ctx-512,1,2,2,Benchmark case 6. You are analyzing inference performance. Provide concise observations on latency and throughput behavior. Segment 0: prefill profiling model case_5_0. Segment 1: decode queueing streaming case_5_1. Segment 2: tail tail scheduler case_5_2. Segment 3: percentile benchmark analysis case_5_3. Segment 4: tokens model tail case_5_4. Segment 5: streaming batching latency case_5_5. Segment 6: concurrency tokens concurrency case_5_6. Segment 7: benchmark analysis batching case_5_7. Segment 8: regression throughput profiling case_5_8. Segment 9: analysis decode percentile case_5_9. Segment 10: profiling concurrency throughput case_5_10. Segment 11: inference inference benchmark case_5_11. Segment 12: model scheduler prefill case_5_12. Segment 13: latency percentile inference case_5_13. Segment 14: throughput regression tokens case_5_14. Segment 15: queueing latency queueing case_5_15. Segment 16: scheduler prefill regression case_5_16. Segment 17: batching streaming decode case_5_17. Segment 18: prefill profiling model case_5_18. Segment 19: decode queueing streaming case_5_19. Segment 20: tail tail scheduler case_5_20. Segment 21: percentile benchmark analysis case_5_21. Segment 22: tokens model tail case_5_22. Segment 23: streaming batching latency case_5_23. Segment 24: concurrency tokens concurrency case_5_24. Segment 25: benchmark analysis batching case_5_25. Segment 26: regression throughput profiling case_5_26. Segment 27: analysis decode percentile case_5_27. Segment 28: profiling concurrency throughput case_5_28. Segment 29: inference inference benchmark case_5_29. Segment 30: model scheduler prefill case_5_30. Segment 31: latency percentile inference case_5_31. Segment 32: throughput regression tokens case_5_32. Segment 33: queueing latency,vllm,Qwen/Qwen2-0.5B-Instruct,True,2026-03-16T18:08:03.403998Z,2026-03-16T18:08:06.114013Z,2710.015155000292,90.53844700065383,2710.015155000292,46,True,16.974074818410028,True,200,,
c311a15a-a236-45cd-b9fb-fd5f33781500,20260316_180650,exp-vllm-public-ctx512-stream-true,ctx-512,1,2,3,Benchmark case 19. You are analyzing inference performance. Provide concise observations on latency and throughput behavior. Segment 0: latency latency latency case_18_0. Segment 1: throughput prefill concurrency case_18_1. Segment 2: queueing streaming batching case_18_2. Segment 3: scheduler profiling profiling case_18_3. Segment 4: batching queueing percentile case_18_4. Segment 5: prefill tail throughput case_18_5. Segment 6: decode benchmark benchmark case_18_6. Segment 7: tail model prefill case_18_7. Segment 8: percentile batching inference case_18_8. Segment 9: tokens tokens tokens case_18_9. Segment 10: streaming analysis queueing case_18_10. Segment 11: concurrency throughput regression case_18_11. Segment 12: benchmark decode decode case_18_12. Segment 13: regression concurrency model case_18_13. Segment 14: analysis inference streaming case_18_14. Segment 15: profiling scheduler scheduler case_18_15. Segment 16: inference percentile analysis case_18_16. Segment 17: model regression tail case_18_17. Segment 18: latency latency latency case_18_18. Segment 19: throughput prefill concurrency case_18_19. Segment 20: queueing streaming batching case_18_20. Segment 21: scheduler profiling profiling case_18_21. Segment 22: batching queueing percentile case_18_22. Segment 23: prefill tail throughput case_18_23. Segment 24: decode benchmark benchmark case_18_24. Segment 25: tail model prefill case_18_25. Segment 26: percentile batching inference case_18_26. Segment 27: tokens tokens tokens case_18_27. Segment 28: streaming analysis queueing case_18_28. Segment 29: concurrency throughput regression case_18_29. Segment 30: benchmark decode decode case_18_30. Segment 3,vllm,Qwen/Qwen2-0.5B-Instruct,True,2026-03-16T18:08:03.404758Z,2026-03-16T18:08:06.113273Z,2708.516884000346,89.62128500024846,2708.516884000346,27,True,9.968555174787143,True,200,,
52f1b556-e21d-410e-99d1-82e6ca089f4e,20260316_180650,exp-vllm-public-ctx512-stream-true,ctx-512,1,2,4,Benchmark case 7. You are analyzing inference performance. Provide concise observations on latency and throughput behavior. Segment 0: decode latency decode case_6_0. Segment 1: tail prefill model case_6_1. Segment 2: percentile streaming streaming case_6_2. Segment 3: tokens profiling scheduler case_6_3. Segment 4: streaming queueing analysis case_6_4. Segment 5: concurrency tail tail case_6_5. Segment 6: benchmark benchmark latency case_6_6. Segment 7: regression model concurrency case_6_7. Segment 8: analysis batching batching case_6_8. Segment 9: profiling tokens profiling case_6_9. Segment 10: inference analysis percentile case_6_10. Segment 11: model throughput throughput case_6_11. Segment 12: latency decode benchmark case_6_12. Segment 13: throughput concurrency prefill case_6_13. Segment 14: queueing inference inference case_6_14. Segment 15: scheduler scheduler tokens case_6_15. Segment 16: batching percentile queueing case_6_16. Segment 17: prefill regression regression case_6_17. Segment 18: decode latency decode case_6_18. Segment 19: tail prefill model case_6_19. Segment 20: percentile streaming streaming case_6_20. Segment 21: tokens profiling scheduler case_6_21. Segment 22: streaming queueing analysis case_6_22. Segment 23: concurrency tail tail case_6_23. Segment 24: benchmark benchmark latency case_6_24. Segment 25: regression model concurrency case_6_25. Segment 26: analysis batching batching case_6_26. Segment 27: profiling tokens profiling case_6_27. Segment 28: inference analysis percentile case_6_28. Segment 29: model throughput throughput case_6_29. Segment 30: latency decode benchmark case_6_30. Segment 31: throughput concurrency prefill case_6_31. Segment 32: queueing inference inference case_6_32. Segment 33: scheduler scheduler,vllm,Qwen/Qwen2-0.5B-Instruct,True,2026-03-16T18:08:06.113644Z,2026-03-16T18:08:08.823714Z,2710.07029500106,92.56138100136013,2710.07029500106,46,True,16.973729458180717,True,200,,
aec2bda1-577d-43ad-a1d8-3e27d6dccb59,20260316_180650,exp-vllm-public-ctx512-stream-true,ctx-512,1,2,5,Benchmark case 22. You are analyzing inference performance. Provide concise observations on latency and throughput behavior. Segment 0: scheduler tokens scheduler case_21_0. Segment 1: batching analysis analysis case_21_1. Segment 2: prefill throughput tail case_21_2. Segment 3: decode decode latency case_21_3. Segment 4: tail concurrency concurrency case_21_4. Segment 5: percentile inference batching case_21_5. Segment 6: tokens scheduler profiling case_21_6. Segment 7: streaming percentile percentile case_21_7. Segment 8: concurrency regression throughput case_21_8. Segment 9: benchmark latency benchmark case_21_9. Segment 10: regression prefill prefill case_21_10. Segment 11: analysis streaming inference case_21_11. Segment 12: profiling profiling tokens case_21_12. Segment 13: inference queueing queueing case_21_13. Segment 14: model tail regression case_21_14. Segment 15: latency benchmark decode case_21_15. Segment 16: throughput model model case_21_16. Segment 17: queueing batching streaming case_21_17. Segment 18: scheduler tokens scheduler case_21_18. Segment 19: batching analysis analysis case_21_19. Segment 20: prefill throughput tail case_21_20. Segment 21: decode decode latency case_21_21. Segment 22: tail concurrency concurrency case_21_22. Segment 23: percentile inference batching case_21_23. Segment 24: tokens scheduler profiling case_21_24. Segment 25: streaming percentile percentile case_21_25. Segment 26: concurrency regression throughput case_21_26. Segment 27: benchmark latency benchmark case_21_27. Segment 28: regression prefill prefill case_21_28. Segment 29: analysis streaming inference case_21_29. Segment 30: profiling profiling tokens case_21_30. Segment 31: inference,vllm,Qwen/Qwen2-0.5B-Instruct,True,2026-03-16T18:08:06.114310Z,2026-03-16T18:08:08.822977Z,2708.670507001443,91.76456200111716,2708.670507001443,46,True,16.982501149954555,True,200,,
bd201ca3-1d1a-4b0e-bcf6-3d7d613b7f7d,20260316_180650,exp-vllm-public-ctx512-stream-true,ctx-512,1,2,6,Benchmark case 15. You are analyzing inference performance. Provide concise observations on latency and throughput behavior. Segment 0: analysis decode percentile case_14_0. Segment 1: profiling concurrency throughput case_14_1. Segment 2: inference inference benchmark case_14_2. Segment 3: model scheduler prefill case_14_3. Segment 4: latency percentile inference case_14_4. Segment 5: throughput regression tokens case_14_5. Segment 6: queueing latency queueing case_14_6. Segment 7: scheduler prefill regression case_14_7. Segment 8: batching streaming decode case_14_8. Segment 9: prefill profiling model case_14_9. Segment 10: decode queueing streaming case_14_10. Segment 11: tail tail scheduler case_14_11. Segment 12: percentile benchmark analysis case_14_12. Segment 13: tokens model tail case_14_13. Segment 14: streaming batching latency case_14_14. Segment 15: concurrency tokens concurrency case_14_15. Segment 16: benchmark analysis batching case_14_16. Segment 17: regression throughput profiling case_14_17. Segment 18: analysis decode percentile case_14_18. Segment 19: profiling concurrency throughput case_14_19. Segment 20: inference inference benchmark case_14_20. Segment 21: model scheduler prefill case_14_21. Segment 22: latency percentile inference case_14_22. Segment 23: throughput regression tokens case_14_23. Segment 24: queueing latency queueing case_14_24. Segment 25: scheduler prefill regression case_14_25. Segment 26: batching streaming decode case_14_26. Segment 27: prefill profiling model case_14_27. Segment 28: decode queueing streaming case_14_28. Segment 29: tail tail scheduler case_14_29. Segment 30: percentile benchmark analysis case_14_30. Segment 3,vllm,Qwen/Qwen2-0.5B-Instruct,True,2026-03-16T18:08:08.823323Z,2026-03-16T18:08:11.513919Z,2690.5952919987612,89.48762399995758,2690.5952919987612,44,True,16.353258377745,True,200,,
bcde0110-20b8-4b4b-91cb-294f04dd32a1,20260316_180650,exp-vllm-public-ctx512-stream-true,ctx-512,1,2,7,Benchmark case 18. You are analyzing inference performance. Provide concise observations on latency and throughput behavior. Segment 0: model profiling concurrency case_17_0. Segment 1: latency queueing batching case_17_1. Segment 2: throughput tail profiling case_17_2. Segment 3: queueing benchmark percentile case_17_3. Segment 4: scheduler model throughput case_17_4. Segment 5: batching batching benchmark case_17_5. Segment 6: prefill tokens prefill case_17_6. Segment 7: decode analysis inference case_17_7. Segment 8: tail throughput tokens case_17_8. Segment 9: percentile decode queueing case_17_9. Segment 10: tokens concurrency regression case_17_10. Segment 11: streaming inference decode case_17_11. Segment 12: concurrency scheduler model case_17_12. Segment 13: benchmark percentile streaming case_17_13. Segment 14: regression regression scheduler case_17_14. Segment 15: analysis latency analysis case_17_15. Segment 16: profiling prefill tail case_17_16. Segment 17: inference streaming latency case_17_17. Segment 18: model profiling concurrency case_17_18. Segment 19: latency queueing batching case_17_19. Segment 20: throughput tail profiling case_17_20. Segment 21: queueing benchmark percentile case_17_21. Segment 22: scheduler model throughput case_17_22. Segment 23: batching batching benchmark case_17_23. Segment 24: prefill tokens prefill case_17_24. Segment 25: decode analysis inference case_17_25. Segment 26: tail throughput tokens case_17_26. Segment 27: percentile decode queueing case_17_27. Segment 28: tokens concurrency regression case_17_28. Segment 29: streaming inference decode case_17_29. Segment 30: concurrency scheduler model case_17_30. Segment 31,vllm,Qwen/Qwen2-0.5B-Instruct,True,2026-03-16T18:08:08.823988Z,2026-03-16T18:08:11.513160Z,2689.174955001363,88.68093299861357,2689.174955001363,47,True,17.47747944498322,True,200,,
503302ce-35eb-400d-aad7-b29b381b1988,20260316_180650,exp-vllm-public-ctx512-stream-true,ctx-512,1,2,8,Benchmark case 23. You are analyzing inference performance. Provide concise observations on latency and throughput behavior. Segment 0: batching benchmark streaming case_22_0. Segment 1: prefill model scheduler case_22_1. Segment 2: decode batching analysis case_22_2. Segment 3: tail tokens tail case_22_3. Segment 4: percentile analysis latency case_22_4. Segment 5: tokens throughput concurrency case_22_5. Segment 6: streaming decode batching case_22_6. Segment 7: concurrency concurrency profiling case_22_7. Segment 8: benchmark inference percentile case_22_8. Segment 9: regression scheduler throughput case_22_9. Segment 10: analysis percentile benchmark case_22_10. Segment 11: profiling regression prefill case_22_11. Segment 12: inference latency inference case_22_12. Segment 13: model prefill tokens case_22_13. Segment 14: latency streaming queueing case_22_14. Segment 15: throughput profiling regression case_22_15. Segment 16: queueing queueing decode case_22_16. Segment 17: scheduler tail model case_22_17. Segment 18: batching benchmark streaming case_22_18. Segment 19: prefill model scheduler case_22_19. Segment 20: decode batching analysis case_22_20. Segment 21: tail tokens tail case_22_21. Segment 22: percentile analysis latency case_22_22. Segment 23: tokens throughput concurrency case_22_23. Segment 24: streaming decode batching case_22_24. Segment 25: concurrency concurrency profiling case_22_25. Segment 26: benchmark inference percentile case_22_26. Segment 27: regression scheduler throughput case_22_27. Segment 28: analysis percentile benchmark case_22_28. Segment 29: profiling regression prefill case_22_29. Segment 30: inference latency inference case_22_30. Segment 31: model pre,vllm,Qwen/Qwen2-0.5B-Instruct,True,2026-03-16T18:08:11.513556Z,2026-03-16T18:08:14.306594Z,2793.0382790000294,93.07292800076539,2793.0382790000294,46,True,16.469520072767867,True,200,,
63786ba4-5a0d-4931-9694-4efff4d8d308,20260316_180650,exp-vllm-public-ctx512-stream-true,ctx-512,1,2,9,Benchmark case 12. You are analyzing inference performance. Provide concise observations on latency and throughput behavior. Segment 0: concurrency profiling prefill case_11_0. Segment 1: benchmark queueing inference case_11_1. Segment 2: regression tail tokens case_11_2. Segment 3: analysis benchmark queueing case_11_3. Segment 4: profiling model regression case_11_4. Segment 5: inference batching decode case_11_5. Segment 6: model tokens model case_11_6. Segment 7: latency analysis streaming case_11_7. Segment 8: throughput throughput scheduler case_11_8. Segment 9: queueing decode analysis case_11_9. Segment 10: scheduler concurrency tail case_11_10. Segment 11: batching inference latency case_11_11. Segment 12: prefill scheduler concurrency case_11_12. Segment 13: decode percentile batching case_11_13. Segment 14: tail regression profiling case_11_14. Segment 15: percentile latency percentile case_11_15. Segment 16: tokens prefill throughput case_11_16. Segment 17: streaming streaming benchmark case_11_17. Segment 18: concurrency profiling prefill case_11_18. Segment 19: benchmark queueing inference case_11_19. Segment 20: regression tail tokens case_11_20. Segment 21: analysis benchmark queueing case_11_21. Segment 22: profiling model regression case_11_22. Segment 23: inference batching decode case_11_23. Segment 24: model tokens model case_11_24. Segment 25: latency analysis streaming case_11_25. Segment 26: throughput throughput scheduler case_11_26. Segment 27: queueing decode analysis case_11_27. Segment 28: scheduler concurrency tail case_11_28. Segment 29: batching inference latency case_11_29. Segment 30: prefill scheduler concurrency case_11_30. Segment 31,vllm,Qwen/Qwen2-0.5B-Instruct,True,2026-03-16T18:08:11.514189Z,2026-03-16T18:08:14.306268Z,2792.0807910013536,92.32151500145847,2792.0807910013536,55,True,19.698570391394284,True,200,,
12af3ab5-06e0-4995-bccf-c83e7594b52e,20260316_180650,exp-vllm-public-ctx512-stream-true,ctx-512,1,2,10,Benchmark case 13. You are analyzing inference performance. Provide concise observations on latency and throughput behavior. Segment 0: benchmark latency benchmark case_12_0. Segment 1: regression prefill prefill case_12_1. Segment 2: analysis streaming inference case_12_2. Segment 3: profiling profiling tokens case_12_3. Segment 4: inference queueing queueing case_12_4. Segment 5: model tail regression case_12_5. Segment 6: latency benchmark decode case_12_6. Segment 7: throughput model model case_12_7. Segment 8: queueing batching streaming case_12_8. Segment 9: scheduler tokens scheduler case_12_9. Segment 10: batching analysis analysis case_12_10. Segment 11: prefill throughput tail case_12_11. Segment 12: decode decode latency case_12_12. Segment 13: tail concurrency concurrency case_12_13. Segment 14: percentile inference batching case_12_14. Segment 15: tokens scheduler profiling case_12_15. Segment 16: streaming percentile percentile case_12_16. Segment 17: concurrency regression throughput case_12_17. Segment 18: benchmark latency benchmark case_12_18. Segment 19: regression prefill prefill case_12_19. Segment 20: analysis streaming inference case_12_20. Segment 21: profiling profiling tokens case_12_21. Segment 22: inference queueing queueing case_12_22. Segment 23: model tail regression case_12_23. Segment 24: latency benchmark decode case_12_24. Segment 25: throughput model model case_12_25. Segment 26: queueing batching streaming case_12_26. Segment 27: scheduler tokens scheduler case_12_27. Segment 28: batching analysis analysis case_12_28. Segment 29: prefill throughput tail case_12_29. Segment 30: decode decode latency case_12_30. Segment 3,vllm,Qwen/Qwen2-0.5B-Instruct,True,2026-03-16T18:08:14.306707Z,2026-03-16T18:08:16.974964Z,2668.2596179998654,90.12751900081639,2668.2596179998654,54,True,20.237910747410158,True,200,,
eaf01a84-0b9c-45a5-8cb2-caeff913f6b0,20260316_180650,exp-vllm-public-ctx512-stream-true,ctx-512,1,2,11,Benchmark case 5. You are analyzing inference performance. Provide concise observations on latency and throughput behavior. Segment 0: batching benchmark streaming case_4_0. Segment 1: prefill model scheduler case_4_1. Segment 2: decode batching analysis case_4_2. Segment 3: tail tokens tail case_4_3. Segment 4: percentile analysis latency case_4_4. Segment 5: tokens throughput concurrency case_4_5. Segment 6: streaming decode batching case_4_6. Segment 7: concurrency concurrency profiling case_4_7. Segment 8: benchmark inference percentile case_4_8. Segment 9: regression scheduler throughput case_4_9. Segment 10: analysis percentile benchmark case_4_10. Segment 11: profiling regression prefill case_4_11. Segment 12: inference latency inference case_4_12. Segment 13: model prefill tokens case_4_13. Segment 14: latency streaming queueing case_4_14. Segment 15: throughput profiling regression case_4_15. Segment 16: queueing queueing decode case_4_16. Segment 17: scheduler tail model case_4_17. Segment 18: batching benchmark streaming case_4_18. Segment 19: prefill model scheduler case_4_19. Segment 20: decode batching analysis case_4_20. Segment 21: tail tokens tail case_4_21. Segment 22: percentile analysis latency case_4_22. Segment 23: tokens throughput concurrency case_4_23. Segment 24: streaming decode batching case_4_24. Segment 25: concurrency concurrency profiling case_4_25. Segment 26: benchmark inference percentile case_4_26. Segment 27: regression scheduler throughput case_4_27. Segment 28: analysis percentile benchmark case_4_28. Segment 29: profiling regression prefill case_4_29. Segment 30: inference latency inference case_4_30. Segment 31: model prefill tokens case_4_31. Segment 32: latency streaming queueing case_4_32. Segment 33: throughput profiling,vllm,Qwen/Qwen2-0.5B-Instruct,True,2026-03-16T18:08:14.307006Z,2026-03-16T18:08:16.976021Z,2669.0151060010976,89.94832600001246,2669.0151060010976,44,True,16.485481817269978,True,200,,
9d8cdce5-6b7e-4513-8bbd-90cdcee1b9db,20260316_180650,exp-vllm-public-ctx512-stream-true,ctx-512,1,2,12,Benchmark case 2. You are analyzing inference performance. Provide concise observations on latency and throughput behavior. Segment 0: throughput scheduler tail case_1_0. Segment 1: queueing percentile latency case_1_1. Segment 2: scheduler regression concurrency case_1_2. Segment 3: batching latency batching case_1_3. Segment 4: prefill prefill profiling case_1_4. Segment 5: decode streaming percentile case_1_5. Segment 6: tail profiling throughput case_1_6. Segment 7: percentile queueing benchmark case_1_7. Segment 8: tokens tail prefill case_1_8. Segment 9: streaming benchmark inference case_1_9. Segment 10: concurrency model tokens case_1_10. Segment 11: benchmark batching queueing case_1_11. Segment 12: regression tokens regression case_1_12. Segment 13: analysis analysis decode case_1_13. Segment 14: profiling throughput model case_1_14. Segment 15: inference decode streaming case_1_15. Segment 16: model concurrency scheduler case_1_16. Segment 17: latency inference analysis case_1_17. Segment 18: throughput scheduler tail case_1_18. Segment 19: queueing percentile latency case_1_19. Segment 20: scheduler regression concurrency case_1_20. Segment 21: batching latency batching case_1_21. Segment 22: prefill prefill profiling case_1_22. Segment 23: decode streaming percentile case_1_23. Segment 24: tail profiling throughput case_1_24. Segment 25: percentile queueing benchmark case_1_25. Segment 26: tokens tail prefill case_1_26. Segment 27: streaming benchmark inference case_1_27. Segment 28: concurrency model tokens case_1_28. Segment 29: benchmark batching queueing case_1_29. Segment 30: regression tokens regression case_1_30. Segment 31: analysis analysis decode case_1_31. Segment 32: profiling throughput model case_1_32. Segment 33:,vllm,Qwen/Qwen2-0.5B-Instruct,True,2026-03-16T18:08:16.975449Z,2026-03-16T18:08:19.769870Z,2794.421495000279,88.7338290012849,2794.421495000279,47,True,16.819223615367772,True,200,,
79820c3f-5ff8-42eb-ae05-bf5d6da0e474,20260316_180650,exp-vllm-public-ctx512-stream-true,ctx-512,1,2,13,Benchmark case 17. You are analyzing inference performance. Provide concise observations on latency and throughput behavior. Segment 0: inference benchmark batching case_16_0. Segment 1: model model profiling case_16_1. Segment 2: latency batching percentile case_16_2. Segment 3: throughput tokens throughput case_16_3. Segment 4: queueing analysis benchmark case_16_4. Segment 5: scheduler throughput prefill case_16_5. Segment 6: batching decode inference case_16_6. Segment 7: prefill concurrency tokens case_16_7. Segment 8: decode inference queueing case_16_8. Segment 9: tail scheduler regression case_16_9. Segment 10: percentile percentile decode case_16_10. Segment 11: tokens regression model case_16_11. Segment 12: streaming latency streaming case_16_12. Segment 13: concurrency prefill scheduler case_16_13. Segment 14: benchmark streaming analysis case_16_14. Segment 15: regression profiling tail case_16_15. Segment 16: analysis queueing latency case_16_16. Segment 17: profiling tail concurrency case_16_17. Segment 18: inference benchmark batching case_16_18. Segment 19: model model profiling case_16_19. Segment 20: latency batching percentile case_16_20. Segment 21: throughput tokens throughput case_16_21. Segment 22: queueing analysis benchmark case_16_22. Segment 23: scheduler throughput prefill case_16_23. Segment 24: batching decode inference case_16_24. Segment 25: prefill concurrency tokens case_16_25. Segment 26: decode inference queueing case_16_26. Segment 27: tail scheduler regression case_16_27. Segment 28: percentile percentile decode case_16_28. Segment 29: tokens regression model case_16_29. Segment 30: streaming latency streaming case_16_30. Segment 31:,vllm,Qwen/Qwen2-0.5B-Instruct,True,2026-03-16T18:08:16.976355Z,2026-03-16T18:08:19.769022Z,2792.6701010001125,87.67361900027026,2792.6701010001125,50,True,17.904012357955914,True,200,,
63488049-d2cf-48ea-bec4-0a5e2f90187f,20260316_180650,exp-vllm-public-ctx512-stream-true,ctx-512,1,2,14,Benchmark case 8. You are analyzing inference performance. Provide concise observations on latency and throughput behavior. Segment 0: tail scheduler regression case_7_0. Segment 1: percentile percentile decode case_7_1. Segment 2: tokens regression model case_7_2. Segment 3: streaming latency streaming case_7_3. Segment 4: concurrency prefill scheduler case_7_4. Segment 5: benchmark streaming analysis case_7_5. Segment 6: regression profiling tail case_7_6. Segment 7: analysis queueing latency case_7_7. Segment 8: profiling tail concurrency case_7_8. Segment 9: inference benchmark batching case_7_9. Segment 10: model model profiling case_7_10. Segment 11: latency batching percentile case_7_11. Segment 12: throughput tokens throughput case_7_12. Segment 13: queueing analysis benchmark case_7_13. Segment 14: scheduler throughput prefill case_7_14. Segment 15: batching decode inference case_7_15. Segment 16: prefill concurrency tokens case_7_16. Segment 17: decode inference queueing case_7_17. Segment 18: tail scheduler regression case_7_18. Segment 19: percentile percentile decode case_7_19. Segment 20: tokens regression model case_7_20. Segment 21: streaming latency streaming case_7_21. Segment 22: concurrency prefill scheduler case_7_22. Segment 23: benchmark streaming analysis case_7_23. Segment 24: regression profiling tail case_7_24. Segment 25: analysis queueing latency case_7_25. Segment 26: profiling tail concurrency case_7_26. Segment 27: inference benchmark batching case_7_27. Segment 28: model model profiling case_7_28. Segment 29: latency batching percentile case_7_29. Segment 30: throughput tokens throughput case_7_30. Segment 31: queueing analysis benchmark case_7_31. Segment 32: scheduler throughput prefill case_7_32. Segment 33: batching decode,vllm,Qwen/Qwen2-0.5B-Instruct,True,2026-03-16T18:08:19.769438Z,2026-03-16T18:08:22.610914Z,2841.475712000829,94.51061599975219,2841.475712000829,48,True,16.892630754250135,True,200,,
685248e6-63b2-44af-8982-3a5810383b65,20260316_180650,exp-vllm-public-ctx512-stream-true,ctx-512,1,2,15,Benchmark case 20. You are analyzing inference performance. Provide concise observations on latency and throughput behavior. Segment 0: throughput scheduler tail case_19_0. Segment 1: queueing percentile latency case_19_1. Segment 2: scheduler regression concurrency case_19_2. Segment 3: batching latency batching case_19_3. Segment 4: prefill prefill profiling case_19_4. Segment 5: decode streaming percentile case_19_5. Segment 6: tail profiling throughput case_19_6. Segment 7: percentile queueing benchmark case_19_7. Segment 8: tokens tail prefill case_19_8. Segment 9: streaming benchmark inference case_19_9. Segment 10: concurrency model tokens case_19_10. Segment 11: benchmark batching queueing case_19_11. Segment 12: regression tokens regression case_19_12. Segment 13: analysis analysis decode case_19_13. Segment 14: profiling throughput model case_19_14. Segment 15: inference decode streaming case_19_15. Segment 16: model concurrency scheduler case_19_16. Segment 17: latency inference analysis case_19_17. Segment 18: throughput scheduler tail case_19_18. Segment 19: queueing percentile latency case_19_19. Segment 20: scheduler regression concurrency case_19_20. Segment 21: batching latency batching case_19_21. Segment 22: prefill prefill profiling case_19_22. Segment 23: decode streaming percentile case_19_23. Segment 24: tail profiling throughput case_19_24. Segment 25: percentile queueing benchmark case_19_25. Segment 26: tokens tail prefill case_19_26. Segment 27: streaming benchmark inference case_19_27. Segment 28: concurrency model tokens case_19_28. Segment 29: benchmark batching queueing case_19_29. Segment 30: regression tokens regression case_19_30. Segment 3,vllm,Qwen/Qwen2-0.5B-Instruct,True,2026-03-16T18:08:19.770173Z,2026-03-16T18:08:22.610541Z,2840.370885998709,93.66432200113195,2840.370885998709,48,True,16.899201522100736,True,200,,
8c91c22b-e567-4970-ab0b-b32a0e8574df,20260316_180650,exp-vllm-public-ctx512-stream-true,ctx-512,1,2,16,Benchmark case 1. You are analyzing inference performance. Provide concise observations on latency and throughput behavior. Segment 0: latency latency latency case_0_0. Segment 1: throughput prefill concurrency case_0_1. Segment 2: queueing streaming batching case_0_2. Segment 3: scheduler profiling profiling case_0_3. Segment 4: batching queueing percentile case_0_4. Segment 5: prefill tail throughput case_0_5. Segment 6: decode benchmark benchmark case_0_6. Segment 7: tail model prefill case_0_7. Segment 8: percentile batching inference case_0_8. Segment 9: tokens tokens tokens case_0_9. Segment 10: streaming analysis queueing case_0_10. Segment 11: concurrency throughput regression case_0_11. Segment 12: benchmark decode decode case_0_12. Segment 13: regression concurrency model case_0_13. Segment 14: analysis inference streaming case_0_14. Segment 15: profiling scheduler scheduler case_0_15. Segment 16: inference percentile analysis case_0_16. Segment 17: model regression tail case_0_17. Segment 18: latency latency latency case_0_18. Segment 19: throughput prefill concurrency case_0_19. Segment 20: queueing streaming batching case_0_20. Segment 21: scheduler profiling profiling case_0_21. Segment 22: batching queueing percentile case_0_22. Segment 23: prefill tail throughput case_0_23. Segment 24: decode benchmark benchmark case_0_24. Segment 25: tail model prefill case_0_25. Segment 26: percentile batching inference case_0_26. Segment 27: tokens tokens tokens case_0_27. Segment 28: streaming analysis queueing case_0_28. Segment 29: concurrency throughput regression case_0_29. Segment 30: benchmark decode decode case_0_30. Segment 31: regression concurrency model case_0_31. Segment 32: analysis inference streaming case_0_32. Segment 33:,vllm,Qwen/Qwen2-0.5B-Instruct,True,2026-03-16T18:08:22.611051Z,2026-03-16T18:08:25.332439Z,2721.391630000653,95.17257199877349,2721.391630000653,49,True,18.00549375540934,True,200,,
43162fc9-b7ac-47dd-bc4c-10b35d5b8c2c,20260316_180650,exp-vllm-public-ctx512-stream-true,ctx-512,1,2,17,Benchmark case 11. You are analyzing inference performance. Provide concise observations on latency and throughput behavior. Segment 0: streaming benchmark inference case_10_0. Segment 1: concurrency model tokens case_10_1. Segment 2: benchmark batching queueing case_10_2. Segment 3: regression tokens regression case_10_3. Segment 4: analysis analysis decode case_10_4. Segment 5: profiling throughput model case_10_5. Segment 6: inference decode streaming case_10_6. Segment 7: model concurrency scheduler case_10_7. Segment 8: latency inference analysis case_10_8. Segment 9: throughput scheduler tail case_10_9. Segment 10: queueing percentile latency case_10_10. Segment 11: scheduler regression concurrency case_10_11. Segment 12: batching latency batching case_10_12. Segment 13: prefill prefill profiling case_10_13. Segment 14: decode streaming percentile case_10_14. Segment 15: tail profiling throughput case_10_15. Segment 16: percentile queueing benchmark case_10_16. Segment 17: tokens tail prefill case_10_17. Segment 18: streaming benchmark inference case_10_18. Segment 19: concurrency model tokens case_10_19. Segment 20: benchmark batching queueing case_10_20. Segment 21: regression tokens regression case_10_21. Segment 22: analysis analysis decode case_10_22. Segment 23: profiling throughput model case_10_23. Segment 24: inference decode streaming case_10_24. Segment 25: model concurrency scheduler case_10_25. Segment 26: latency inference analysis case_10_26. Segment 27: throughput scheduler tail case_10_27. Segment 28: queueing percentile latency case_10_28. Segment 29: scheduler regression concurrency case_10_29. Segment 30: batching latency batching case_10_30. Segment 31: prefill,vllm,Qwen/Qwen2-0.5B-Instruct,True,2026-03-16T18:08:22.611444Z,2026-03-16T18:08:25.333334Z,2721.8911799991474,94.9132979985734,2721.8911799991474,41,True,15.06305626811019,True,200,,
9ff70c32-1a52-4310-ab21-fb48f745b7c1,20260316_180650,exp-vllm-public-ctx512-stream-true,ctx-512,1,2,18,Benchmark case 10. You are analyzing inference performance. Provide concise observations on latency and throughput behavior. Segment 0: tokens tokens tokens case_9_0. Segment 1: streaming analysis queueing case_9_1. Segment 2: concurrency throughput regression case_9_2. Segment 3: benchmark decode decode case_9_3. Segment 4: regression concurrency model case_9_4. Segment 5: analysis inference streaming case_9_5. Segment 6: profiling scheduler scheduler case_9_6. Segment 7: inference percentile analysis case_9_7. Segment 8: model regression tail case_9_8. Segment 9: latency latency latency case_9_9. Segment 10: throughput prefill concurrency case_9_10. Segment 11: queueing streaming batching case_9_11. Segment 12: scheduler profiling profiling case_9_12. Segment 13: batching queueing percentile case_9_13. Segment 14: prefill tail throughput case_9_14. Segment 15: decode benchmark benchmark case_9_15. Segment 16: tail model prefill case_9_16. Segment 17: percentile batching inference case_9_17. Segment 18: tokens tokens tokens case_9_18. Segment 19: streaming analysis queueing case_9_19. Segment 20: concurrency throughput regression case_9_20. Segment 21: benchmark decode decode case_9_21. Segment 22: regression concurrency model case_9_22. Segment 23: analysis inference streaming case_9_23. Segment 24: profiling scheduler scheduler case_9_24. Segment 25: inference percentile analysis case_9_25. Segment 26: model regression tail case_9_26. Segment 27: latency latency latency case_9_27. Segment 28: throughput prefill concurrency case_9_28. Segment 29: queueing streaming batching case_9_29. Segment 30: scheduler profiling profiling case_9_30. Segment 31: batching queueing percentile case_9_31. Segment 32: prefill tail throughput case_9_32. Segment 33:,vllm,Qwen/Qwen2-0.5B-Instruct,True,2026-03-16T18:08:25.332878Z,2026-03-16T18:08:28.117667Z,2784.789691999322,93.86452400030976,2784.789691999322,51,True,18.313770747759726,True,200,,
3208e63f-4c72-4b65-90ef-d2ed39cacd60,20260316_180650,exp-vllm-public-ctx512-stream-true,ctx-512,1,2,19,Benchmark case 3. You are analyzing inference performance. Provide concise observations on latency and throughput behavior. Segment 0: queueing decode analysis case_2_0. Segment 1: scheduler concurrency tail case_2_1. Segment 2: batching inference latency case_2_2. Segment 3: prefill scheduler concurrency case_2_3. Segment 4: decode percentile batching case_2_4. Segment 5: tail regression profiling case_2_5. Segment 6: percentile latency percentile case_2_6. Segment 7: tokens prefill throughput case_2_7. Segment 8: streaming streaming benchmark case_2_8. Segment 9: concurrency profiling prefill case_2_9. Segment 10: benchmark queueing inference case_2_10. Segment 11: regression tail tokens case_2_11. Segment 12: analysis benchmark queueing case_2_12. Segment 13: profiling model regression case_2_13. Segment 14: inference batching decode case_2_14. Segment 15: model tokens model case_2_15. Segment 16: latency analysis streaming case_2_16. Segment 17: throughput throughput scheduler case_2_17. Segment 18: queueing decode analysis case_2_18. Segment 19: scheduler concurrency tail case_2_19. Segment 20: batching inference latency case_2_20. Segment 21: prefill scheduler concurrency case_2_21. Segment 22: decode percentile batching case_2_22. Segment 23: tail regression profiling case_2_23. Segment 24: percentile latency percentile case_2_24. Segment 25: tokens prefill throughput case_2_25. Segment 26: streaming streaming benchmark case_2_26. Segment 27: concurrency profiling prefill case_2_27. Segment 28: benchmark queueing inference case_2_28. Segment 29: regression tail tokens case_2_29. Segment 30: analysis benchmark queueing case_2_30. Segment 31: profiling model regression case_2_31. Segment 32: inference batching decode case_2_32. Segment 33:,vllm,Qwen/Qwen2-0.5B-Instruct,True,2026-03-16T18:08:25.333608Z,2026-03-16T18:08:28.116938Z,2783.3341990008194,92.96029700090003,2783.3341990008194,44,True,15.808378316838642,True,200,,
2a276684-5320-4c31-85d1-7d3719edd598,20260316_180650,exp-vllm-public-ctx512-stream-true,ctx-512,1,2,20,Benchmark case 24. You are analyzing inference performance. Provide concise observations on latency and throughput behavior. Segment 0: prefill profiling model case_23_0. Segment 1: decode queueing streaming case_23_1. Segment 2: tail tail scheduler case_23_2. Segment 3: percentile benchmark analysis case_23_3. Segment 4: tokens model tail case_23_4. Segment 5: streaming batching latency case_23_5. Segment 6: concurrency tokens concurrency case_23_6. Segment 7: benchmark analysis batching case_23_7. Segment 8: regression throughput profiling case_23_8. Segment 9: analysis decode percentile case_23_9. Segment 10: profiling concurrency throughput case_23_10. Segment 11: inference inference benchmark case_23_11. Segment 12: model scheduler prefill case_23_12. Segment 13: latency percentile inference case_23_13. Segment 14: throughput regression tokens case_23_14. Segment 15: queueing latency queueing case_23_15. Segment 16: scheduler prefill regression case_23_16. Segment 17: batching streaming decode case_23_17. Segment 18: prefill profiling model case_23_18. Segment 19: decode queueing streaming case_23_19. Segment 20: tail tail scheduler case_23_20. Segment 21: percentile benchmark analysis case_23_21. Segment 22: tokens model tail case_23_22. Segment 23: streaming batching latency case_23_23. Segment 24: concurrency tokens concurrency case_23_24. Segment 25: benchmark analysis batching case_23_25. Segment 26: regression throughput profiling case_23_26. Segment 27: analysis decode percentile case_23_27. Segment 28: profiling concurrency throughput case_23_28. Segment 29: inference inference benchmark case_23_29. Segment 30: model scheduler prefill case_23_30. Segment 31: latency,vllm,Qwen/Qwen2-0.5B-Instruct,True,2026-03-16T18:08:28.117820Z,2026-03-16T18:08:30.938445Z,2820.6289859990648,97.74615899914352,2820.6289859990648,41,True,14.53576496714538,True,200,,
3e45acac-c092-4054-bd80-b6f3162390c3,20260316_180650,exp-vllm-public-ctx512-stream-true,ctx-512,1,2,21,Benchmark case 16. You are analyzing inference performance. Provide concise observations on latency and throughput behavior. Segment 0: profiling tokens profiling case_15_0. Segment 1: inference analysis percentile case_15_1. Segment 2: model throughput throughput case_15_2. Segment 3: latency decode benchmark case_15_3. Segment 4: throughput concurrency prefill case_15_4. Segment 5: queueing inference inference case_15_5. Segment 6: scheduler scheduler tokens case_15_6. Segment 7: batching percentile queueing case_15_7. Segment 8: prefill regression regression case_15_8. Segment 9: decode latency decode case_15_9. Segment 10: tail prefill model case_15_10. Segment 11: percentile streaming streaming case_15_11. Segment 12: tokens profiling scheduler case_15_12. Segment 13: streaming queueing analysis case_15_13. Segment 14: concurrency tail tail case_15_14. Segment 15: benchmark benchmark latency case_15_15. Segment 16: regression model concurrency case_15_16. Segment 17: analysis batching batching case_15_17. Segment 18: profiling tokens profiling case_15_18. Segment 19: inference analysis percentile case_15_19. Segment 20: model throughput throughput case_15_20. Segment 21: latency decode benchmark case_15_21. Segment 22: throughput concurrency prefill case_15_22. Segment 23: queueing inference inference case_15_23. Segment 24: scheduler scheduler tokens case_15_24. Segment 25: batching percentile queueing case_15_25. Segment 26: prefill regression regression case_15_26. Segment 27: decode latency decode case_15_27. Segment 28: tail prefill model case_15_28. Segment 29: percentile streaming streaming case_15_29. Segment 30: tokens profiling scheduler case_15_30. Segment 31,vllm,Qwen/Qwen2-0.5B-Instruct,True,2026-03-16T18:08:28.118485Z,2026-03-16T18:08:30.939424Z,2820.9397030004766,97.22479500123882,2820.9397030004766,47,True,16.661114716492776,True,200,,
8032c11a-d829-4773-b59a-8db4275055ac,20260316_180650,exp-vllm-public-ctx512-stream-true,ctx-512,1,2,22,Benchmark case 14. You are analyzing inference performance. Provide concise observations on latency and throughput behavior. Segment 0: regression scheduler throughput case_13_0. Segment 1: analysis percentile benchmark case_13_1. Segment 2: profiling regression prefill case_13_2. Segment 3: inference latency inference case_13_3. Segment 4: model prefill tokens case_13_4. Segment 5: latency streaming queueing case_13_5. Segment 6: throughput profiling regression case_13_6. Segment 7: queueing queueing decode case_13_7. Segment 8: scheduler tail model case_13_8. Segment 9: batching benchmark streaming case_13_9. Segment 10: prefill model scheduler case_13_10. Segment 11: decode batching analysis case_13_11. Segment 12: tail tokens tail case_13_12. Segment 13: percentile analysis latency case_13_13. Segment 14: tokens throughput concurrency case_13_14. Segment 15: streaming decode batching case_13_15. Segment 16: concurrency concurrency profiling case_13_16. Segment 17: benchmark inference percentile case_13_17. Segment 18: regression scheduler throughput case_13_18. Segment 19: analysis percentile benchmark case_13_19. Segment 20: profiling regression prefill case_13_20. Segment 21: inference latency inference case_13_21. Segment 22: model prefill tokens case_13_22. Segment 23: latency streaming queueing case_13_23. Segment 24: throughput profiling regression case_13_24. Segment 25: queueing queueing decode case_13_25. Segment 26: scheduler tail model case_13_26. Segment 27: batching benchmark streaming case_13_27. Segment 28: prefill model scheduler case_13_28. Segment 29: decode batching analysis case_13_29. Segment 30: tail tokens tail case_13_30. Segment 3,vllm,Qwen/Qwen2-0.5B-Instruct,True,2026-03-16T18:08:30.938931Z,2026-03-16T18:08:33.706588Z,2767.6562300002843,98.51804499885475,2767.6562300002843,37,True,13.368712341848973,True,200,,
75152b5c-41ac-47bf-a5a9-92abfa46be31,20260316_180650,exp-vllm-public-ctx512-stream-true,ctx-512,1,2,23,Benchmark case 9. You are analyzing inference performance. Provide concise observations on latency and throughput behavior. Segment 0: percentile decode queueing case_8_0. Segment 1: tokens concurrency regression case_8_1. Segment 2: streaming inference decode case_8_2. Segment 3: concurrency scheduler model case_8_3. Segment 4: benchmark percentile streaming case_8_4. Segment 5: regression regression scheduler case_8_5. Segment 6: analysis latency analysis case_8_6. Segment 7: profiling prefill tail case_8_7. Segment 8: inference streaming latency case_8_8. Segment 9: model profiling concurrency case_8_9. Segment 10: latency queueing batching case_8_10. Segment 11: throughput tail profiling case_8_11. Segment 12: queueing benchmark percentile case_8_12. Segment 13: scheduler model throughput case_8_13. Segment 14: batching batching benchmark case_8_14. Segment 15: prefill tokens prefill case_8_15. Segment 16: decode analysis inference case_8_16. Segment 17: tail throughput tokens case_8_17. Segment 18: percentile decode queueing case_8_18. Segment 19: tokens concurrency regression case_8_19. Segment 20: streaming inference decode case_8_20. Segment 21: concurrency scheduler model case_8_21. Segment 22: benchmark percentile streaming case_8_22. Segment 23: regression regression scheduler case_8_23. Segment 24: analysis latency analysis case_8_24. Segment 25: profiling prefill tail case_8_25. Segment 26: inference streaming latency case_8_26. Segment 27: model profiling concurrency case_8_27. Segment 28: latency queueing batching case_8_28. Segment 29: throughput tail profiling case_8_29. Segment 30: queueing benchmark percentile case_8_30. Segment 31: scheduler model throughput case_8_31. Segment 32: batching batching benchmark case_8_32. Segment 33: prefill,vllm,Qwen/Qwen2-0.5B-Instruct,True,2026-03-16T18:08:30.939713Z,2026-03-16T18:08:33.705865Z,2766.157768000994,97.56671299874142,2766.157768000994,39,True,14.0989788981501,True,200,,
6b3b81b8-9ed4-4759-ba7d-d50a3be5bb16,20260316_180650,exp-vllm-public-ctx512-stream-true,ctx-512,1,4,0,Benchmark case 6. You are analyzing inference performance. Provide concise observations on latency and throughput behavior. Segment 0: prefill profiling model case_5_0. Segment 1: decode queueing streaming case_5_1. Segment 2: tail tail scheduler case_5_2. Segment 3: percentile benchmark analysis case_5_3. Segment 4: tokens model tail case_5_4. Segment 5: streaming batching latency case_5_5. Segment 6: concurrency tokens concurrency case_5_6. Segment 7: benchmark analysis batching case_5_7. Segment 8: regression throughput profiling case_5_8. Segment 9: analysis decode percentile case_5_9. Segment 10: profiling concurrency throughput case_5_10. Segment 11: inference inference benchmark case_5_11. Segment 12: model scheduler prefill case_5_12. Segment 13: latency percentile inference case_5_13. Segment 14: throughput regression tokens case_5_14. Segment 15: queueing latency queueing case_5_15. Segment 16: scheduler prefill regression case_5_16. Segment 17: batching streaming decode case_5_17. Segment 18: prefill profiling model case_5_18. Segment 19: decode queueing streaming case_5_19. Segment 20: tail tail scheduler case_5_20. Segment 21: percentile benchmark analysis case_5_21. Segment 22: tokens model tail case_5_22. Segment 23: streaming batching latency case_5_23. Segment 24: concurrency tokens concurrency case_5_24. Segment 25: benchmark analysis batching case_5_25. Segment 26: regression throughput profiling case_5_26. Segment 27: analysis decode percentile case_5_27. Segment 28: profiling concurrency throughput case_5_28. Segment 29: inference inference benchmark case_5_29. Segment 30: model scheduler prefill case_5_30. Segment 31: latency percentile inference case_5_31. Segment 32: throughput regression tokens case_5_32. Segment 33: queueing latency,vllm,Qwen/Qwen2-0.5B-Instruct,True,2026-03-16T18:08:33.707164Z,2026-03-16T18:08:36.712122Z,3004.9584909993428,146.1076889991091,3004.9584909993428,49,True,16.30638165111703,True,200,,
554f18d8-9d2b-40ad-9cf3-0b7732953cd8,20260316_180650,exp-vllm-public-ctx512-stream-true,ctx-512,1,4,1,Benchmark case 24. You are analyzing inference performance. Provide concise observations on latency and throughput behavior. Segment 0: prefill profiling model case_23_0. Segment 1: decode queueing streaming case_23_1. Segment 2: tail tail scheduler case_23_2. Segment 3: percentile benchmark analysis case_23_3. Segment 4: tokens model tail case_23_4. Segment 5: streaming batching latency case_23_5. Segment 6: concurrency tokens concurrency case_23_6. Segment 7: benchmark analysis batching case_23_7. Segment 8: regression throughput profiling case_23_8. Segment 9: analysis decode percentile case_23_9. Segment 10: profiling concurrency throughput case_23_10. Segment 11: inference inference benchmark case_23_11. Segment 12: model scheduler prefill case_23_12. Segment 13: latency percentile inference case_23_13. Segment 14: throughput regression tokens case_23_14. Segment 15: queueing latency queueing case_23_15. Segment 16: scheduler prefill regression case_23_16. Segment 17: batching streaming decode case_23_17. Segment 18: prefill profiling model case_23_18. Segment 19: decode queueing streaming case_23_19. Segment 20: tail tail scheduler case_23_20. Segment 21: percentile benchmark analysis case_23_21. Segment 22: tokens model tail case_23_22. Segment 23: streaming batching latency case_23_23. Segment 24: concurrency tokens concurrency case_23_24. Segment 25: benchmark analysis batching case_23_25. Segment 26: regression throughput profiling case_23_26. Segment 27: analysis decode percentile case_23_27. Segment 28: profiling concurrency throughput case_23_28. Segment 29: inference inference benchmark case_23_29. Segment 30: model scheduler prefill case_23_30. Segment 31: latency,vllm,Qwen/Qwen2-0.5B-Instruct,True,2026-03-16T18:08:33.707673Z,2026-03-16T18:08:36.712234Z,3004.560899998978,145.69949799988535,3004.560899998978,43,True,14.311575445188888,True,200,,
d36ff3bb-531f-4d39-a1b8-a11d53f6598e,20260316_180650,exp-vllm-public-ctx512-stream-true,ctx-512,1,4,2,Benchmark case 17. You are analyzing inference performance. Provide concise observations on latency and throughput behavior. Segment 0: inference benchmark batching case_16_0. Segment 1: model model profiling case_16_1. Segment 2: latency batching percentile case_16_2. Segment 3: throughput tokens throughput case_16_3. Segment 4: queueing analysis benchmark case_16_4. Segment 5: scheduler throughput prefill case_16_5. Segment 6: batching decode inference case_16_6. Segment 7: prefill concurrency tokens case_16_7. Segment 8: decode inference queueing case_16_8. Segment 9: tail scheduler regression case_16_9. Segment 10: percentile percentile decode case_16_10. Segment 11: tokens regression model case_16_11. Segment 12: streaming latency streaming case_16_12. Segment 13: concurrency prefill scheduler case_16_13. Segment 14: benchmark streaming analysis case_16_14. Segment 15: regression profiling tail case_16_15. Segment 16: analysis queueing latency case_16_16. Segment 17: profiling tail concurrency case_16_17. Segment 18: inference benchmark batching case_16_18. Segment 19: model model profiling case_16_19. Segment 20: latency batching percentile case_16_20. Segment 21: throughput tokens throughput case_16_21. Segment 22: queueing analysis benchmark case_16_22. Segment 23: scheduler throughput prefill case_16_23. Segment 24: batching decode inference case_16_24. Segment 25: prefill concurrency tokens case_16_25. Segment 26: decode inference queueing case_16_26. Segment 27: tail scheduler regression case_16_27. Segment 28: percentile percentile decode case_16_28. Segment 29: tokens regression model case_16_29. Segment 30: streaming latency streaming case_16_30. Segment 31:,vllm,Qwen/Qwen2-0.5B-Instruct,True,2026-03-16T18:08:33.707829Z,2026-03-16T18:08:36.711936Z,3004.1074139990087,145.35778500066954,3004.1074139990087,50,True,16.643878899603322,True,200,,
86da1d1b-6e03-4090-8eb1-df32fd276d24,20260316_180650,exp-vllm-public-ctx512-stream-true,ctx-512,1,4,3,Benchmark case 8. You are analyzing inference performance. Provide concise observations on latency and throughput behavior. Segment 0: tail scheduler regression case_7_0. Segment 1: percentile percentile decode case_7_1. Segment 2: tokens regression model case_7_2. Segment 3: streaming latency streaming case_7_3. Segment 4: concurrency prefill scheduler case_7_4. Segment 5: benchmark streaming analysis case_7_5. Segment 6: regression profiling tail case_7_6. Segment 7: analysis queueing latency case_7_7. Segment 8: profiling tail concurrency case_7_8. Segment 9: inference benchmark batching case_7_9. Segment 10: model model profiling case_7_10. Segment 11: latency batching percentile case_7_11. Segment 12: throughput tokens throughput case_7_12. Segment 13: queueing analysis benchmark case_7_13. Segment 14: scheduler throughput prefill case_7_14. Segment 15: batching decode inference case_7_15. Segment 16: prefill concurrency tokens case_7_16. Segment 17: decode inference queueing case_7_17. Segment 18: tail scheduler regression case_7_18. Segment 19: percentile percentile decode case_7_19. Segment 20: tokens regression model case_7_20. Segment 21: streaming latency streaming case_7_21. Segment 22: concurrency prefill scheduler case_7_22. Segment 23: benchmark streaming analysis case_7_23. Segment 24: regression profiling tail case_7_24. Segment 25: analysis queueing latency case_7_25. Segment 26: profiling tail concurrency case_7_26. Segment 27: inference benchmark batching case_7_27. Segment 28: model model profiling case_7_28. Segment 29: latency batching percentile case_7_29. Segment 30: throughput tokens throughput case_7_30. Segment 31: queueing analysis benchmark case_7_31. Segment 32: scheduler throughput prefill case_7_32. Segment 33: batching decode,vllm,Qwen/Qwen2-0.5B-Instruct,True,2026-03-16T18:08:33.708317Z,2026-03-16T18:08:36.710832Z,3002.5194179997925,144.68968399887672,3002.5194179997925,48,True,15.986574378918244,True,200,,
61a98837-9ffe-4026-a434-925552a0bbf3,20260316_180650,exp-vllm-public-ctx512-stream-true,ctx-512,1,4,4,Benchmark case 5. You are analyzing inference performance. Provide concise observations on latency and throughput behavior. Segment 0: batching benchmark streaming case_4_0. Segment 1: prefill model scheduler case_4_1. Segment 2: decode batching analysis case_4_2. Segment 3: tail tokens tail case_4_3. Segment 4: percentile analysis latency case_4_4. Segment 5: tokens throughput concurrency case_4_5. Segment 6: streaming decode batching case_4_6. Segment 7: concurrency concurrency profiling case_4_7. Segment 8: benchmark inference percentile case_4_8. Segment 9: regression scheduler throughput case_4_9. Segment 10: analysis percentile benchmark case_4_10. Segment 11: profiling regression prefill case_4_11. Segment 12: inference latency inference case_4_12. Segment 13: model prefill tokens case_4_13. Segment 14: latency streaming queueing case_4_14. Segment 15: throughput profiling regression case_4_15. Segment 16: queueing queueing decode case_4_16. Segment 17: scheduler tail model case_4_17. Segment 18: batching benchmark streaming case_4_18. Segment 19: prefill model scheduler case_4_19. Segment 20: decode batching analysis case_4_20. Segment 21: tail tokens tail case_4_21. Segment 22: percentile analysis latency case_4_22. Segment 23: tokens throughput concurrency case_4_23. Segment 24: streaming decode batching case_4_24. Segment 25: concurrency concurrency profiling case_4_25. Segment 26: benchmark inference percentile case_4_26. Segment 27: regression scheduler throughput case_4_27. Segment 28: analysis percentile benchmark case_4_28. Segment 29: profiling regression prefill case_4_29. Segment 30: inference latency inference case_4_30. Segment 31: model prefill tokens case_4_31. Segment 32: latency streaming queueing case_4_32. Segment 33: throughput profiling,vllm,Qwen/Qwen2-0.5B-Instruct,True,2026-03-16T18:08:36.711461Z,2026-03-16T18:08:39.665269Z,2953.810467999574,97.0880529985152,2953.810467999574,44,True,14.896013294244424,True,200,,
1707232c-b821-49a8-8e04-6fd37d699cab,20260316_180650,exp-vllm-public-ctx512-stream-true,ctx-512,1,4,5,Benchmark case 4. You are analyzing inference performance. Provide concise observations on latency and throughput behavior. Segment 0: scheduler tokens scheduler case_3_0. Segment 1: batching analysis analysis case_3_1. Segment 2: prefill throughput tail case_3_2. Segment 3: decode decode latency case_3_3. Segment 4: tail concurrency concurrency case_3_4. Segment 5: percentile inference batching case_3_5. Segment 6: tokens scheduler profiling case_3_6. Segment 7: streaming percentile percentile case_3_7. Segment 8: concurrency regression throughput case_3_8. Segment 9: benchmark latency benchmark case_3_9. Segment 10: regression prefill prefill case_3_10. Segment 11: analysis streaming inference case_3_11. Segment 12: profiling profiling tokens case_3_12. Segment 13: inference queueing queueing case_3_13. Segment 14: model tail regression case_3_14. Segment 15: latency benchmark decode case_3_15. Segment 16: throughput model model case_3_16. Segment 17: queueing batching streaming case_3_17. Segment 18: scheduler tokens scheduler case_3_18. Segment 19: batching analysis analysis case_3_19. Segment 20: prefill throughput tail case_3_20. Segment 21: decode decode latency case_3_21. Segment 22: tail concurrency concurrency case_3_22. Segment 23: percentile inference batching case_3_23. Segment 24: tokens scheduler profiling case_3_24. Segment 25: streaming percentile percentile case_3_25. Segment 26: concurrency regression throughput case_3_26. Segment 27: benchmark latency benchmark case_3_27. Segment 28: regression prefill prefill case_3_28. Segment 29: analysis streaming inference case_3_29. Segment 30: profiling profiling tokens case_3_30. Segment 31: inference queueing queueing case_3_31. Segment 32: model tail regression case_3_32. Segment 33: latency,vllm,Qwen/Qwen2-0.5B-Instruct,True,2026-03-16T18:08:36.712488Z,2026-03-16T18:08:39.666352Z,2953.8659659992845,96.22150599898305,2953.8659659992845,50,True,16.926969800095563,True,200,,
d433874d-b307-40d9-bd9f-a5701e94aa7f,20260316_180650,exp-vllm-public-ctx512-stream-true,ctx-512,1,4,6,Benchmark case 23. You are analyzing inference performance. Provide concise observations on latency and throughput behavior. Segment 0: batching benchmark streaming case_22_0. Segment 1: prefill model scheduler case_22_1. Segment 2: decode batching analysis case_22_2. Segment 3: tail tokens tail case_22_3. Segment 4: percentile analysis latency case_22_4. Segment 5: tokens throughput concurrency case_22_5. Segment 6: streaming decode batching case_22_6. Segment 7: concurrency concurrency profiling case_22_7. Segment 8: benchmark inference percentile case_22_8. Segment 9: regression scheduler throughput case_22_9. Segment 10: analysis percentile benchmark case_22_10. Segment 11: profiling regression prefill case_22_11. Segment 12: inference latency inference case_22_12. Segment 13: model prefill tokens case_22_13. Segment 14: latency streaming queueing case_22_14. Segment 15: throughput profiling regression case_22_15. Segment 16: queueing queueing decode case_22_16. Segment 17: scheduler tail model case_22_17. Segment 18: batching benchmark streaming case_22_18. Segment 19: prefill model scheduler case_22_19. Segment 20: decode batching analysis case_22_20. Segment 21: tail tokens tail case_22_21. Segment 22: percentile analysis latency case_22_22. Segment 23: tokens throughput concurrency case_22_23. Segment 24: streaming decode batching case_22_24. Segment 25: concurrency concurrency profiling case_22_25. Segment 26: benchmark inference percentile case_22_26. Segment 27: regression scheduler throughput case_22_27. Segment 28: analysis percentile benchmark case_22_28. Segment 29: profiling regression prefill case_22_29. Segment 30: inference latency inference case_22_30. Segment 31: model pre,vllm,Qwen/Qwen2-0.5B-Instruct,True,2026-03-16T18:08:36.712688Z,2026-03-16T18:08:39.719479Z,3006.791224999688,179.22056299903488,3006.791224999688,41,True,13.635798740900029,True,200,,
15b362cb-bf53-498e-a126-88d6085a9d69,20260316_180650,exp-vllm-public-ctx512-stream-true,ctx-512,1,4,7,Benchmark case 22. You are analyzing inference performance. Provide concise observations on latency and throughput behavior. Segment 0: scheduler tokens scheduler case_21_0. Segment 1: batching analysis analysis case_21_1. Segment 2: prefill throughput tail case_21_2. Segment 3: decode decode latency case_21_3. Segment 4: tail concurrency concurrency case_21_4. Segment 5: percentile inference batching case_21_5. Segment 6: tokens scheduler profiling case_21_6. Segment 7: streaming percentile percentile case_21_7. Segment 8: concurrency regression throughput case_21_8. Segment 9: benchmark latency benchmark case_21_9. Segment 10: regression prefill prefill case_21_10. Segment 11: analysis streaming inference case_21_11. Segment 12: profiling profiling tokens case_21_12. Segment 13: inference queueing queueing case_21_13. Segment 14: model tail regression case_21_14. Segment 15: latency benchmark decode case_21_15. Segment 16: throughput model model case_21_16. Segment 17: queueing batching streaming case_21_17. Segment 18: scheduler tokens scheduler case_21_18. Segment 19: batching analysis analysis case_21_19. Segment 20: prefill throughput tail case_21_20. Segment 21: decode decode latency case_21_21. Segment 22: tail concurrency concurrency case_21_22. Segment 23: percentile inference batching case_21_23. Segment 24: tokens scheduler profiling case_21_24. Segment 25: streaming percentile percentile case_21_25. Segment 26: concurrency regression throughput case_21_26. Segment 27: benchmark latency benchmark case_21_27. Segment 28: regression prefill prefill case_21_28. Segment 29: analysis streaming inference case_21_29. Segment 30: profiling profiling tokens case_21_30. Segment 31: inference,vllm,Qwen/Qwen2-0.5B-Instruct,True,2026-03-16T18:08:36.712847Z,2026-03-16T18:08:39.718297Z,3005.4515850006283,179.2504730001383,3005.4515850006283,43,True,14.307334117309034,True,200,,
06557f43-3235-462a-925e-e27df7b99a0b,20260316_180650,exp-vllm-public-ctx512-stream-true,ctx-512,1,4,8,Benchmark case 2. You are analyzing inference performance. Provide concise observations on latency and throughput behavior. Segment 0: throughput scheduler tail case_1_0. Segment 1: queueing percentile latency case_1_1. Segment 2: scheduler regression concurrency case_1_2. Segment 3: batching latency batching case_1_3. Segment 4: prefill prefill profiling case_1_4. Segment 5: decode streaming percentile case_1_5. Segment 6: tail profiling throughput case_1_6. Segment 7: percentile queueing benchmark case_1_7. Segment 8: tokens tail prefill case_1_8. Segment 9: streaming benchmark inference case_1_9. Segment 10: concurrency model tokens case_1_10. Segment 11: benchmark batching queueing case_1_11. Segment 12: regression tokens regression case_1_12. Segment 13: analysis analysis decode case_1_13. Segment 14: profiling throughput model case_1_14. Segment 15: inference decode streaming case_1_15. Segment 16: model concurrency scheduler case_1_16. Segment 17: latency inference analysis case_1_17. Segment 18: throughput scheduler tail case_1_18. Segment 19: queueing percentile latency case_1_19. Segment 20: scheduler regression concurrency case_1_20. Segment 21: batching latency batching case_1_21. Segment 22: prefill prefill profiling case_1_22. Segment 23: decode streaming percentile case_1_23. Segment 24: tail profiling throughput case_1_24. Segment 25: percentile queueing benchmark case_1_25. Segment 26: tokens tail prefill case_1_26. Segment 27: streaming benchmark inference case_1_27. Segment 28: concurrency model tokens case_1_28. Segment 29: benchmark batching queueing case_1_29. Segment 30: regression tokens regression case_1_30. Segment 31: analysis analysis decode case_1_31. Segment 32: profiling throughput model case_1_32. Segment 33:,vllm,Qwen/Qwen2-0.5B-Instruct,True,2026-03-16T18:08:39.666619Z,2026-03-16T18:08:42.635184Z,2968.5650569990685,133.56204199953936,2968.5650569990685,47,True,15.832565262191842,True,200,,
73a48bf0-cef6-4868-b94e-55dfb1ccb96a,20260316_180650,exp-vllm-public-ctx512-stream-true,ctx-512,1,4,9,Benchmark case 16. You are analyzing inference performance. Provide concise observations on latency and throughput behavior. Segment 0: profiling tokens profiling case_15_0. Segment 1: inference analysis percentile case_15_1. Segment 2: model throughput throughput case_15_2. Segment 3: latency decode benchmark case_15_3. Segment 4: throughput concurrency prefill case_15_4. Segment 5: queueing inference inference case_15_5. Segment 6: scheduler scheduler tokens case_15_6. Segment 7: batching percentile queueing case_15_7. Segment 8: prefill regression regression case_15_8. Segment 9: decode latency decode case_15_9. Segment 10: tail prefill model case_15_10. Segment 11: percentile streaming streaming case_15_11. Segment 12: tokens profiling scheduler case_15_12. Segment 13: streaming queueing analysis case_15_13. Segment 14: concurrency tail tail case_15_14. Segment 15: benchmark benchmark latency case_15_15. Segment 16: regression model concurrency case_15_16. Segment 17: analysis batching batching case_15_17. Segment 18: profiling tokens profiling case_15_18. Segment 19: inference analysis percentile case_15_19. Segment 20: model throughput throughput case_15_20. Segment 21: latency decode benchmark case_15_21. Segment 22: throughput concurrency prefill case_15_22. Segment 23: queueing inference inference case_15_23. Segment 24: scheduler scheduler tokens case_15_24. Segment 25: batching percentile queueing case_15_25. Segment 26: prefill regression regression case_15_26. Segment 27: decode latency decode case_15_27. Segment 28: tail prefill model case_15_28. Segment 29: percentile streaming streaming case_15_29. Segment 30: tokens profiling scheduler case_15_30. Segment 31,vllm,Qwen/Qwen2-0.5B-Instruct,True,2026-03-16T18:08:39.667166Z,2026-03-16T18:08:42.634772Z,2967.6097150004352,132.88770200051658,2967.6097150004352,47,True,15.837662130039599,True,200,,
fabae137-8433-4b6c-8e21-187cb2ec4dcc,20260316_180650,exp-vllm-public-ctx512-stream-true,ctx-512,1,4,10,Benchmark case 21. You are analyzing inference performance. Provide concise observations on latency and throughput behavior. Segment 0: queueing decode analysis case_20_0. Segment 1: scheduler concurrency tail case_20_1. Segment 2: batching inference latency case_20_2. Segment 3: prefill scheduler concurrency case_20_3. Segment 4: decode percentile batching case_20_4. Segment 5: tail regression profiling case_20_5. Segment 6: percentile latency percentile case_20_6. Segment 7: tokens prefill throughput case_20_7. Segment 8: streaming streaming benchmark case_20_8. Segment 9: concurrency profiling prefill case_20_9. Segment 10: benchmark queueing inference case_20_10. Segment 11: regression tail tokens case_20_11. Segment 12: analysis benchmark queueing case_20_12. Segment 13: profiling model regression case_20_13. Segment 14: inference batching decode case_20_14. Segment 15: model tokens model case_20_15. Segment 16: latency analysis streaming case_20_16. Segment 17: throughput throughput scheduler case_20_17. Segment 18: queueing decode analysis case_20_18. Segment 19: scheduler concurrency tail case_20_19. Segment 20: batching inference latency case_20_20. Segment 21: prefill scheduler concurrency case_20_21. Segment 22: decode percentile batching case_20_22. Segment 23: tail regression profiling case_20_23. Segment 24: percentile latency percentile case_20_24. Segment 25: tokens prefill throughput case_20_25. Segment 26: streaming streaming benchmark case_20_26. Segment 27: concurrency profiling prefill case_20_27. Segment 28: benchmark queueing inference case_20_28. Segment 29: regression tail tokens case_20_29. Segment 30: analysis benchmark queueing case_20_30. Segment 3,vllm,Qwen/Qwen2-0.5B-Instruct,True,2026-03-16T18:08:39.719084Z,2026-03-16T18:08:42.686130Z,2967.0446760010236,163.42103199895064,2967.0446760010236,48,True,16.177713934760934,True,200,,
3a6f9130-dac3-4a53-85ac-8b8592bd5a08,20260316_180650,exp-vllm-public-ctx512-stream-true,ctx-512,1,4,11,Benchmark case 20. You are analyzing inference performance. Provide concise observations on latency and throughput behavior. Segment 0: throughput scheduler tail case_19_0. Segment 1: queueing percentile latency case_19_1. Segment 2: scheduler regression concurrency case_19_2. Segment 3: batching latency batching case_19_3. Segment 4: prefill prefill profiling case_19_4. Segment 5: decode streaming percentile case_19_5. Segment 6: tail profiling throughput case_19_6. Segment 7: percentile queueing benchmark case_19_7. Segment 8: tokens tail prefill case_19_8. Segment 9: streaming benchmark inference case_19_9. Segment 10: concurrency model tokens case_19_10. Segment 11: benchmark batching queueing case_19_11. Segment 12: regression tokens regression case_19_12. Segment 13: analysis analysis decode case_19_13. Segment 14: profiling throughput model case_19_14. Segment 15: inference decode streaming case_19_15. Segment 16: model concurrency scheduler case_19_16. Segment 17: latency inference analysis case_19_17. Segment 18: throughput scheduler tail case_19_18. Segment 19: queueing percentile latency case_19_19. Segment 20: scheduler regression concurrency case_19_20. Segment 21: batching latency batching case_19_21. Segment 22: prefill prefill profiling case_19_22. Segment 23: decode streaming percentile case_19_23. Segment 24: tail profiling throughput case_19_24. Segment 25: percentile queueing benchmark case_19_25. Segment 26: tokens tail prefill case_19_26. Segment 27: streaming benchmark inference case_19_27. Segment 28: concurrency model tokens case_19_28. Segment 29: benchmark batching queueing case_19_29. Segment 30: regression tokens regression case_19_30. Segment 3,vllm,Qwen/Qwen2-0.5B-Instruct,True,2026-03-16T18:08:39.719809Z,2026-03-16T18:08:42.685479Z,2965.6726100001833,162.85480499936966,2965.6726100001833,48,True,16.185198540845352,True,200,,
af599cb9-99aa-4dce-bf77-b7af18364d99,20260316_180650,exp-vllm-public-ctx512-stream-true,ctx-512,1,4,12,Benchmark case 1. You are analyzing inference performance. Provide concise observations on latency and throughput behavior. Segment 0: latency latency latency case_0_0. Segment 1: throughput prefill concurrency case_0_1. Segment 2: queueing streaming batching case_0_2. Segment 3: scheduler profiling profiling case_0_3. Segment 4: batching queueing percentile case_0_4. Segment 5: prefill tail throughput case_0_5. Segment 6: decode benchmark benchmark case_0_6. Segment 7: tail model prefill case_0_7. Segment 8: percentile batching inference case_0_8. Segment 9: tokens tokens tokens case_0_9. Segment 10: streaming analysis queueing case_0_10. Segment 11: concurrency throughput regression case_0_11. Segment 12: benchmark decode decode case_0_12. Segment 13: regression concurrency model case_0_13. Segment 14: analysis inference streaming case_0_14. Segment 15: profiling scheduler scheduler case_0_15. Segment 16: inference percentile analysis case_0_16. Segment 17: model regression tail case_0_17. Segment 18: latency latency latency case_0_18. Segment 19: throughput prefill concurrency case_0_19. Segment 20: queueing streaming batching case_0_20. Segment 21: scheduler profiling profiling case_0_21. Segment 22: batching queueing percentile case_0_22. Segment 23: prefill tail throughput case_0_23. Segment 24: decode benchmark benchmark case_0_24. Segment 25: tail model prefill case_0_25. Segment 26: percentile batching inference case_0_26. Segment 27: tokens tokens tokens case_0_27. Segment 28: streaming analysis queueing case_0_28. Segment 29: concurrency throughput regression case_0_29. Segment 30: benchmark decode decode case_0_30. Segment 31: regression concurrency model case_0_31. Segment 32: analysis inference streaming case_0_32. Segment 33:,vllm,Qwen/Qwen2-0.5B-Instruct,True,2026-03-16T18:08:42.635319Z,2026-03-16T18:08:45.587060Z,2951.7415709997294,134.78720800048904,2951.7415709997294,50,True,16.93915229274812,True,200,,
f3da1936-2a56-472d-ba4e-cd426bfdb7b6,20260316_180650,exp-vllm-public-ctx512-stream-true,ctx-512,1,4,13,Benchmark case 10. You are analyzing inference performance. Provide concise observations on latency and throughput behavior. Segment 0: tokens tokens tokens case_9_0. Segment 1: streaming analysis queueing case_9_1. Segment 2: concurrency throughput regression case_9_2. Segment 3: benchmark decode decode case_9_3. Segment 4: regression concurrency model case_9_4. Segment 5: analysis inference streaming case_9_5. Segment 6: profiling scheduler scheduler case_9_6. Segment 7: inference percentile analysis case_9_7. Segment 8: model regression tail case_9_8. Segment 9: latency latency latency case_9_9. Segment 10: throughput prefill concurrency case_9_10. Segment 11: queueing streaming batching case_9_11. Segment 12: scheduler profiling profiling case_9_12. Segment 13: batching queueing percentile case_9_13. Segment 14: prefill tail throughput case_9_14. Segment 15: decode benchmark benchmark case_9_15. Segment 16: tail model prefill case_9_16. Segment 17: percentile batching inference case_9_17. Segment 18: tokens tokens tokens case_9_18. Segment 19: streaming analysis queueing case_9_19. Segment 20: concurrency throughput regression case_9_20. Segment 21: benchmark decode decode case_9_21. Segment 22: regression concurrency model case_9_22. Segment 23: analysis inference streaming case_9_23. Segment 24: profiling scheduler scheduler case_9_24. Segment 25: inference percentile analysis case_9_25. Segment 26: model regression tail case_9_26. Segment 27: latency latency latency case_9_27. Segment 28: throughput prefill concurrency case_9_28. Segment 29: queueing streaming batching case_9_29. Segment 30: scheduler profiling profiling case_9_30. Segment 31: batching queueing percentile case_9_31. Segment 32: prefill tail throughput case_9_32. Segment 33:,vllm,Qwen/Qwen2-0.5B-Instruct,True,2026-03-16T18:08:42.635655Z,2026-03-16T18:08:45.586598Z,2950.9461050001846,134.30048800000804,2950.9461050001846,51,True,17.282592831358,True,200,,
cf64fde5-d3ec-4e5c-9040-04ba9d157452,20260316_180650,exp-vllm-public-ctx512-stream-true,ctx-512,1,4,14,Benchmark case 7. You are analyzing inference performance. Provide concise observations on latency and throughput behavior. Segment 0: decode latency decode case_6_0. Segment 1: tail prefill model case_6_1. Segment 2: percentile streaming streaming case_6_2. Segment 3: tokens profiling scheduler case_6_3. Segment 4: streaming queueing analysis case_6_4. Segment 5: concurrency tail tail case_6_5. Segment 6: benchmark benchmark latency case_6_6. Segment 7: regression model concurrency case_6_7. Segment 8: analysis batching batching case_6_8. Segment 9: profiling tokens profiling case_6_9. Segment 10: inference analysis percentile case_6_10. Segment 11: model throughput throughput case_6_11. Segment 12: latency decode benchmark case_6_12. Segment 13: throughput concurrency prefill case_6_13. Segment 14: queueing inference inference case_6_14. Segment 15: scheduler scheduler tokens case_6_15. Segment 16: batching percentile queueing case_6_16. Segment 17: prefill regression regression case_6_17. Segment 18: decode latency decode case_6_18. Segment 19: tail prefill model case_6_19. Segment 20: percentile streaming streaming case_6_20. Segment 21: tokens profiling scheduler case_6_21. Segment 22: streaming queueing analysis case_6_22. Segment 23: concurrency tail tail case_6_23. Segment 24: benchmark benchmark latency case_6_24. Segment 25: regression model concurrency case_6_25. Segment 26: analysis batching batching case_6_26. Segment 27: profiling tokens profiling case_6_27. Segment 28: inference analysis percentile case_6_28. Segment 29: model throughput throughput case_6_29. Segment 30: latency decode benchmark case_6_30. Segment 31: throughput concurrency prefill case_6_31. Segment 32: queueing inference inference case_6_32. Segment 33: scheduler scheduler,vllm,Qwen/Qwen2-0.5B-Instruct,True,2026-03-16T18:08:42.685783Z,2026-03-16T18:08:45.637272Z,2951.4889909987687,170.09745399991516,2951.4889909987687,46,True,15.5853537452748,True,200,,
27041a89-2aa6-4f7b-a229-270b8bfc3e03,20260316_180650,exp-vllm-public-ctx512-stream-true,ctx-512,1,4,15,Benchmark case 13. You are analyzing inference performance. Provide concise observations on latency and throughput behavior. Segment 0: benchmark latency benchmark case_12_0. Segment 1: regression prefill prefill case_12_1. Segment 2: analysis streaming inference case_12_2. Segment 3: profiling profiling tokens case_12_3. Segment 4: inference queueing queueing case_12_4. Segment 5: model tail regression case_12_5. Segment 6: latency benchmark decode case_12_6. Segment 7: throughput model model case_12_7. Segment 8: queueing batching streaming case_12_8. Segment 9: scheduler tokens scheduler case_12_9. Segment 10: batching analysis analysis case_12_10. Segment 11: prefill throughput tail case_12_11. Segment 12: decode decode latency case_12_12. Segment 13: tail concurrency concurrency case_12_13. Segment 14: percentile inference batching case_12_14. Segment 15: tokens scheduler profiling case_12_15. Segment 16: streaming percentile percentile case_12_16. Segment 17: concurrency regression throughput case_12_17. Segment 18: benchmark latency benchmark case_12_18. Segment 19: regression prefill prefill case_12_19. Segment 20: analysis streaming inference case_12_20. Segment 21: profiling profiling tokens case_12_21. Segment 22: inference queueing queueing case_12_22. Segment 23: model tail regression case_12_23. Segment 24: latency benchmark decode case_12_24. Segment 25: throughput model model case_12_25. Segment 26: queueing batching streaming case_12_26. Segment 27: scheduler tokens scheduler case_12_27. Segment 28: batching analysis analysis case_12_28. Segment 29: prefill throughput tail case_12_29. Segment 30: decode decode latency case_12_30. Segment 3,vllm,Qwen/Qwen2-0.5B-Instruct,True,2026-03-16T18:08:42.686379Z,2026-03-16T18:08:45.636424Z,2950.0478059999296,169.64826500043273,2950.0478059999296,54,True,18.304788108915577,True,200,,
bb89d8bf-918a-4973-9e42-74ae0c02f1f4,20260316_180650,exp-vllm-public-ctx512-stream-true,ctx-512,1,4,16,Benchmark case 9. You are analyzing inference performance. Provide concise observations on latency and throughput behavior. Segment 0: percentile decode queueing case_8_0. Segment 1: tokens concurrency regression case_8_1. Segment 2: streaming inference decode case_8_2. Segment 3: concurrency scheduler model case_8_3. Segment 4: benchmark percentile streaming case_8_4. Segment 5: regression regression scheduler case_8_5. Segment 6: analysis latency analysis case_8_6. Segment 7: profiling prefill tail case_8_7. Segment 8: inference streaming latency case_8_8. Segment 9: model profiling concurrency case_8_9. Segment 10: latency queueing batching case_8_10. Segment 11: throughput tail profiling case_8_11. Segment 12: queueing benchmark percentile case_8_12. Segment 13: scheduler model throughput case_8_13. Segment 14: batching batching benchmark case_8_14. Segment 15: prefill tokens prefill case_8_15. Segment 16: decode analysis inference case_8_16. Segment 17: tail throughput tokens case_8_17. Segment 18: percentile decode queueing case_8_18. Segment 19: tokens concurrency regression case_8_19. Segment 20: streaming inference decode case_8_20. Segment 21: concurrency scheduler model case_8_21. Segment 22: benchmark percentile streaming case_8_22. Segment 23: regression regression scheduler case_8_23. Segment 24: analysis latency analysis case_8_24. Segment 25: profiling prefill tail case_8_25. Segment 26: inference streaming latency case_8_26. Segment 27: model profiling concurrency case_8_27. Segment 28: latency queueing batching case_8_28. Segment 29: throughput tail profiling case_8_29. Segment 30: queueing benchmark percentile case_8_30. Segment 31: scheduler model throughput case_8_31. Segment 32: batching batching benchmark case_8_32. Segment 33: prefill,vllm,Qwen/Qwen2-0.5B-Instruct,True,2026-03-16T18:08:45.587202Z,2026-03-16T18:08:48.554413Z,2967.21830199931,135.24217099984526,2967.21830199931,43,True,14.491687372993967,True,200,,
48679f9b-205a-4675-86ac-445d2d073e0f,20260316_180650,exp-vllm-public-ctx512-stream-true,ctx-512,1,4,17,Benchmark case 11. You are analyzing inference performance. Provide concise observations on latency and throughput behavior. Segment 0: streaming benchmark inference case_10_0. Segment 1: concurrency model tokens case_10_1. Segment 2: benchmark batching queueing case_10_2. Segment 3: regression tokens regression case_10_3. Segment 4: analysis analysis decode case_10_4. Segment 5: profiling throughput model case_10_5. Segment 6: inference decode streaming case_10_6. Segment 7: model concurrency scheduler case_10_7. Segment 8: latency inference analysis case_10_8. Segment 9: throughput scheduler tail case_10_9. Segment 10: queueing percentile latency case_10_10. Segment 11: scheduler regression concurrency case_10_11. Segment 12: batching latency batching case_10_12. Segment 13: prefill prefill profiling case_10_13. Segment 14: decode streaming percentile case_10_14. Segment 15: tail profiling throughput case_10_15. Segment 16: percentile queueing benchmark case_10_16. Segment 17: tokens tail prefill case_10_17. Segment 18: streaming benchmark inference case_10_18. Segment 19: concurrency model tokens case_10_19. Segment 20: benchmark batching queueing case_10_20. Segment 21: regression tokens regression case_10_21. Segment 22: analysis analysis decode case_10_22. Segment 23: profiling throughput model case_10_23. Segment 24: inference decode streaming case_10_24. Segment 25: model concurrency scheduler case_10_25. Segment 26: latency inference analysis case_10_26. Segment 27: throughput scheduler tail case_10_27. Segment 28: queueing percentile latency case_10_28. Segment 29: scheduler regression concurrency case_10_29. Segment 30: batching latency batching case_10_30. Segment 31: prefill,vllm,Qwen/Qwen2-0.5B-Instruct,True,2026-03-16T18:08:45.587636Z,2026-03-16T18:08:48.555152Z,2967.5163909996627,134.95586099998036,2967.5163909996627,51,True,17.186088728837554,True,200,,
c588b471-b7c0-4c16-9f6f-3683c7d4cfd8,20260316_180650,exp-vllm-public-ctx512-stream-true,ctx-512,1,4,18,Benchmark case 19. You are analyzing inference performance. Provide concise observations on latency and throughput behavior. Segment 0: latency latency latency case_18_0. Segment 1: throughput prefill concurrency case_18_1. Segment 2: queueing streaming batching case_18_2. Segment 3: scheduler profiling profiling case_18_3. Segment 4: batching queueing percentile case_18_4. Segment 5: prefill tail throughput case_18_5. Segment 6: decode benchmark benchmark case_18_6. Segment 7: tail model prefill case_18_7. Segment 8: percentile batching inference case_18_8. Segment 9: tokens tokens tokens case_18_9. Segment 10: streaming analysis queueing case_18_10. Segment 11: concurrency throughput regression case_18_11. Segment 12: benchmark decode decode case_18_12. Segment 13: regression concurrency model case_18_13. Segment 14: analysis inference streaming case_18_14. Segment 15: profiling scheduler scheduler case_18_15. Segment 16: inference percentile analysis case_18_16. Segment 17: model regression tail case_18_17. Segment 18: latency latency latency case_18_18. Segment 19: throughput prefill concurrency case_18_19. Segment 20: queueing streaming batching case_18_20. Segment 21: scheduler profiling profiling case_18_21. Segment 22: batching queueing percentile case_18_22. Segment 23: prefill tail throughput case_18_23. Segment 24: decode benchmark benchmark case_18_24. Segment 25: tail model prefill case_18_25. Segment 26: percentile batching inference case_18_26. Segment 27: tokens tokens tokens case_18_27. Segment 28: streaming analysis queueing case_18_28. Segment 29: concurrency throughput regression case_18_29. Segment 30: benchmark decode decode case_18_30. Segment 3,vllm,Qwen/Qwen2-0.5B-Instruct,True,2026-03-16T18:08:45.636825Z,2026-03-16T18:08:48.608073Z,2971.2473590006994,171.535085000869,2971.2473590006994,27,True,9.087092637443938,True,200,,
fc4b5bec-5dd1-4d27-8281-ae309bc1b106,20260316_180650,exp-vllm-public-ctx512-stream-true,ctx-512,1,4,19,Benchmark case 15. You are analyzing inference performance. Provide concise observations on latency and throughput behavior. Segment 0: analysis decode percentile case_14_0. Segment 1: profiling concurrency throughput case_14_1. Segment 2: inference inference benchmark case_14_2. Segment 3: model scheduler prefill case_14_3. Segment 4: latency percentile inference case_14_4. Segment 5: throughput regression tokens case_14_5. Segment 6: queueing latency queueing case_14_6. Segment 7: scheduler prefill regression case_14_7. Segment 8: batching streaming decode case_14_8. Segment 9: prefill profiling model case_14_9. Segment 10: decode queueing streaming case_14_10. Segment 11: tail tail scheduler case_14_11. Segment 12: percentile benchmark analysis case_14_12. Segment 13: tokens model tail case_14_13. Segment 14: streaming batching latency case_14_14. Segment 15: concurrency tokens concurrency case_14_15. Segment 16: benchmark analysis batching case_14_16. Segment 17: regression throughput profiling case_14_17. Segment 18: analysis decode percentile case_14_18. Segment 19: profiling concurrency throughput case_14_19. Segment 20: inference inference benchmark case_14_20. Segment 21: model scheduler prefill case_14_21. Segment 22: latency percentile inference case_14_22. Segment 23: throughput regression tokens case_14_23. Segment 24: queueing latency queueing case_14_24. Segment 25: scheduler prefill regression case_14_25. Segment 26: batching streaming decode case_14_26. Segment 27: prefill profiling model case_14_27. Segment 28: decode queueing streaming case_14_28. Segment 29: tail tail scheduler case_14_29. Segment 30: percentile benchmark analysis case_14_30. Segment 3,vllm,Qwen/Qwen2-0.5B-Instruct,True,2026-03-16T18:08:45.637608Z,2026-03-16T18:08:48.607279Z,2969.6726729998772,170.9138089991029,2969.6726729998772,44,True,14.816447751984892,True,200,,
1253c104-c0af-435c-9b1b-c0e699a0c629,20260316_180650,exp-vllm-public-ctx512-stream-true,ctx-512,1,4,20,Benchmark case 18. You are analyzing inference performance. Provide concise observations on latency and throughput behavior. Segment 0: model profiling concurrency case_17_0. Segment 1: latency queueing batching case_17_1. Segment 2: throughput tail profiling case_17_2. Segment 3: queueing benchmark percentile case_17_3. Segment 4: scheduler model throughput case_17_4. Segment 5: batching batching benchmark case_17_5. Segment 6: prefill tokens prefill case_17_6. Segment 7: decode analysis inference case_17_7. Segment 8: tail throughput tokens case_17_8. Segment 9: percentile decode queueing case_17_9. Segment 10: tokens concurrency regression case_17_10. Segment 11: streaming inference decode case_17_11. Segment 12: concurrency scheduler model case_17_12. Segment 13: benchmark percentile streaming case_17_13. Segment 14: regression regression scheduler case_17_14. Segment 15: analysis latency analysis case_17_15. Segment 16: profiling prefill tail case_17_16. Segment 17: inference streaming latency case_17_17. Segment 18: model profiling concurrency case_17_18. Segment 19: latency queueing batching case_17_19. Segment 20: throughput tail profiling case_17_20. Segment 21: queueing benchmark percentile case_17_21. Segment 22: scheduler model throughput case_17_22. Segment 23: batching batching benchmark case_17_23. Segment 24: prefill tokens prefill case_17_24. Segment 25: decode analysis inference case_17_25. Segment 26: tail throughput tokens case_17_26. Segment 27: percentile decode queueing case_17_27. Segment 28: tokens concurrency regression case_17_28. Segment 29: streaming inference decode case_17_29. Segment 30: concurrency scheduler model case_17_30. Segment 31,vllm,Qwen/Qwen2-0.5B-Instruct,True,2026-03-16T18:08:48.555303Z,2026-03-16T18:08:51.579794Z,3024.4950399992376,137.62222500008647,3024.4950399992376,48,True,15.870417826842294,True,200,,
2efbfc82-675e-47b6-a225-9d164bc37dd5,20260316_180650,exp-vllm-public-ctx512-stream-true,ctx-512,1,4,21,Benchmark case 14. You are analyzing inference performance. Provide concise observations on latency and throughput behavior. Segment 0: regression scheduler throughput case_13_0. Segment 1: analysis percentile benchmark case_13_1. Segment 2: profiling regression prefill case_13_2. Segment 3: inference latency inference case_13_3. Segment 4: model prefill tokens case_13_4. Segment 5: latency streaming queueing case_13_5. Segment 6: throughput profiling regression case_13_6. Segment 7: queueing queueing decode case_13_7. Segment 8: scheduler tail model case_13_8. Segment 9: batching benchmark streaming case_13_9. Segment 10: prefill model scheduler case_13_10. Segment 11: decode batching analysis case_13_11. Segment 12: tail tokens tail case_13_12. Segment 13: percentile analysis latency case_13_13. Segment 14: tokens throughput concurrency case_13_14. Segment 15: streaming decode batching case_13_15. Segment 16: concurrency concurrency profiling case_13_16. Segment 17: benchmark inference percentile case_13_17. Segment 18: regression scheduler throughput case_13_18. Segment 19: analysis percentile benchmark case_13_19. Segment 20: profiling regression prefill case_13_20. Segment 21: inference latency inference case_13_21. Segment 22: model prefill tokens case_13_22. Segment 23: latency streaming queueing case_13_23. Segment 24: throughput profiling regression case_13_24. Segment 25: queueing queueing decode case_13_25. Segment 26: scheduler tail model case_13_26. Segment 27: batching benchmark streaming case_13_27. Segment 28: prefill model scheduler case_13_28. Segment 29: decode batching analysis case_13_29. Segment 30: tail tokens tail case_13_30. Segment 3,vllm,Qwen/Qwen2-0.5B-Instruct,True,2026-03-16T18:08:48.556081Z,2026-03-16T18:08:51.580431Z,3024.350591000257,136.96912200066436,3024.350591000257,37,True,12.234031368619478,True,200,,
7a901292-a61f-4174-af1a-2f1745220930,20260316_180650,exp-vllm-public-ctx512-stream-true,ctx-512,1,4,22,Benchmark case 3. You are analyzing inference performance. Provide concise observations on latency and throughput behavior. Segment 0: queueing decode analysis case_2_0. Segment 1: scheduler concurrency tail case_2_1. Segment 2: batching inference latency case_2_2. Segment 3: prefill scheduler concurrency case_2_3. Segment 4: decode percentile batching case_2_4. Segment 5: tail regression profiling case_2_5. Segment 6: percentile latency percentile case_2_6. Segment 7: tokens prefill throughput case_2_7. Segment 8: streaming streaming benchmark case_2_8. Segment 9: concurrency profiling prefill case_2_9. Segment 10: benchmark queueing inference case_2_10. Segment 11: regression tail tokens case_2_11. Segment 12: analysis benchmark queueing case_2_12. Segment 13: profiling model regression case_2_13. Segment 14: inference batching decode case_2_14. Segment 15: model tokens model case_2_15. Segment 16: latency analysis streaming case_2_16. Segment 17: throughput throughput scheduler case_2_17. Segment 18: queueing decode analysis case_2_18. Segment 19: scheduler concurrency tail case_2_19. Segment 20: batching inference latency case_2_20. Segment 21: prefill scheduler concurrency case_2_21. Segment 22: decode percentile batching case_2_22. Segment 23: tail regression profiling case_2_23. Segment 24: percentile latency percentile case_2_24. Segment 25: tokens prefill throughput case_2_25. Segment 26: streaming streaming benchmark case_2_26. Segment 27: concurrency profiling prefill case_2_27. Segment 28: benchmark queueing inference case_2_28. Segment 29: regression tail tokens case_2_29. Segment 30: analysis benchmark queueing case_2_30. Segment 31: profiling model regression case_2_31. Segment 32: inference batching decode case_2_32. Segment 33:,vllm,Qwen/Qwen2-0.5B-Instruct,True,2026-03-16T18:08:48.607684Z,2026-03-16T18:08:51.622201Z,3014.516719000312,178.4658849992411,3014.516719000312,41,True,13.600853410956237,True,200,,
0c800e3d-ebd4-4958-9242-0449b80aa655,20260316_180650,exp-vllm-public-ctx512-stream-true,ctx-512,1,4,23,Benchmark case 12. You are analyzing inference performance. Provide concise observations on latency and throughput behavior. Segment 0: concurrency profiling prefill case_11_0. Segment 1: benchmark queueing inference case_11_1. Segment 2: regression tail tokens case_11_2. Segment 3: analysis benchmark queueing case_11_3. Segment 4: profiling model regression case_11_4. Segment 5: inference batching decode case_11_5. Segment 6: model tokens model case_11_6. Segment 7: latency analysis streaming case_11_7. Segment 8: throughput throughput scheduler case_11_8. Segment 9: queueing decode analysis case_11_9. Segment 10: scheduler concurrency tail case_11_10. Segment 11: batching inference latency case_11_11. Segment 12: prefill scheduler concurrency case_11_12. Segment 13: decode percentile batching case_11_13. Segment 14: tail regression profiling case_11_14. Segment 15: percentile latency percentile case_11_15. Segment 16: tokens prefill throughput case_11_16. Segment 17: streaming streaming benchmark case_11_17. Segment 18: concurrency profiling prefill case_11_18. Segment 19: benchmark queueing inference case_11_19. Segment 20: regression tail tokens case_11_20. Segment 21: analysis benchmark queueing case_11_21. Segment 22: profiling model regression case_11_22. Segment 23: inference batching decode case_11_23. Segment 24: model tokens model case_11_24. Segment 25: latency analysis streaming case_11_25. Segment 26: throughput throughput scheduler case_11_26. Segment 27: queueing decode analysis case_11_27. Segment 28: scheduler concurrency tail case_11_28. Segment 29: batching inference latency case_11_29. Segment 30: prefill scheduler concurrency case_11_30. Segment 31,vllm,Qwen/Qwen2-0.5B-Instruct,True,2026-03-16T18:08:48.608334Z,2026-03-16T18:08:51.621822Z,3013.489438000761,178.01436899935652,3013.489438000761,50,True,16.59206080814124,True,200,,
91975533-36f0-4de7-bc49-1a88052f34e1,20260316_180650,exp-vllm-public-ctx512-stream-true,ctx-512,1,8,0,Benchmark case 2. You are analyzing inference performance. Provide concise observations on latency and throughput behavior. Segment 0: throughput scheduler tail case_1_0. Segment 1: queueing percentile latency case_1_1. Segment 2: scheduler regression concurrency case_1_2. Segment 3: batching latency batching case_1_3. Segment 4: prefill prefill profiling case_1_4. Segment 5: decode streaming percentile case_1_5. Segment 6: tail profiling throughput case_1_6. Segment 7: percentile queueing benchmark case_1_7. Segment 8: tokens tail prefill case_1_8. Segment 9: streaming benchmark inference case_1_9. Segment 10: concurrency model tokens case_1_10. Segment 11: benchmark batching queueing case_1_11. Segment 12: regression tokens regression case_1_12. Segment 13: analysis analysis decode case_1_13. Segment 14: profiling throughput model case_1_14. Segment 15: inference decode streaming case_1_15. Segment 16: model concurrency scheduler case_1_16. Segment 17: latency inference analysis case_1_17. Segment 18: throughput scheduler tail case_1_18. Segment 19: queueing percentile latency case_1_19. Segment 20: scheduler regression concurrency case_1_20. Segment 21: batching latency batching case_1_21. Segment 22: prefill prefill profiling case_1_22. Segment 23: decode streaming percentile case_1_23. Segment 24: tail profiling throughput case_1_24. Segment 25: percentile queueing benchmark case_1_25. Segment 26: tokens tail prefill case_1_26. Segment 27: streaming benchmark inference case_1_27. Segment 28: concurrency model tokens case_1_28. Segment 29: benchmark batching queueing case_1_29. Segment 30: regression tokens regression case_1_30. Segment 31: analysis analysis decode case_1_31. Segment 32: profiling throughput model case_1_32. Segment 33:,vllm,Qwen/Qwen2-0.5B-Instruct,True,2026-03-16T18:08:51.622756Z,2026-03-16T18:08:55.977595Z,4354.842711998572,84.4315580015973,4354.842711998572,46,True,10.562953255064677,True,200,,
7b2b52f6-b3ae-43c5-b590-7db75045e2f2,20260316_180650,exp-vllm-public-ctx512-stream-true,ctx-512,1,8,1,Benchmark case 14. You are analyzing inference performance. Provide concise observations on latency and throughput behavior. Segment 0: regression scheduler throughput case_13_0. Segment 1: analysis percentile benchmark case_13_1. Segment 2: profiling regression prefill case_13_2. Segment 3: inference latency inference case_13_3. Segment 4: model prefill tokens case_13_4. Segment 5: latency streaming queueing case_13_5. Segment 6: throughput profiling regression case_13_6. Segment 7: queueing queueing decode case_13_7. Segment 8: scheduler tail model case_13_8. Segment 9: batching benchmark streaming case_13_9. Segment 10: prefill model scheduler case_13_10. Segment 11: decode batching analysis case_13_11. Segment 12: tail tokens tail case_13_12. Segment 13: percentile analysis latency case_13_13. Segment 14: tokens throughput concurrency case_13_14. Segment 15: streaming decode batching case_13_15. Segment 16: concurrency concurrency profiling case_13_16. Segment 17: benchmark inference percentile case_13_17. Segment 18: regression scheduler throughput case_13_18. Segment 19: analysis percentile benchmark case_13_19. Segment 20: profiling regression prefill case_13_20. Segment 21: inference latency inference case_13_21. Segment 22: model prefill tokens case_13_22. Segment 23: latency streaming queueing case_13_23. Segment 24: throughput profiling regression case_13_24. Segment 25: queueing queueing decode case_13_25. Segment 26: scheduler tail model case_13_26. Segment 27: batching benchmark streaming case_13_27. Segment 28: prefill model scheduler case_13_28. Segment 29: decode batching analysis case_13_29. Segment 30: tail tokens tail case_13_30. Segment 3,vllm,Qwen/Qwen2-0.5B-Instruct,True,2026-03-16T18:08:51.623342Z,2026-03-16T18:08:56.055121Z,4431.7826659989805,268.12413900006504,4431.7826659989805,33,True,7.446213518812384,True,200,,
a3613af9-6ac3-43e5-b290-743f642fbea2,20260316_180650,exp-vllm-public-ctx512-stream-true,ctx-512,1,8,2,Benchmark case 5. You are analyzing inference performance. Provide concise observations on latency and throughput behavior. Segment 0: batching benchmark streaming case_4_0. Segment 1: prefill model scheduler case_4_1. Segment 2: decode batching analysis case_4_2. Segment 3: tail tokens tail case_4_3. Segment 4: percentile analysis latency case_4_4. Segment 5: tokens throughput concurrency case_4_5. Segment 6: streaming decode batching case_4_6. Segment 7: concurrency concurrency profiling case_4_7. Segment 8: benchmark inference percentile case_4_8. Segment 9: regression scheduler throughput case_4_9. Segment 10: analysis percentile benchmark case_4_10. Segment 11: profiling regression prefill case_4_11. Segment 12: inference latency inference case_4_12. Segment 13: model prefill tokens case_4_13. Segment 14: latency streaming queueing case_4_14. Segment 15: throughput profiling regression case_4_15. Segment 16: queueing queueing decode case_4_16. Segment 17: scheduler tail model case_4_17. Segment 18: batching benchmark streaming case_4_18. Segment 19: prefill model scheduler case_4_19. Segment 20: decode batching analysis case_4_20. Segment 21: tail tokens tail case_4_21. Segment 22: percentile analysis latency case_4_22. Segment 23: tokens throughput concurrency case_4_23. Segment 24: streaming decode batching case_4_24. Segment 25: concurrency concurrency profiling case_4_25. Segment 26: benchmark inference percentile case_4_26. Segment 27: regression scheduler throughput case_4_27. Segment 28: analysis percentile benchmark case_4_28. Segment 29: profiling regression prefill case_4_29. Segment 30: inference latency inference case_4_30. Segment 31: model prefill tokens case_4_31. Segment 32: latency streaming queueing case_4_32. Segment 33: throughput profiling,vllm,Qwen/Qwen2-0.5B-Instruct,True,2026-03-16T18:08:51.623524Z,2026-03-16T18:08:56.056833Z,4433.308653000495,268.47702499981096,4433.308653000495,44,True,9.924867281735615,True,200,,
52696ab5-3b4a-4c2f-82ad-87544bc7519a,20260316_180650,exp-vllm-public-ctx512-stream-true,ctx-512,1,8,3,Benchmark case 1. You are analyzing inference performance. Provide concise observations on latency and throughput behavior. Segment 0: latency latency latency case_0_0. Segment 1: throughput prefill concurrency case_0_1. Segment 2: queueing streaming batching case_0_2. Segment 3: scheduler profiling profiling case_0_3. Segment 4: batching queueing percentile case_0_4. Segment 5: prefill tail throughput case_0_5. Segment 6: decode benchmark benchmark case_0_6. Segment 7: tail model prefill case_0_7. Segment 8: percentile batching inference case_0_8. Segment 9: tokens tokens tokens case_0_9. Segment 10: streaming analysis queueing case_0_10. Segment 11: concurrency throughput regression case_0_11. Segment 12: benchmark decode decode case_0_12. Segment 13: regression concurrency model case_0_13. Segment 14: analysis inference streaming case_0_14. Segment 15: profiling scheduler scheduler case_0_15. Segment 16: inference percentile analysis case_0_16. Segment 17: model regression tail case_0_17. Segment 18: latency latency latency case_0_18. Segment 19: throughput prefill concurrency case_0_19. Segment 20: queueing streaming batching case_0_20. Segment 21: scheduler profiling profiling case_0_21. Segment 22: batching queueing percentile case_0_22. Segment 23: prefill tail throughput case_0_23. Segment 24: decode benchmark benchmark case_0_24. Segment 25: tail model prefill case_0_25. Segment 26: percentile batching inference case_0_26. Segment 27: tokens tokens tokens case_0_27. Segment 28: streaming analysis queueing case_0_28. Segment 29: concurrency throughput regression case_0_29. Segment 30: benchmark decode decode case_0_30. Segment 31: regression concurrency model case_0_31. Segment 32: analysis inference streaming case_0_32. Segment 33:,vllm,Qwen/Qwen2-0.5B-Instruct,True,2026-03-16T18:08:51.623691Z,2026-03-16T18:08:56.056730Z,4433.038283001224,268.2370530001208,4433.038283001224,50,True,11.278946133113328,True,200,,
8f6ee565-1ef2-4f15-bc67-bf2fa0ec6b77,20260316_180650,exp-vllm-public-ctx512-stream-true,ctx-512,1,8,4,Benchmark case 7. You are analyzing inference performance. Provide concise observations on latency and throughput behavior. Segment 0: decode latency decode case_6_0. Segment 1: tail prefill model case_6_1. Segment 2: percentile streaming streaming case_6_2. Segment 3: tokens profiling scheduler case_6_3. Segment 4: streaming queueing analysis case_6_4. Segment 5: concurrency tail tail case_6_5. Segment 6: benchmark benchmark latency case_6_6. Segment 7: regression model concurrency case_6_7. Segment 8: analysis batching batching case_6_8. Segment 9: profiling tokens profiling case_6_9. Segment 10: inference analysis percentile case_6_10. Segment 11: model throughput throughput case_6_11. Segment 12: latency decode benchmark case_6_12. Segment 13: throughput concurrency prefill case_6_13. Segment 14: queueing inference inference case_6_14. Segment 15: scheduler scheduler tokens case_6_15. Segment 16: batching percentile queueing case_6_16. Segment 17: prefill regression regression case_6_17. Segment 18: decode latency decode case_6_18. Segment 19: tail prefill model case_6_19. Segment 20: percentile streaming streaming case_6_20. Segment 21: tokens profiling scheduler case_6_21. Segment 22: streaming queueing analysis case_6_22. Segment 23: concurrency tail tail case_6_23. Segment 24: benchmark benchmark latency case_6_24. Segment 25: regression model concurrency case_6_25. Segment 26: analysis batching batching case_6_26. Segment 27: profiling tokens profiling case_6_27. Segment 28: inference analysis percentile case_6_28. Segment 29: model throughput throughput case_6_29. Segment 30: latency decode benchmark case_6_30. Segment 31: throughput concurrency prefill case_6_31. Segment 32: queueing inference inference case_6_32. Segment 33: scheduler scheduler,vllm,Qwen/Qwen2-0.5B-Instruct,True,2026-03-16T18:08:51.623828Z,2026-03-16T18:08:56.056960Z,4433.132358999501,268.2458300005237,4433.132358999501,46,True,10.376410238827516,True,200,,
34999a82-24d7-4168-8848-52f4c51bd7ba,20260316_180650,exp-vllm-public-ctx512-stream-true,ctx-512,1,8,5,Benchmark case 3. You are analyzing inference performance. Provide concise observations on latency and throughput behavior. Segment 0: queueing decode analysis case_2_0. Segment 1: scheduler concurrency tail case_2_1. Segment 2: batching inference latency case_2_2. Segment 3: prefill scheduler concurrency case_2_3. Segment 4: decode percentile batching case_2_4. Segment 5: tail regression profiling case_2_5. Segment 6: percentile latency percentile case_2_6. Segment 7: tokens prefill throughput case_2_7. Segment 8: streaming streaming benchmark case_2_8. Segment 9: concurrency profiling prefill case_2_9. Segment 10: benchmark queueing inference case_2_10. Segment 11: regression tail tokens case_2_11. Segment 12: analysis benchmark queueing case_2_12. Segment 13: profiling model regression case_2_13. Segment 14: inference batching decode case_2_14. Segment 15: model tokens model case_2_15. Segment 16: latency analysis streaming case_2_16. Segment 17: throughput throughput scheduler case_2_17. Segment 18: queueing decode analysis case_2_18. Segment 19: scheduler concurrency tail case_2_19. Segment 20: batching inference latency case_2_20. Segment 21: prefill scheduler concurrency case_2_21. Segment 22: decode percentile batching case_2_22. Segment 23: tail regression profiling case_2_23. Segment 24: percentile latency percentile case_2_24. Segment 25: tokens prefill throughput case_2_25. Segment 26: streaming streaming benchmark case_2_26. Segment 27: concurrency profiling prefill case_2_27. Segment 28: benchmark queueing inference case_2_28. Segment 29: regression tail tokens case_2_29. Segment 30: analysis benchmark queueing case_2_30. Segment 31: profiling model regression case_2_31. Segment 32: inference batching decode case_2_32. Segment 33:,vllm,Qwen/Qwen2-0.5B-Instruct,True,2026-03-16T18:08:51.624440Z,2026-03-16T18:08:56.056225Z,4431.785692999256,267.1817150003335,4431.785692999256,44,True,9.92827791052833,True,200,,
cba184c3-37b2-498f-9f89-8ea98b41108a,20260316_180650,exp-vllm-public-ctx512-stream-true,ctx-512,1,8,6,Benchmark case 4. You are analyzing inference performance. Provide concise observations on latency and throughput behavior. Segment 0: scheduler tokens scheduler case_3_0. Segment 1: batching analysis analysis case_3_1. Segment 2: prefill throughput tail case_3_2. Segment 3: decode decode latency case_3_3. Segment 4: tail concurrency concurrency case_3_4. Segment 5: percentile inference batching case_3_5. Segment 6: tokens scheduler profiling case_3_6. Segment 7: streaming percentile percentile case_3_7. Segment 8: concurrency regression throughput case_3_8. Segment 9: benchmark latency benchmark case_3_9. Segment 10: regression prefill prefill case_3_10. Segment 11: analysis streaming inference case_3_11. Segment 12: profiling profiling tokens case_3_12. Segment 13: inference queueing queueing case_3_13. Segment 14: model tail regression case_3_14. Segment 15: latency benchmark decode case_3_15. Segment 16: throughput model model case_3_16. Segment 17: queueing batching streaming case_3_17. Segment 18: scheduler tokens scheduler case_3_18. Segment 19: batching analysis analysis case_3_19. Segment 20: prefill throughput tail case_3_20. Segment 21: decode decode latency case_3_21. Segment 22: tail concurrency concurrency case_3_22. Segment 23: percentile inference batching case_3_23. Segment 24: tokens scheduler profiling case_3_24. Segment 25: streaming percentile percentile case_3_25. Segment 26: concurrency regression throughput case_3_26. Segment 27: benchmark latency benchmark case_3_27. Segment 28: regression prefill prefill case_3_28. Segment 29: analysis streaming inference case_3_29. Segment 30: profiling profiling tokens case_3_30. Segment 31: inference queueing queueing case_3_31. Segment 32: model tail regression case_3_32. Segment 33: latency,vllm,Qwen/Qwen2-0.5B-Instruct,True,2026-03-16T18:08:51.624620Z,2026-03-16T18:08:56.056415Z,4431.796019000103,267.09041799949773,4431.796019000103,9,True,2.030779386374053,True,200,,
9953f75f-63eb-4322-b185-2d6145511d08,20260316_180650,exp-vllm-public-ctx512-stream-true,ctx-512,1,8,7,Benchmark case 10. You are analyzing inference performance. Provide concise observations on latency and throughput behavior. Segment 0: tokens tokens tokens case_9_0. Segment 1: streaming analysis queueing case_9_1. Segment 2: concurrency throughput regression case_9_2. Segment 3: benchmark decode decode case_9_3. Segment 4: regression concurrency model case_9_4. Segment 5: analysis inference streaming case_9_5. Segment 6: profiling scheduler scheduler case_9_6. Segment 7: inference percentile analysis case_9_7. Segment 8: model regression tail case_9_8. Segment 9: latency latency latency case_9_9. Segment 10: throughput prefill concurrency case_9_10. Segment 11: queueing streaming batching case_9_11. Segment 12: scheduler profiling profiling case_9_12. Segment 13: batching queueing percentile case_9_13. Segment 14: prefill tail throughput case_9_14. Segment 15: decode benchmark benchmark case_9_15. Segment 16: tail model prefill case_9_16. Segment 17: percentile batching inference case_9_17. Segment 18: tokens tokens tokens case_9_18. Segment 19: streaming analysis queueing case_9_19. Segment 20: concurrency throughput regression case_9_20. Segment 21: benchmark decode decode case_9_21. Segment 22: regression concurrency model case_9_22. Segment 23: analysis inference streaming case_9_23. Segment 24: profiling scheduler scheduler case_9_24. Segment 25: inference percentile analysis case_9_25. Segment 26: model regression tail case_9_26. Segment 27: latency latency latency case_9_27. Segment 28: throughput prefill concurrency case_9_28. Segment 29: queueing streaming batching case_9_29. Segment 30: scheduler profiling profiling case_9_30. Segment 31: batching queueing percentile case_9_31. Segment 32: prefill tail throughput case_9_32. Segment 33:,vllm,Qwen/Qwen2-0.5B-Instruct,True,2026-03-16T18:08:51.624790Z,2026-03-16T18:08:56.056583Z,4431.793816000209,267.06367999940994,4431.793816000209,51,True,11.507755576505728,True,200,,
36cc8221-1502-4bc5-bc1d-d108781e5c1d,20260316_180650,exp-vllm-public-ctx512-stream-true,ctx-512,1,8,8,Benchmark case 21. You are analyzing inference performance. Provide concise observations on latency and throughput behavior. Segment 0: queueing decode analysis case_20_0. Segment 1: scheduler concurrency tail case_20_1. Segment 2: batching inference latency case_20_2. Segment 3: prefill scheduler concurrency case_20_3. Segment 4: decode percentile batching case_20_4. Segment 5: tail regression profiling case_20_5. Segment 6: percentile latency percentile case_20_6. Segment 7: tokens prefill throughput case_20_7. Segment 8: streaming streaming benchmark case_20_8. Segment 9: concurrency profiling prefill case_20_9. Segment 10: benchmark queueing inference case_20_10. Segment 11: regression tail tokens case_20_11. Segment 12: analysis benchmark queueing case_20_12. Segment 13: profiling model regression case_20_13. Segment 14: inference batching decode case_20_14. Segment 15: model tokens model case_20_15. Segment 16: latency analysis streaming case_20_16. Segment 17: throughput throughput scheduler case_20_17. Segment 18: queueing decode analysis case_20_18. Segment 19: scheduler concurrency tail case_20_19. Segment 20: batching inference latency case_20_20. Segment 21: prefill scheduler concurrency case_20_21. Segment 22: decode percentile batching case_20_22. Segment 23: tail regression profiling case_20_23. Segment 24: percentile latency percentile case_20_24. Segment 25: tokens prefill throughput case_20_25. Segment 26: streaming streaming benchmark case_20_26. Segment 27: concurrency profiling prefill case_20_27. Segment 28: benchmark queueing inference case_20_28. Segment 29: regression tail tokens case_20_29. Segment 30: analysis benchmark queueing case_20_30. Segment 3,vllm,Qwen/Qwen2-0.5B-Instruct,True,2026-03-16T18:08:55.978108Z,2026-03-16T18:09:00.458893Z,4480.799862998538,165.23803699965356,4480.799862998538,48,True,10.712373118106317,True,200,,
689ace34-b90b-4dcc-94fc-37158b877c02,20260316_180650,exp-vllm-public-ctx512-stream-true,ctx-512,1,8,9,Benchmark case 11. You are analyzing inference performance. Provide concise observations on latency and throughput behavior. Segment 0: streaming benchmark inference case_10_0. Segment 1: concurrency model tokens case_10_1. Segment 2: benchmark batching queueing case_10_2. Segment 3: regression tokens regression case_10_3. Segment 4: analysis analysis decode case_10_4. Segment 5: profiling throughput model case_10_5. Segment 6: inference decode streaming case_10_6. Segment 7: model concurrency scheduler case_10_7. Segment 8: latency inference analysis case_10_8. Segment 9: throughput scheduler tail case_10_9. Segment 10: queueing percentile latency case_10_10. Segment 11: scheduler regression concurrency case_10_11. Segment 12: batching latency batching case_10_12. Segment 13: prefill prefill profiling case_10_13. Segment 14: decode streaming percentile case_10_14. Segment 15: tail profiling throughput case_10_15. Segment 16: percentile queueing benchmark case_10_16. Segment 17: tokens tail prefill case_10_17. Segment 18: streaming benchmark inference case_10_18. Segment 19: concurrency model tokens case_10_19. Segment 20: benchmark batching queueing case_10_20. Segment 21: regression tokens regression case_10_21. Segment 22: analysis analysis decode case_10_22. Segment 23: profiling throughput model case_10_23. Segment 24: inference decode streaming case_10_24. Segment 25: model concurrency scheduler case_10_25. Segment 26: latency inference analysis case_10_26. Segment 27: throughput scheduler tail case_10_27. Segment 28: queueing percentile latency case_10_28. Segment 29: scheduler regression concurrency case_10_29. Segment 30: batching latency batching case_10_30. Segment 31: prefill,vllm,Qwen/Qwen2-0.5B-Instruct,True,2026-03-16T18:08:56.055726Z,2026-03-16T18:09:00.531102Z,4475.375936001001,259.41200999841385,4475.375936001001,41,True,9.1612415551923,True,200,,
7140be07-8f74-4ae3-8073-167ff7c2633e,20260316_180650,exp-vllm-public-ctx512-stream-true,ctx-512,1,8,10,Benchmark case 15. You are analyzing inference performance. Provide concise observations on latency and throughput behavior. Segment 0: analysis decode percentile case_14_0. Segment 1: profiling concurrency throughput case_14_1. Segment 2: inference inference benchmark case_14_2. Segment 3: model scheduler prefill case_14_3. Segment 4: latency percentile inference case_14_4. Segment 5: throughput regression tokens case_14_5. Segment 6: queueing latency queueing case_14_6. Segment 7: scheduler prefill regression case_14_7. Segment 8: batching streaming decode case_14_8. Segment 9: prefill profiling model case_14_9. Segment 10: decode queueing streaming case_14_10. Segment 11: tail tail scheduler case_14_11. Segment 12: percentile benchmark analysis case_14_12. Segment 13: tokens model tail case_14_13. Segment 14: streaming batching latency case_14_14. Segment 15: concurrency tokens concurrency case_14_15. Segment 16: benchmark analysis batching case_14_16. Segment 17: regression throughput profiling case_14_17. Segment 18: analysis decode percentile case_14_18. Segment 19: profiling concurrency throughput case_14_19. Segment 20: inference inference benchmark case_14_20. Segment 21: model scheduler prefill case_14_21. Segment 22: latency percentile inference case_14_22. Segment 23: throughput regression tokens case_14_23. Segment 24: queueing latency queueing case_14_24. Segment 25: scheduler prefill regression case_14_25. Segment 26: batching streaming decode case_14_26. Segment 27: prefill profiling model case_14_27. Segment 28: decode queueing streaming case_14_28. Segment 29: tail tail scheduler case_14_29. Segment 30: percentile benchmark analysis case_14_30. Segment 3,vllm,Qwen/Qwen2-0.5B-Instruct,True,2026-03-16T18:08:56.057278Z,2026-03-16T18:09:00.530996Z,4473.71798200038,257.7191340005811,4473.71798200038,44,True,9.835219872381366,True,200,,
52c136fb-bc4b-4e75-bda6-b30977c90446,20260316_180650,exp-vllm-public-ctx512-stream-true,ctx-512,1,8,11,Benchmark case 16. You are analyzing inference performance. Provide concise observations on latency and throughput behavior. Segment 0: profiling tokens profiling case_15_0. Segment 1: inference analysis percentile case_15_1. Segment 2: model throughput throughput case_15_2. Segment 3: latency decode benchmark case_15_3. Segment 4: throughput concurrency prefill case_15_4. Segment 5: queueing inference inference case_15_5. Segment 6: scheduler scheduler tokens case_15_6. Segment 7: batching percentile queueing case_15_7. Segment 8: prefill regression regression case_15_8. Segment 9: decode latency decode case_15_9. Segment 10: tail prefill model case_15_10. Segment 11: percentile streaming streaming case_15_11. Segment 12: tokens profiling scheduler case_15_12. Segment 13: streaming queueing analysis case_15_13. Segment 14: concurrency tail tail case_15_14. Segment 15: benchmark benchmark latency case_15_15. Segment 16: regression model concurrency case_15_16. Segment 17: analysis batching batching case_15_17. Segment 18: profiling tokens profiling case_15_18. Segment 19: inference analysis percentile case_15_19. Segment 20: model throughput throughput case_15_20. Segment 21: latency decode benchmark case_15_21. Segment 22: throughput concurrency prefill case_15_22. Segment 23: queueing inference inference case_15_23. Segment 24: scheduler scheduler tokens case_15_24. Segment 25: batching percentile queueing case_15_25. Segment 26: prefill regression regression case_15_26. Segment 27: decode latency decode case_15_27. Segment 28: tail prefill model case_15_28. Segment 29: percentile streaming streaming case_15_29. Segment 30: tokens profiling scheduler case_15_30. Segment 31,vllm,Qwen/Qwen2-0.5B-Instruct,True,2026-03-16T18:08:56.057525Z,2026-03-16T18:09:00.531208Z,4473.683105999953,257.69267800023954,4473.683105999953,46,True,10.282355479829661,True,200,,
79ae9538-f56f-44cd-b1e5-f80d83641a18,20260316_180650,exp-vllm-public-ctx512-stream-true,ctx-512,1,8,12,Benchmark case 12. You are analyzing inference performance. Provide concise observations on latency and throughput behavior. Segment 0: concurrency profiling prefill case_11_0. Segment 1: benchmark queueing inference case_11_1. Segment 2: regression tail tokens case_11_2. Segment 3: analysis benchmark queueing case_11_3. Segment 4: profiling model regression case_11_4. Segment 5: inference batching decode case_11_5. Segment 6: model tokens model case_11_6. Segment 7: latency analysis streaming case_11_7. Segment 8: throughput throughput scheduler case_11_8. Segment 9: queueing decode analysis case_11_9. Segment 10: scheduler concurrency tail case_11_10. Segment 11: batching inference latency case_11_11. Segment 12: prefill scheduler concurrency case_11_12. Segment 13: decode percentile batching case_11_13. Segment 14: tail regression profiling case_11_14. Segment 15: percentile latency percentile case_11_15. Segment 16: tokens prefill throughput case_11_16. Segment 17: streaming streaming benchmark case_11_17. Segment 18: concurrency profiling prefill case_11_18. Segment 19: benchmark queueing inference case_11_19. Segment 20: regression tail tokens case_11_20. Segment 21: analysis benchmark queueing case_11_21. Segment 22: profiling model regression case_11_22. Segment 23: inference batching decode case_11_23. Segment 24: model tokens model case_11_24. Segment 25: latency analysis streaming case_11_25. Segment 26: throughput throughput scheduler case_11_26. Segment 27: queueing decode analysis case_11_27. Segment 28: scheduler concurrency tail case_11_28. Segment 29: batching inference latency case_11_29. Segment 30: prefill scheduler concurrency case_11_30. Segment 31,vllm,Qwen/Qwen2-0.5B-Instruct,True,2026-03-16T18:08:56.057714Z,2026-03-16T18:09:00.530704Z,4472.989674999553,257.1054189993447,4472.989674999553,40,True,8.942564795883191,True,200,,
265fbbb0-f51a-4bad-9011-66fa2705351b,20260316_180650,exp-vllm-public-ctx512-stream-true,ctx-512,1,8,13,Benchmark case 19. You are analyzing inference performance. Provide concise observations on latency and throughput behavior. Segment 0: latency latency latency case_18_0. Segment 1: throughput prefill concurrency case_18_1. Segment 2: queueing streaming batching case_18_2. Segment 3: scheduler profiling profiling case_18_3. Segment 4: batching queueing percentile case_18_4. Segment 5: prefill tail throughput case_18_5. Segment 6: decode benchmark benchmark case_18_6. Segment 7: tail model prefill case_18_7. Segment 8: percentile batching inference case_18_8. Segment 9: tokens tokens tokens case_18_9. Segment 10: streaming analysis queueing case_18_10. Segment 11: concurrency throughput regression case_18_11. Segment 12: benchmark decode decode case_18_12. Segment 13: regression concurrency model case_18_13. Segment 14: analysis inference streaming case_18_14. Segment 15: profiling scheduler scheduler case_18_15. Segment 16: inference percentile analysis case_18_16. Segment 17: model regression tail case_18_17. Segment 18: latency latency latency case_18_18. Segment 19: throughput prefill concurrency case_18_19. Segment 20: queueing streaming batching case_18_20. Segment 21: scheduler profiling profiling case_18_21. Segment 22: batching queueing percentile case_18_22. Segment 23: prefill tail throughput case_18_23. Segment 24: decode benchmark benchmark case_18_24. Segment 25: tail model prefill case_18_25. Segment 26: percentile batching inference case_18_26. Segment 27: tokens tokens tokens case_18_27. Segment 28: streaming analysis queueing case_18_28. Segment 29: concurrency throughput regression case_18_29. Segment 30: benchmark decode decode case_18_30. Segment 3,vllm,Qwen/Qwen2-0.5B-Instruct,True,2026-03-16T18:08:56.057866Z,2026-03-16T18:09:00.530875Z,4473.0095290015015,257.04822999978205,4473.0095290015015,27,True,6.036204444667736,True,200,,
a4e6cbd7-0d3d-48e6-bed9-5f39333b1817,20260316_180650,exp-vllm-public-ctx512-stream-true,ctx-512,1,8,14,Benchmark case 23. You are analyzing inference performance. Provide concise observations on latency and throughput behavior. Segment 0: batching benchmark streaming case_22_0. Segment 1: prefill model scheduler case_22_1. Segment 2: decode batching analysis case_22_2. Segment 3: tail tokens tail case_22_3. Segment 4: percentile analysis latency case_22_4. Segment 5: tokens throughput concurrency case_22_5. Segment 6: streaming decode batching case_22_6. Segment 7: concurrency concurrency profiling case_22_7. Segment 8: benchmark inference percentile case_22_8. Segment 9: regression scheduler throughput case_22_9. Segment 10: analysis percentile benchmark case_22_10. Segment 11: profiling regression prefill case_22_11. Segment 12: inference latency inference case_22_12. Segment 13: model prefill tokens case_22_13. Segment 14: latency streaming queueing case_22_14. Segment 15: throughput profiling regression case_22_15. Segment 16: queueing queueing decode case_22_16. Segment 17: scheduler tail model case_22_17. Segment 18: batching benchmark streaming case_22_18. Segment 19: prefill model scheduler case_22_19. Segment 20: decode batching analysis case_22_20. Segment 21: tail tokens tail case_22_21. Segment 22: percentile analysis latency case_22_22. Segment 23: tokens throughput concurrency case_22_23. Segment 24: streaming decode batching case_22_24. Segment 25: concurrency concurrency profiling case_22_25. Segment 26: benchmark inference percentile case_22_26. Segment 27: regression scheduler throughput case_22_27. Segment 28: analysis percentile benchmark case_22_28. Segment 29: profiling regression prefill case_22_29. Segment 30: inference latency inference case_22_30. Segment 31: model pre,vllm,Qwen/Qwen2-0.5B-Instruct,True,2026-03-16T18:08:56.058008Z,2026-03-16T18:09:00.531304Z,4473.2952949998435,257.2856150000007,4473.2952949998435,41,True,9.165502676702106,True,200,,
82f908af-2be2-4dcc-b2bb-03a6b090a45e,20260316_180650,exp-vllm-public-ctx512-stream-true,ctx-512,1,8,15,Benchmark case 13. You are analyzing inference performance. Provide concise observations on latency and throughput behavior. Segment 0: benchmark latency benchmark case_12_0. Segment 1: regression prefill prefill case_12_1. Segment 2: analysis streaming inference case_12_2. Segment 3: profiling profiling tokens case_12_3. Segment 4: inference queueing queueing case_12_4. Segment 5: model tail regression case_12_5. Segment 6: latency benchmark decode case_12_6. Segment 7: throughput model model case_12_7. Segment 8: queueing batching streaming case_12_8. Segment 9: scheduler tokens scheduler case_12_9. Segment 10: batching analysis analysis case_12_10. Segment 11: prefill throughput tail case_12_11. Segment 12: decode decode latency case_12_12. Segment 13: tail concurrency concurrency case_12_13. Segment 14: percentile inference batching case_12_14. Segment 15: tokens scheduler profiling case_12_15. Segment 16: streaming percentile percentile case_12_16. Segment 17: concurrency regression throughput case_12_17. Segment 18: benchmark latency benchmark case_12_18. Segment 19: regression prefill prefill case_12_19. Segment 20: analysis streaming inference case_12_20. Segment 21: profiling profiling tokens case_12_21. Segment 22: inference queueing queueing case_12_22. Segment 23: model tail regression case_12_23. Segment 24: latency benchmark decode case_12_24. Segment 25: throughput model model case_12_25. Segment 26: queueing batching streaming case_12_26. Segment 27: scheduler tokens scheduler case_12_27. Segment 28: batching analysis analysis case_12_28. Segment 29: prefill throughput tail case_12_29. Segment 30: decode decode latency case_12_30. Segment 3,vllm,Qwen/Qwen2-0.5B-Instruct,True,2026-03-16T18:08:56.058176Z,2026-03-16T18:09:00.529812Z,4471.639239998694,256.3736920001247,4471.639239998694,51,True,11.4052134491992,True,200,,
a62ec380-4aac-4a25-85d4-278a142645e0,20260316_180650,exp-vllm-public-ctx512-stream-true,ctx-512,1,8,16,Benchmark case 9. You are analyzing inference performance. Provide concise observations on latency and throughput behavior. Segment 0: percentile decode queueing case_8_0. Segment 1: tokens concurrency regression case_8_1. Segment 2: streaming inference decode case_8_2. Segment 3: concurrency scheduler model case_8_3. Segment 4: benchmark percentile streaming case_8_4. Segment 5: regression regression scheduler case_8_5. Segment 6: analysis latency analysis case_8_6. Segment 7: profiling prefill tail case_8_7. Segment 8: inference streaming latency case_8_8. Segment 9: model profiling concurrency case_8_9. Segment 10: latency queueing batching case_8_10. Segment 11: throughput tail profiling case_8_11. Segment 12: queueing benchmark percentile case_8_12. Segment 13: scheduler model throughput case_8_13. Segment 14: batching batching benchmark case_8_14. Segment 15: prefill tokens prefill case_8_15. Segment 16: decode analysis inference case_8_16. Segment 17: tail throughput tokens case_8_17. Segment 18: percentile decode queueing case_8_18. Segment 19: tokens concurrency regression case_8_19. Segment 20: streaming inference decode case_8_20. Segment 21: concurrency scheduler model case_8_21. Segment 22: benchmark percentile streaming case_8_22. Segment 23: regression regression scheduler case_8_23. Segment 24: analysis latency analysis case_8_24. Segment 25: profiling prefill tail case_8_25. Segment 26: inference streaming latency case_8_26. Segment 27: model profiling concurrency case_8_27. Segment 28: latency queueing batching case_8_28. Segment 29: throughput tail profiling case_8_29. Segment 30: queueing benchmark percentile case_8_30. Segment 31: scheduler model throughput case_8_31. Segment 32: batching batching benchmark case_8_32. Segment 33: prefill,vllm,Qwen/Qwen2-0.5B-Instruct,True,2026-03-16T18:09:00.459413Z,2026-03-16T18:09:04.427121Z,3967.711181998311,155.610654001066,3967.711181998311,49,True,12.349689216875277,True,200,,
4e896200-9b11-44f8-810c-ef07c8b4f153,20260316_180650,exp-vllm-public-ctx512-stream-true,ctx-512,1,8,17,Benchmark case 22. You are analyzing inference performance. Provide concise observations on latency and throughput behavior. Segment 0: scheduler tokens scheduler case_21_0. Segment 1: batching analysis analysis case_21_1. Segment 2: prefill throughput tail case_21_2. Segment 3: decode decode latency case_21_3. Segment 4: tail concurrency concurrency case_21_4. Segment 5: percentile inference batching case_21_5. Segment 6: tokens scheduler profiling case_21_6. Segment 7: streaming percentile percentile case_21_7. Segment 8: concurrency regression throughput case_21_8. Segment 9: benchmark latency benchmark case_21_9. Segment 10: regression prefill prefill case_21_10. Segment 11: analysis streaming inference case_21_11. Segment 12: profiling profiling tokens case_21_12. Segment 13: inference queueing queueing case_21_13. Segment 14: model tail regression case_21_14. Segment 15: latency benchmark decode case_21_15. Segment 16: throughput model model case_21_16. Segment 17: queueing batching streaming case_21_17. Segment 18: scheduler tokens scheduler case_21_18. Segment 19: batching analysis analysis case_21_19. Segment 20: prefill throughput tail case_21_20. Segment 21: decode decode latency case_21_21. Segment 22: tail concurrency concurrency case_21_22. Segment 23: percentile inference batching case_21_23. Segment 24: tokens scheduler profiling case_21_24. Segment 25: streaming percentile percentile case_21_25. Segment 26: concurrency regression throughput case_21_26. Segment 27: benchmark latency benchmark case_21_27. Segment 28: regression prefill prefill case_21_28. Segment 29: analysis streaming inference case_21_29. Segment 30: profiling profiling tokens case_21_30. Segment 31: inference,vllm,Qwen/Qwen2-0.5B-Instruct,True,2026-03-16T18:09:00.530305Z,2026-03-16T18:09:04.488952Z,3958.645914999579,336.02110300125787,3958.645914999579,43,True,10.862300120622072,True,200,,
1c3ba242-9279-49e2-a1cf-e09183112399,20260316_180650,exp-vllm-public-ctx512-stream-true,ctx-512,1,8,18,Benchmark case 20. You are analyzing inference performance. Provide concise observations on latency and throughput behavior. Segment 0: throughput scheduler tail case_19_0. Segment 1: queueing percentile latency case_19_1. Segment 2: scheduler regression concurrency case_19_2. Segment 3: batching latency batching case_19_3. Segment 4: prefill prefill profiling case_19_4. Segment 5: decode streaming percentile case_19_5. Segment 6: tail profiling throughput case_19_6. Segment 7: percentile queueing benchmark case_19_7. Segment 8: tokens tail prefill case_19_8. Segment 9: streaming benchmark inference case_19_9. Segment 10: concurrency model tokens case_19_10. Segment 11: benchmark batching queueing case_19_11. Segment 12: regression tokens regression case_19_12. Segment 13: analysis analysis decode case_19_13. Segment 14: profiling throughput model case_19_14. Segment 15: inference decode streaming case_19_15. Segment 16: model concurrency scheduler case_19_16. Segment 17: latency inference analysis case_19_17. Segment 18: throughput scheduler tail case_19_18. Segment 19: queueing percentile latency case_19_19. Segment 20: scheduler regression concurrency case_19_20. Segment 21: batching latency batching case_19_21. Segment 22: prefill prefill profiling case_19_22. Segment 23: decode streaming percentile case_19_23. Segment 24: tail profiling throughput case_19_24. Segment 25: percentile queueing benchmark case_19_25. Segment 26: tokens tail prefill case_19_26. Segment 27: streaming benchmark inference case_19_27. Segment 28: concurrency model tokens case_19_28. Segment 29: benchmark batching queueing case_19_29. Segment 30: regression tokens regression case_19_30. Segment 3,vllm,Qwen/Qwen2-0.5B-Instruct,True,2026-03-16T18:09:00.531526Z,2026-03-16T18:09:04.488439Z,3956.9133240001975,334.2781029987236,3956.9133240001975,48,True,12.130667535440208,True,200,,
f8b145af-d88a-4efb-a8ad-761852fcf58d,20260316_180650,exp-vllm-public-ctx512-stream-true,ctx-512,1,8,19,Benchmark case 24. You are analyzing inference performance. Provide concise observations on latency and throughput behavior. Segment 0: prefill profiling model case_23_0. Segment 1: decode queueing streaming case_23_1. Segment 2: tail tail scheduler case_23_2. Segment 3: percentile benchmark analysis case_23_3. Segment 4: tokens model tail case_23_4. Segment 5: streaming batching latency case_23_5. Segment 6: concurrency tokens concurrency case_23_6. Segment 7: benchmark analysis batching case_23_7. Segment 8: regression throughput profiling case_23_8. Segment 9: analysis decode percentile case_23_9. Segment 10: profiling concurrency throughput case_23_10. Segment 11: inference inference benchmark case_23_11. Segment 12: model scheduler prefill case_23_12. Segment 13: latency percentile inference case_23_13. Segment 14: throughput regression tokens case_23_14. Segment 15: queueing latency queueing case_23_15. Segment 16: scheduler prefill regression case_23_16. Segment 17: batching streaming decode case_23_17. Segment 18: prefill profiling model case_23_18. Segment 19: decode queueing streaming case_23_19. Segment 20: tail tail scheduler case_23_20. Segment 21: percentile benchmark analysis case_23_21. Segment 22: tokens model tail case_23_22. Segment 23: streaming batching latency case_23_23. Segment 24: concurrency tokens concurrency case_23_24. Segment 25: benchmark analysis batching case_23_25. Segment 26: regression throughput profiling case_23_26. Segment 27: analysis decode percentile case_23_27. Segment 28: profiling concurrency throughput case_23_28. Segment 29: inference inference benchmark case_23_29. Segment 30: model scheduler prefill case_23_30. Segment 31: latency,vllm,Qwen/Qwen2-0.5B-Instruct,True,2026-03-16T18:09:00.531749Z,2026-03-16T18:09:04.489044Z,3957.294973999524,334.68512699982966,3957.294973999524,46,True,11.62410189339743,True,200,,
215973ad-3757-47f0-bd0a-d8e49b77accc,20260316_180650,exp-vllm-public-ctx512-stream-true,ctx-512,1,8,20,Benchmark case 6. You are analyzing inference performance. Provide concise observations on latency and throughput behavior. Segment 0: prefill profiling model case_5_0. Segment 1: decode queueing streaming case_5_1. Segment 2: tail tail scheduler case_5_2. Segment 3: percentile benchmark analysis case_5_3. Segment 4: tokens model tail case_5_4. Segment 5: streaming batching latency case_5_5. Segment 6: concurrency tokens concurrency case_5_6. Segment 7: benchmark analysis batching case_5_7. Segment 8: regression throughput profiling case_5_8. Segment 9: analysis decode percentile case_5_9. Segment 10: profiling concurrency throughput case_5_10. Segment 11: inference inference benchmark case_5_11. Segment 12: model scheduler prefill case_5_12. Segment 13: latency percentile inference case_5_13. Segment 14: throughput regression tokens case_5_14. Segment 15: queueing latency queueing case_5_15. Segment 16: scheduler prefill regression case_5_16. Segment 17: batching streaming decode case_5_17. Segment 18: prefill profiling model case_5_18. Segment 19: decode queueing streaming case_5_19. Segment 20: tail tail scheduler case_5_20. Segment 21: percentile benchmark analysis case_5_21. Segment 22: tokens model tail case_5_22. Segment 23: streaming batching latency case_5_23. Segment 24: concurrency tokens concurrency case_5_24. Segment 25: benchmark analysis batching case_5_25. Segment 26: regression throughput profiling case_5_26. Segment 27: analysis decode percentile case_5_27. Segment 28: profiling concurrency throughput case_5_28. Segment 29: inference inference benchmark case_5_29. Segment 30: model scheduler prefill case_5_30. Segment 31: latency percentile inference case_5_31. Segment 32: throughput regression tokens case_5_32. Segment 33: queueing latency,vllm,Qwen/Qwen2-0.5B-Instruct,True,2026-03-16T18:09:00.531916Z,2026-03-16T18:09:04.488612Z,3956.696696999643,334.0168550003,3956.696696999643,46,True,11.625859529460959,True,200,,
d588b169-2da3-4dd5-ac76-7cabffbaa26d,20260316_180650,exp-vllm-public-ctx512-stream-true,ctx-512,1,8,21,Benchmark case 18. You are analyzing inference performance. Provide concise observations on latency and throughput behavior. Segment 0: model profiling concurrency case_17_0. Segment 1: latency queueing batching case_17_1. Segment 2: throughput tail profiling case_17_2. Segment 3: queueing benchmark percentile case_17_3. Segment 4: scheduler model throughput case_17_4. Segment 5: batching batching benchmark case_17_5. Segment 6: prefill tokens prefill case_17_6. Segment 7: decode analysis inference case_17_7. Segment 8: tail throughput tokens case_17_8. Segment 9: percentile decode queueing case_17_9. Segment 10: tokens concurrency regression case_17_10. Segment 11: streaming inference decode case_17_11. Segment 12: concurrency scheduler model case_17_12. Segment 13: benchmark percentile streaming case_17_13. Segment 14: regression regression scheduler case_17_14. Segment 15: analysis latency analysis case_17_15. Segment 16: profiling prefill tail case_17_16. Segment 17: inference streaming latency case_17_17. Segment 18: model profiling concurrency case_17_18. Segment 19: latency queueing batching case_17_19. Segment 20: throughput tail profiling case_17_20. Segment 21: queueing benchmark percentile case_17_21. Segment 22: scheduler model throughput case_17_22. Segment 23: batching batching benchmark case_17_23. Segment 24: prefill tokens prefill case_17_24. Segment 25: decode analysis inference case_17_25. Segment 26: tail throughput tokens case_17_26. Segment 27: percentile decode queueing case_17_27. Segment 28: tokens concurrency regression case_17_28. Segment 29: streaming inference decode case_17_29. Segment 30: concurrency scheduler model case_17_30. Segment 31,vllm,Qwen/Qwen2-0.5B-Instruct,True,2026-03-16T18:09:00.532078Z,2026-03-16T18:09:04.488842Z,3956.764241000201,334.1572620010993,3956.764241000201,49,True,12.383856357237411,True,200,,
8000959e-f460-409f-9203-1cd98cb1bc3c,20260316_180650,exp-vllm-public-ctx512-stream-true,ctx-512,1,8,22,Benchmark case 17. You are analyzing inference performance. Provide concise observations on latency and throughput behavior. Segment 0: inference benchmark batching case_16_0. Segment 1: model model profiling case_16_1. Segment 2: latency batching percentile case_16_2. Segment 3: throughput tokens throughput case_16_3. Segment 4: queueing analysis benchmark case_16_4. Segment 5: scheduler throughput prefill case_16_5. Segment 6: batching decode inference case_16_6. Segment 7: prefill concurrency tokens case_16_7. Segment 8: decode inference queueing case_16_8. Segment 9: tail scheduler regression case_16_9. Segment 10: percentile percentile decode case_16_10. Segment 11: tokens regression model case_16_11. Segment 12: streaming latency streaming case_16_12. Segment 13: concurrency prefill scheduler case_16_13. Segment 14: benchmark streaming analysis case_16_14. Segment 15: regression profiling tail case_16_15. Segment 16: analysis queueing latency case_16_16. Segment 17: profiling tail concurrency case_16_17. Segment 18: inference benchmark batching case_16_18. Segment 19: model model profiling case_16_19. Segment 20: latency batching percentile case_16_20. Segment 21: throughput tokens throughput case_16_21. Segment 22: queueing analysis benchmark case_16_22. Segment 23: scheduler throughput prefill case_16_23. Segment 24: batching decode inference case_16_24. Segment 25: prefill concurrency tokens case_16_25. Segment 26: decode inference queueing case_16_26. Segment 27: tail scheduler regression case_16_27. Segment 28: percentile percentile decode case_16_28. Segment 29: tokens regression model case_16_29. Segment 30: streaming latency streaming case_16_30. Segment 31:,vllm,Qwen/Qwen2-0.5B-Instruct,True,2026-03-16T18:09:00.532224Z,2026-03-16T18:09:04.487970Z,3955.7494440014125,333.29536099881807,3955.7494440014125,50,True,12.639829874923228,True,200,,
8f976a0b-a45b-4504-a809-93ea29f12910,20260316_180650,exp-vllm-public-ctx512-stream-true,ctx-512,1,8,23,Benchmark case 8. You are analyzing inference performance. Provide concise observations on latency and throughput behavior. Segment 0: tail scheduler regression case_7_0. Segment 1: percentile percentile decode case_7_1. Segment 2: tokens regression model case_7_2. Segment 3: streaming latency streaming case_7_3. Segment 4: concurrency prefill scheduler case_7_4. Segment 5: benchmark streaming analysis case_7_5. Segment 6: regression profiling tail case_7_6. Segment 7: analysis queueing latency case_7_7. Segment 8: profiling tail concurrency case_7_8. Segment 9: inference benchmark batching case_7_9. Segment 10: model model profiling case_7_10. Segment 11: latency batching percentile case_7_11. Segment 12: throughput tokens throughput case_7_12. Segment 13: queueing analysis benchmark case_7_13. Segment 14: scheduler throughput prefill case_7_14. Segment 15: batching decode inference case_7_15. Segment 16: prefill concurrency tokens case_7_16. Segment 17: decode inference queueing case_7_17. Segment 18: tail scheduler regression case_7_18. Segment 19: percentile percentile decode case_7_19. Segment 20: tokens regression model case_7_20. Segment 21: streaming latency streaming case_7_21. Segment 22: concurrency prefill scheduler case_7_22. Segment 23: benchmark streaming analysis case_7_23. Segment 24: regression profiling tail case_7_24. Segment 25: analysis queueing latency case_7_25. Segment 26: profiling tail concurrency case_7_26. Segment 27: inference benchmark batching case_7_27. Segment 28: model model profiling case_7_28. Segment 29: latency batching percentile case_7_29. Segment 30: throughput tokens throughput case_7_30. Segment 31: queueing analysis benchmark case_7_31. Segment 32: scheduler throughput prefill case_7_32. Segment 33: batching decode,vllm,Qwen/Qwen2-0.5B-Instruct,True,2026-03-16T18:09:00.532358Z,2026-03-16T18:09:04.488733Z,3956.3761689987587,333.6988350001775,3956.3761689987587,48,True,12.132314509453577,True,200,,
32a57358-c023-463e-a2db-5ada491bc3df,20260316_180650,exp-vllm-public-ctx512-stream-true,ctx-512,1,16,0,Benchmark case 4. You are analyzing inference performance. Provide concise observations on latency and throughput behavior. Segment 0: scheduler tokens scheduler case_3_0. Segment 1: batching analysis analysis case_3_1. Segment 2: prefill throughput tail case_3_2. Segment 3: decode decode latency case_3_3. Segment 4: tail concurrency concurrency case_3_4. Segment 5: percentile inference batching case_3_5. Segment 6: tokens scheduler profiling case_3_6. Segment 7: streaming percentile percentile case_3_7. Segment 8: concurrency regression throughput case_3_8. Segment 9: benchmark latency benchmark case_3_9. Segment 10: regression prefill prefill case_3_10. Segment 11: analysis streaming inference case_3_11. Segment 12: profiling profiling tokens case_3_12. Segment 13: inference queueing queueing case_3_13. Segment 14: model tail regression case_3_14. Segment 15: latency benchmark decode case_3_15. Segment 16: throughput model model case_3_16. Segment 17: queueing batching streaming case_3_17. Segment 18: scheduler tokens scheduler case_3_18. Segment 19: batching analysis analysis case_3_19. Segment 20: prefill throughput tail case_3_20. Segment 21: decode decode latency case_3_21. Segment 22: tail concurrency concurrency case_3_22. Segment 23: percentile inference batching case_3_23. Segment 24: tokens scheduler profiling case_3_24. Segment 25: streaming percentile percentile case_3_25. Segment 26: concurrency regression throughput case_3_26. Segment 27: benchmark latency benchmark case_3_27. Segment 28: regression prefill prefill case_3_28. Segment 29: analysis streaming inference case_3_29. Segment 30: profiling profiling tokens case_3_30. Segment 31: inference queueing queueing case_3_31. Segment 32: model tail regression case_3_32. Segment 33: latency,vllm,Qwen/Qwen2-0.5B-Instruct,True,2026-03-16T18:09:04.489465Z,2026-03-16T18:09:10.627877Z,6138.411070000075,267.32851400083746,6138.411070000075,38,True,6.190527087003891,True,200,,
19cd4653-2240-412d-a6a3-f7199d82f2ac,20260316_180650,exp-vllm-public-ctx512-stream-true,ctx-512,1,16,1,Benchmark case 16. You are analyzing inference performance. Provide concise observations on latency and throughput behavior. Segment 0: profiling tokens profiling case_15_0. Segment 1: inference analysis percentile case_15_1. Segment 2: model throughput throughput case_15_2. Segment 3: latency decode benchmark case_15_3. Segment 4: throughput concurrency prefill case_15_4. Segment 5: queueing inference inference case_15_5. Segment 6: scheduler scheduler tokens case_15_6. Segment 7: batching percentile queueing case_15_7. Segment 8: prefill regression regression case_15_8. Segment 9: decode latency decode case_15_9. Segment 10: tail prefill model case_15_10. Segment 11: percentile streaming streaming case_15_11. Segment 12: tokens profiling scheduler case_15_12. Segment 13: streaming queueing analysis case_15_13. Segment 14: concurrency tail tail case_15_14. Segment 15: benchmark benchmark latency case_15_15. Segment 16: regression model concurrency case_15_16. Segment 17: analysis batching batching case_15_17. Segment 18: profiling tokens profiling case_15_18. Segment 19: inference analysis percentile case_15_19. Segment 20: model throughput throughput case_15_20. Segment 21: latency decode benchmark case_15_21. Segment 22: throughput concurrency prefill case_15_22. Segment 23: queueing inference inference case_15_23. Segment 24: scheduler scheduler tokens case_15_24. Segment 25: batching percentile queueing case_15_25. Segment 26: prefill regression regression case_15_26. Segment 27: decode latency decode case_15_27. Segment 28: tail prefill model case_15_28. Segment 29: percentile streaming streaming case_15_29. Segment 30: tokens profiling scheduler case_15_30. Segment 31,vllm,Qwen/Qwen2-0.5B-Instruct,True,2026-03-16T18:09:04.489866Z,2026-03-16T18:09:10.627348Z,6137.48232099897,266.5451689990732,6137.48232099897,47,True,7.657863198919981,True,200,,
7bd5c12c-25ec-4061-b552-2fd2e9b0833c,20260316_180650,exp-vllm-public-ctx512-stream-true,ctx-512,1,16,2,Benchmark case 12. You are analyzing inference performance. Provide concise observations on latency and throughput behavior. Segment 0: concurrency profiling prefill case_11_0. Segment 1: benchmark queueing inference case_11_1. Segment 2: regression tail tokens case_11_2. Segment 3: analysis benchmark queueing case_11_3. Segment 4: profiling model regression case_11_4. Segment 5: inference batching decode case_11_5. Segment 6: model tokens model case_11_6. Segment 7: latency analysis streaming case_11_7. Segment 8: throughput throughput scheduler case_11_8. Segment 9: queueing decode analysis case_11_9. Segment 10: scheduler concurrency tail case_11_10. Segment 11: batching inference latency case_11_11. Segment 12: prefill scheduler concurrency case_11_12. Segment 13: decode percentile batching case_11_13. Segment 14: tail regression profiling case_11_14. Segment 15: percentile latency percentile case_11_15. Segment 16: tokens prefill throughput case_11_16. Segment 17: streaming streaming benchmark case_11_17. Segment 18: concurrency profiling prefill case_11_18. Segment 19: benchmark queueing inference case_11_19. Segment 20: regression tail tokens case_11_20. Segment 21: analysis benchmark queueing case_11_21. Segment 22: profiling model regression case_11_22. Segment 23: inference batching decode case_11_23. Segment 24: model tokens model case_11_24. Segment 25: latency analysis streaming case_11_25. Segment 26: throughput throughput scheduler case_11_26. Segment 27: queueing decode analysis case_11_27. Segment 28: scheduler concurrency tail case_11_28. Segment 29: batching inference latency case_11_29. Segment 30: prefill scheduler concurrency case_11_30. Segment 31,vllm,Qwen/Qwen2-0.5B-Instruct,True,2026-03-16T18:09:04.490018Z,2026-03-16T18:09:10.627461Z,6137.443098999938,266.4759210001648,6137.443098999938,55,True,8.961386543683304,True,200,,
bc2355a2-4de2-412f-b1b2-55a1f43c63bd,20260316_180650,exp-vllm-public-ctx512-stream-true,ctx-512,1,16,3,Benchmark case 2. You are analyzing inference performance. Provide concise observations on latency and throughput behavior. Segment 0: throughput scheduler tail case_1_0. Segment 1: queueing percentile latency case_1_1. Segment 2: scheduler regression concurrency case_1_2. Segment 3: batching latency batching case_1_3. Segment 4: prefill prefill profiling case_1_4. Segment 5: decode streaming percentile case_1_5. Segment 6: tail profiling throughput case_1_6. Segment 7: percentile queueing benchmark case_1_7. Segment 8: tokens tail prefill case_1_8. Segment 9: streaming benchmark inference case_1_9. Segment 10: concurrency model tokens case_1_10. Segment 11: benchmark batching queueing case_1_11. Segment 12: regression tokens regression case_1_12. Segment 13: analysis analysis decode case_1_13. Segment 14: profiling throughput model case_1_14. Segment 15: inference decode streaming case_1_15. Segment 16: model concurrency scheduler case_1_16. Segment 17: latency inference analysis case_1_17. Segment 18: throughput scheduler tail case_1_18. Segment 19: queueing percentile latency case_1_19. Segment 20: scheduler regression concurrency case_1_20. Segment 21: batching latency batching case_1_21. Segment 22: prefill prefill profiling case_1_22. Segment 23: decode streaming percentile case_1_23. Segment 24: tail profiling throughput case_1_24. Segment 25: percentile queueing benchmark case_1_25. Segment 26: tokens tail prefill case_1_26. Segment 27: streaming benchmark inference case_1_27. Segment 28: concurrency model tokens case_1_28. Segment 29: benchmark batching queueing case_1_29. Segment 30: regression tokens regression case_1_30. Segment 31: analysis analysis decode case_1_31. Segment 32: profiling throughput model case_1_32. Segment 33:,vllm,Qwen/Qwen2-0.5B-Instruct,True,2026-03-16T18:09:04.490174Z,2026-03-16T18:09:10.627056Z,6136.883389999639,266.0573300017859,6136.883389999639,48,True,7.821559731478428,True,200,,
2c9c4cca-ba64-483e-af6a-53e4323f1df2,20260316_180650,exp-vllm-public-ctx512-stream-true,ctx-512,1,16,4,Benchmark case 11. You are analyzing inference performance. Provide concise observations on latency and throughput behavior. Segment 0: streaming benchmark inference case_10_0. Segment 1: concurrency model tokens case_10_1. Segment 2: benchmark batching queueing case_10_2. Segment 3: regression tokens regression case_10_3. Segment 4: analysis analysis decode case_10_4. Segment 5: profiling throughput model case_10_5. Segment 6: inference decode streaming case_10_6. Segment 7: model concurrency scheduler case_10_7. Segment 8: latency inference analysis case_10_8. Segment 9: throughput scheduler tail case_10_9. Segment 10: queueing percentile latency case_10_10. Segment 11: scheduler regression concurrency case_10_11. Segment 12: batching latency batching case_10_12. Segment 13: prefill prefill profiling case_10_13. Segment 14: decode streaming percentile case_10_14. Segment 15: tail profiling throughput case_10_15. Segment 16: percentile queueing benchmark case_10_16. Segment 17: tokens tail prefill case_10_17. Segment 18: streaming benchmark inference case_10_18. Segment 19: concurrency model tokens case_10_19. Segment 20: benchmark batching queueing case_10_20. Segment 21: regression tokens regression case_10_21. Segment 22: analysis analysis decode case_10_22. Segment 23: profiling throughput model case_10_23. Segment 24: inference decode streaming case_10_24. Segment 25: model concurrency scheduler case_10_25. Segment 26: latency inference analysis case_10_26. Segment 27: throughput scheduler tail case_10_27. Segment 28: queueing percentile latency case_10_28. Segment 29: scheduler regression concurrency case_10_29. Segment 30: batching latency batching case_10_30. Segment 31: prefill,vllm,Qwen/Qwen2-0.5B-Instruct,True,2026-03-16T18:09:04.490315Z,2026-03-16T18:09:10.626383Z,6136.069738000515,265.6704589990113,6136.069738000515,51,True,8.311509187087358,True,200,,
3a8419d9-d1c6-4b70-a7e1-a5140c4b47fa,20260316_180650,exp-vllm-public-ctx512-stream-true,ctx-512,1,16,5,Benchmark case 18. You are analyzing inference performance. Provide concise observations on latency and throughput behavior. Segment 0: model profiling concurrency case_17_0. Segment 1: latency queueing batching case_17_1. Segment 2: throughput tail profiling case_17_2. Segment 3: queueing benchmark percentile case_17_3. Segment 4: scheduler model throughput case_17_4. Segment 5: batching batching benchmark case_17_5. Segment 6: prefill tokens prefill case_17_6. Segment 7: decode analysis inference case_17_7. Segment 8: tail throughput tokens case_17_8. Segment 9: percentile decode queueing case_17_9. Segment 10: tokens concurrency regression case_17_10. Segment 11: streaming inference decode case_17_11. Segment 12: concurrency scheduler model case_17_12. Segment 13: benchmark percentile streaming case_17_13. Segment 14: regression regression scheduler case_17_14. Segment 15: analysis latency analysis case_17_15. Segment 16: profiling prefill tail case_17_16. Segment 17: inference streaming latency case_17_17. Segment 18: model profiling concurrency case_17_18. Segment 19: latency queueing batching case_17_19. Segment 20: throughput tail profiling case_17_20. Segment 21: queueing benchmark percentile case_17_21. Segment 22: scheduler model throughput case_17_22. Segment 23: batching batching benchmark case_17_23. Segment 24: prefill tokens prefill case_17_24. Segment 25: decode analysis inference case_17_25. Segment 26: tail throughput tokens case_17_26. Segment 27: percentile decode queueing case_17_27. Segment 28: tokens concurrency regression case_17_28. Segment 29: streaming inference decode case_17_29. Segment 30: concurrency scheduler model case_17_30. Segment 31,vllm,Qwen/Qwen2-0.5B-Instruct,True,2026-03-16T18:09:04.490453Z,2026-03-16T18:09:10.627562Z,6137.10951199937,266.1189179998473,6137.10951199937,49,True,7.9842147030608555,True,200,,
21d369dc-5bcc-47ab-8bd8-5d8abc3b65d8,20260316_180650,exp-vllm-public-ctx512-stream-true,ctx-512,1,16,6,Benchmark case 6. You are analyzing inference performance. Provide concise observations on latency and throughput behavior. Segment 0: prefill profiling model case_5_0. Segment 1: decode queueing streaming case_5_1. Segment 2: tail tail scheduler case_5_2. Segment 3: percentile benchmark analysis case_5_3. Segment 4: tokens model tail case_5_4. Segment 5: streaming batching latency case_5_5. Segment 6: concurrency tokens concurrency case_5_6. Segment 7: benchmark analysis batching case_5_7. Segment 8: regression throughput profiling case_5_8. Segment 9: analysis decode percentile case_5_9. Segment 10: profiling concurrency throughput case_5_10. Segment 11: inference inference benchmark case_5_11. Segment 12: model scheduler prefill case_5_12. Segment 13: latency percentile inference case_5_13. Segment 14: throughput regression tokens case_5_14. Segment 15: queueing latency queueing case_5_15. Segment 16: scheduler prefill regression case_5_16. Segment 17: batching streaming decode case_5_17. Segment 18: prefill profiling model case_5_18. Segment 19: decode queueing streaming case_5_19. Segment 20: tail tail scheduler case_5_20. Segment 21: percentile benchmark analysis case_5_21. Segment 22: tokens model tail case_5_22. Segment 23: streaming batching latency case_5_23. Segment 24: concurrency tokens concurrency case_5_24. Segment 25: benchmark analysis batching case_5_25. Segment 26: regression throughput profiling case_5_26. Segment 27: analysis decode percentile case_5_27. Segment 28: profiling concurrency throughput case_5_28. Segment 29: inference inference benchmark case_5_29. Segment 30: model scheduler prefill case_5_30. Segment 31: latency percentile inference case_5_31. Segment 32: throughput regression tokens case_5_32. Segment 33: queueing latency,vllm,Qwen/Qwen2-0.5B-Instruct,True,2026-03-16T18:09:04.490581Z,2026-03-16T18:09:10.627223Z,6136.642178000329,265.7388269999501,6136.642178000329,46,True,7.495956040081425,True,200,,
7568434e-83e4-4303-aac7-edb32b73e067,20260316_180650,exp-vllm-public-ctx512-stream-true,ctx-512,1,16,7,Benchmark case 23. You are analyzing inference performance. Provide concise observations on latency and throughput behavior. Segment 0: batching benchmark streaming case_22_0. Segment 1: prefill model scheduler case_22_1. Segment 2: decode batching analysis case_22_2. Segment 3: tail tokens tail case_22_3. Segment 4: percentile analysis latency case_22_4. Segment 5: tokens throughput concurrency case_22_5. Segment 6: streaming decode batching case_22_6. Segment 7: concurrency concurrency profiling case_22_7. Segment 8: benchmark inference percentile case_22_8. Segment 9: regression scheduler throughput case_22_9. Segment 10: analysis percentile benchmark case_22_10. Segment 11: profiling regression prefill case_22_11. Segment 12: inference latency inference case_22_12. Segment 13: model prefill tokens case_22_13. Segment 14: latency streaming queueing case_22_14. Segment 15: throughput profiling regression case_22_15. Segment 16: queueing queueing decode case_22_16. Segment 17: scheduler tail model case_22_17. Segment 18: batching benchmark streaming case_22_18. Segment 19: prefill model scheduler case_22_19. Segment 20: decode batching analysis case_22_20. Segment 21: tail tokens tail case_22_21. Segment 22: percentile analysis latency case_22_22. Segment 23: tokens throughput concurrency case_22_23. Segment 24: streaming decode batching case_22_24. Segment 25: concurrency concurrency profiling case_22_25. Segment 26: benchmark inference percentile case_22_26. Segment 27: regression scheduler throughput case_22_27. Segment 28: analysis percentile benchmark case_22_28. Segment 29: profiling regression prefill case_22_29. Segment 30: inference latency inference case_22_30. Segment 31: model pre,vllm,Qwen/Qwen2-0.5B-Instruct,True,2026-03-16T18:09:04.490718Z,2026-03-16T18:09:10.627777Z,6137.059014999977,266.00441499977023,6137.059014999977,41,True,6.680724415357468,True,200,,
e05b20bf-b1d4-46e5-976a-2336256fcd94,20260316_180650,exp-vllm-public-ctx512-stream-true,ctx-512,1,16,8,Benchmark case 19. You are analyzing inference performance. Provide concise observations on latency and throughput behavior. Segment 0: latency latency latency case_18_0. Segment 1: throughput prefill concurrency case_18_1. Segment 2: queueing streaming batching case_18_2. Segment 3: scheduler profiling profiling case_18_3. Segment 4: batching queueing percentile case_18_4. Segment 5: prefill tail throughput case_18_5. Segment 6: decode benchmark benchmark case_18_6. Segment 7: tail model prefill case_18_7. Segment 8: percentile batching inference case_18_8. Segment 9: tokens tokens tokens case_18_9. Segment 10: streaming analysis queueing case_18_10. Segment 11: concurrency throughput regression case_18_11. Segment 12: benchmark decode decode case_18_12. Segment 13: regression concurrency model case_18_13. Segment 14: analysis inference streaming case_18_14. Segment 15: profiling scheduler scheduler case_18_15. Segment 16: inference percentile analysis case_18_16. Segment 17: model regression tail case_18_17. Segment 18: latency latency latency case_18_18. Segment 19: throughput prefill concurrency case_18_19. Segment 20: queueing streaming batching case_18_20. Segment 21: scheduler profiling profiling case_18_21. Segment 22: batching queueing percentile case_18_22. Segment 23: prefill tail throughput case_18_23. Segment 24: decode benchmark benchmark case_18_24. Segment 25: tail model prefill case_18_25. Segment 26: percentile batching inference case_18_26. Segment 27: tokens tokens tokens case_18_27. Segment 28: streaming analysis queueing case_18_28. Segment 29: concurrency throughput regression case_18_29. Segment 30: benchmark decode decode case_18_30. Segment 3,vllm,Qwen/Qwen2-0.5B-Instruct,True,2026-03-16T18:09:04.490856Z,2026-03-16T18:09:10.628110Z,6137.254515999302,266.0785930002021,6137.254515999302,31,True,5.05111852851884,True,200,,
065f43ba-03a7-4966-a2a6-5f6f19515c4d,20260316_180650,exp-vllm-public-ctx512-stream-true,ctx-512,1,16,9,Benchmark case 9. You are analyzing inference performance. Provide concise observations on latency and throughput behavior. Segment 0: percentile decode queueing case_8_0. Segment 1: tokens concurrency regression case_8_1. Segment 2: streaming inference decode case_8_2. Segment 3: concurrency scheduler model case_8_3. Segment 4: benchmark percentile streaming case_8_4. Segment 5: regression regression scheduler case_8_5. Segment 6: analysis latency analysis case_8_6. Segment 7: profiling prefill tail case_8_7. Segment 8: inference streaming latency case_8_8. Segment 9: model profiling concurrency case_8_9. Segment 10: latency queueing batching case_8_10. Segment 11: throughput tail profiling case_8_11. Segment 12: queueing benchmark percentile case_8_12. Segment 13: scheduler model throughput case_8_13. Segment 14: batching batching benchmark case_8_14. Segment 15: prefill tokens prefill case_8_15. Segment 16: decode analysis inference case_8_16. Segment 17: tail throughput tokens case_8_17. Segment 18: percentile decode queueing case_8_18. Segment 19: tokens concurrency regression case_8_19. Segment 20: streaming inference decode case_8_20. Segment 21: concurrency scheduler model case_8_21. Segment 22: benchmark percentile streaming case_8_22. Segment 23: regression regression scheduler case_8_23. Segment 24: analysis latency analysis case_8_24. Segment 25: profiling prefill tail case_8_25. Segment 26: inference streaming latency case_8_26. Segment 27: model profiling concurrency case_8_27. Segment 28: latency queueing batching case_8_28. Segment 29: throughput tail profiling case_8_29. Segment 30: queueing benchmark percentile case_8_30. Segment 31: scheduler model throughput case_8_31. Segment 32: batching batching benchmark case_8_32. Segment 33: prefill,vllm,Qwen/Qwen2-0.5B-Instruct,True,2026-03-16T18:09:04.490993Z,2026-03-16T18:09:10.627993Z,6136.999702999674,265.87117099916213,6136.999702999674,39,True,6.3548968367942695,True,200,,
685ce5d1-be71-4b31-80d7-b839edc5bebf,20260316_180650,exp-vllm-public-ctx512-stream-true,ctx-512,1,16,10,Benchmark case 13. You are analyzing inference performance. Provide concise observations on latency and throughput behavior. Segment 0: benchmark latency benchmark case_12_0. Segment 1: regression prefill prefill case_12_1. Segment 2: analysis streaming inference case_12_2. Segment 3: profiling profiling tokens case_12_3. Segment 4: inference queueing queueing case_12_4. Segment 5: model tail regression case_12_5. Segment 6: latency benchmark decode case_12_6. Segment 7: throughput model model case_12_7. Segment 8: queueing batching streaming case_12_8. Segment 9: scheduler tokens scheduler case_12_9. Segment 10: batching analysis analysis case_12_10. Segment 11: prefill throughput tail case_12_11. Segment 12: decode decode latency case_12_12. Segment 13: tail concurrency concurrency case_12_13. Segment 14: percentile inference batching case_12_14. Segment 15: tokens scheduler profiling case_12_15. Segment 16: streaming percentile percentile case_12_16. Segment 17: concurrency regression throughput case_12_17. Segment 18: benchmark latency benchmark case_12_18. Segment 19: regression prefill prefill case_12_19. Segment 20: analysis streaming inference case_12_20. Segment 21: profiling profiling tokens case_12_21. Segment 22: inference queueing queueing case_12_22. Segment 23: model tail regression case_12_23. Segment 24: latency benchmark decode case_12_24. Segment 25: throughput model model case_12_25. Segment 26: queueing batching streaming case_12_26. Segment 27: scheduler tokens scheduler case_12_27. Segment 28: batching analysis analysis case_12_28. Segment 29: prefill throughput tail case_12_29. Segment 30: decode decode latency case_12_30. Segment 3,vllm,Qwen/Qwen2-0.5B-Instruct,True,2026-03-16T18:09:04.491118Z,2026-03-16T18:09:10.627665Z,6136.546960999112,265.5296779994387,6136.546960999112,54,True,8.799737106747093,True,200,,
b76d0b80-0364-4e35-adcd-03d478abc834,20260316_180650,exp-vllm-public-ctx512-stream-true,ctx-512,1,16,11,Benchmark case 7. You are analyzing inference performance. Provide concise observations on latency and throughput behavior. Segment 0: decode latency decode case_6_0. Segment 1: tail prefill model case_6_1. Segment 2: percentile streaming streaming case_6_2. Segment 3: tokens profiling scheduler case_6_3. Segment 4: streaming queueing analysis case_6_4. Segment 5: concurrency tail tail case_6_5. Segment 6: benchmark benchmark latency case_6_6. Segment 7: regression model concurrency case_6_7. Segment 8: analysis batching batching case_6_8. Segment 9: profiling tokens profiling case_6_9. Segment 10: inference analysis percentile case_6_10. Segment 11: model throughput throughput case_6_11. Segment 12: latency decode benchmark case_6_12. Segment 13: throughput concurrency prefill case_6_13. Segment 14: queueing inference inference case_6_14. Segment 15: scheduler scheduler tokens case_6_15. Segment 16: batching percentile queueing case_6_16. Segment 17: prefill regression regression case_6_17. Segment 18: decode latency decode case_6_18. Segment 19: tail prefill model case_6_19. Segment 20: percentile streaming streaming case_6_20. Segment 21: tokens profiling scheduler case_6_21. Segment 22: streaming queueing analysis case_6_22. Segment 23: concurrency tail tail case_6_23. Segment 24: benchmark benchmark latency case_6_24. Segment 25: regression model concurrency case_6_25. Segment 26: analysis batching batching case_6_26. Segment 27: profiling tokens profiling case_6_27. Segment 28: inference analysis percentile case_6_28. Segment 29: model throughput throughput case_6_29. Segment 30: latency decode benchmark case_6_30. Segment 31: throughput concurrency prefill case_6_31. Segment 32: queueing inference inference case_6_32. Segment 33: scheduler scheduler,vllm,Qwen/Qwen2-0.5B-Instruct,True,2026-03-16T18:09:04.491250Z,2026-03-16T18:09:10.703174Z,6211.924703999102,445.54407199939305,6211.924703999102,46,True,7.405112294807147,True,200,,
cfa1ae75-8c23-421f-8df3-06617e541362,20260316_180650,exp-vllm-public-ctx512-stream-true,ctx-512,1,16,12,Benchmark case 24. You are analyzing inference performance. Provide concise observations on latency and throughput behavior. Segment 0: prefill profiling model case_23_0. Segment 1: decode queueing streaming case_23_1. Segment 2: tail tail scheduler case_23_2. Segment 3: percentile benchmark analysis case_23_3. Segment 4: tokens model tail case_23_4. Segment 5: streaming batching latency case_23_5. Segment 6: concurrency tokens concurrency case_23_6. Segment 7: benchmark analysis batching case_23_7. Segment 8: regression throughput profiling case_23_8. Segment 9: analysis decode percentile case_23_9. Segment 10: profiling concurrency throughput case_23_10. Segment 11: inference inference benchmark case_23_11. Segment 12: model scheduler prefill case_23_12. Segment 13: latency percentile inference case_23_13. Segment 14: throughput regression tokens case_23_14. Segment 15: queueing latency queueing case_23_15. Segment 16: scheduler prefill regression case_23_16. Segment 17: batching streaming decode case_23_17. Segment 18: prefill profiling model case_23_18. Segment 19: decode queueing streaming case_23_19. Segment 20: tail tail scheduler case_23_20. Segment 21: percentile benchmark analysis case_23_21. Segment 22: tokens model tail case_23_22. Segment 23: streaming batching latency case_23_23. Segment 24: concurrency tokens concurrency case_23_24. Segment 25: benchmark analysis batching case_23_25. Segment 26: regression throughput profiling case_23_26. Segment 27: analysis decode percentile case_23_27. Segment 28: profiling concurrency throughput case_23_28. Segment 29: inference inference benchmark case_23_29. Segment 30: model scheduler prefill case_23_30. Segment 31: latency,vllm,Qwen/Qwen2-0.5B-Instruct,True,2026-03-16T18:09:04.491582Z,2026-03-16T18:09:10.702593Z,6211.013392001405,444.2975130004925,6211.013392001405,46,True,7.406198811169717,True,200,,
899220b3-9bf5-41be-ab0b-41cd864aa9b1,20260316_180650,exp-vllm-public-ctx512-stream-true,ctx-512,1,16,13,Benchmark case 14. You are analyzing inference performance. Provide concise observations on latency and throughput behavior. Segment 0: regression scheduler throughput case_13_0. Segment 1: analysis percentile benchmark case_13_1. Segment 2: profiling regression prefill case_13_2. Segment 3: inference latency inference case_13_3. Segment 4: model prefill tokens case_13_4. Segment 5: latency streaming queueing case_13_5. Segment 6: throughput profiling regression case_13_6. Segment 7: queueing queueing decode case_13_7. Segment 8: scheduler tail model case_13_8. Segment 9: batching benchmark streaming case_13_9. Segment 10: prefill model scheduler case_13_10. Segment 11: decode batching analysis case_13_11. Segment 12: tail tokens tail case_13_12. Segment 13: percentile analysis latency case_13_13. Segment 14: tokens throughput concurrency case_13_14. Segment 15: streaming decode batching case_13_15. Segment 16: concurrency concurrency profiling case_13_16. Segment 17: benchmark inference percentile case_13_17. Segment 18: regression scheduler throughput case_13_18. Segment 19: analysis percentile benchmark case_13_19. Segment 20: profiling regression prefill case_13_20. Segment 21: inference latency inference case_13_21. Segment 22: model prefill tokens case_13_22. Segment 23: latency streaming queueing case_13_23. Segment 24: throughput profiling regression case_13_24. Segment 25: queueing queueing decode case_13_25. Segment 26: scheduler tail model case_13_26. Segment 27: batching benchmark streaming case_13_27. Segment 28: prefill model scheduler case_13_28. Segment 29: decode batching analysis case_13_29. Segment 30: tail tokens tail case_13_30. Segment 3,vllm,Qwen/Qwen2-0.5B-Instruct,True,2026-03-16T18:09:04.491749Z,2026-03-16T18:09:10.703301Z,6211.551540998698,445.1358460009942,6211.551540998698,33,True,5.3126823116876585,True,200,,
a727ffd2-757e-4492-a6fb-24bf4f22f479,20260316_180650,exp-vllm-public-ctx512-stream-true,ctx-512,1,16,14,Benchmark case 22. You are analyzing inference performance. Provide concise observations on latency and throughput behavior. Segment 0: scheduler tokens scheduler case_21_0. Segment 1: batching analysis analysis case_21_1. Segment 2: prefill throughput tail case_21_2. Segment 3: decode decode latency case_21_3. Segment 4: tail concurrency concurrency case_21_4. Segment 5: percentile inference batching case_21_5. Segment 6: tokens scheduler profiling case_21_6. Segment 7: streaming percentile percentile case_21_7. Segment 8: concurrency regression throughput case_21_8. Segment 9: benchmark latency benchmark case_21_9. Segment 10: regression prefill prefill case_21_10. Segment 11: analysis streaming inference case_21_11. Segment 12: profiling profiling tokens case_21_12. Segment 13: inference queueing queueing case_21_13. Segment 14: model tail regression case_21_14. Segment 15: latency benchmark decode case_21_15. Segment 16: throughput model model case_21_16. Segment 17: queueing batching streaming case_21_17. Segment 18: scheduler tokens scheduler case_21_18. Segment 19: batching analysis analysis case_21_19. Segment 20: prefill throughput tail case_21_20. Segment 21: decode decode latency case_21_21. Segment 22: tail concurrency concurrency case_21_22. Segment 23: percentile inference batching case_21_23. Segment 24: tokens scheduler profiling case_21_24. Segment 25: streaming percentile percentile case_21_25. Segment 26: concurrency regression throughput case_21_26. Segment 27: benchmark latency benchmark case_21_27. Segment 28: regression prefill prefill case_21_28. Segment 29: analysis streaming inference case_21_29. Segment 30: profiling profiling tokens case_21_30. Segment 31: inference,vllm,Qwen/Qwen2-0.5B-Instruct,True,2026-03-16T18:09:04.491895Z,2026-03-16T18:09:10.703040Z,6211.145698000109,444.6578690003662,6211.145698000109,43,True,6.923038371784664,True,200,,
73fbd0e0-e321-4661-9e82-18b70cb25342,20260316_180650,exp-vllm-public-ctx512-stream-true,ctx-512,1,16,15,Benchmark case 17. You are analyzing inference performance. Provide concise observations on latency and throughput behavior. Segment 0: inference benchmark batching case_16_0. Segment 1: model model profiling case_16_1. Segment 2: latency batching percentile case_16_2. Segment 3: throughput tokens throughput case_16_3. Segment 4: queueing analysis benchmark case_16_4. Segment 5: scheduler throughput prefill case_16_5. Segment 6: batching decode inference case_16_6. Segment 7: prefill concurrency tokens case_16_7. Segment 8: decode inference queueing case_16_8. Segment 9: tail scheduler regression case_16_9. Segment 10: percentile percentile decode case_16_10. Segment 11: tokens regression model case_16_11. Segment 12: streaming latency streaming case_16_12. Segment 13: concurrency prefill scheduler case_16_13. Segment 14: benchmark streaming analysis case_16_14. Segment 15: regression profiling tail case_16_15. Segment 16: analysis queueing latency case_16_16. Segment 17: profiling tail concurrency case_16_17. Segment 18: inference benchmark batching case_16_18. Segment 19: model model profiling case_16_19. Segment 20: latency batching percentile case_16_20. Segment 21: throughput tokens throughput case_16_21. Segment 22: queueing analysis benchmark case_16_22. Segment 23: scheduler throughput prefill case_16_23. Segment 24: batching decode inference case_16_24. Segment 25: prefill concurrency tokens case_16_25. Segment 26: decode inference queueing case_16_26. Segment 27: tail scheduler regression case_16_27. Segment 28: percentile percentile decode case_16_28. Segment 29: tokens regression model case_16_29. Segment 30: streaming latency streaming case_16_30. Segment 31:,vllm,Qwen/Qwen2-0.5B-Instruct,True,2026-03-16T18:09:04.492046Z,2026-03-16T18:09:10.703409Z,6211.363430998972,444.9049830000149,6211.363430998972,50,True,8.049762432264973,True,200,,
cd2fb282-dcf4-4eb8-860b-eb1f547aa4ad,20260316_180650,exp-vllm-public-ctx512-stream-true,ctx-512,1,16,16,Benchmark case 20. You are analyzing inference performance. Provide concise observations on latency and throughput behavior. Segment 0: throughput scheduler tail case_19_0. Segment 1: queueing percentile latency case_19_1. Segment 2: scheduler regression concurrency case_19_2. Segment 3: batching latency batching case_19_3. Segment 4: prefill prefill profiling case_19_4. Segment 5: decode streaming percentile case_19_5. Segment 6: tail profiling throughput case_19_6. Segment 7: percentile queueing benchmark case_19_7. Segment 8: tokens tail prefill case_19_8. Segment 9: streaming benchmark inference case_19_9. Segment 10: concurrency model tokens case_19_10. Segment 11: benchmark batching queueing case_19_11. Segment 12: regression tokens regression case_19_12. Segment 13: analysis analysis decode case_19_13. Segment 14: profiling throughput model case_19_14. Segment 15: inference decode streaming case_19_15. Segment 16: model concurrency scheduler case_19_16. Segment 17: latency inference analysis case_19_17. Segment 18: throughput scheduler tail case_19_18. Segment 19: queueing percentile latency case_19_19. Segment 20: scheduler regression concurrency case_19_20. Segment 21: batching latency batching case_19_21. Segment 22: prefill prefill profiling case_19_22. Segment 23: decode streaming percentile case_19_23. Segment 24: tail profiling throughput case_19_24. Segment 25: percentile queueing benchmark case_19_25. Segment 26: tokens tail prefill case_19_26. Segment 27: streaming benchmark inference case_19_27. Segment 28: concurrency model tokens case_19_28. Segment 29: benchmark batching queueing case_19_29. Segment 30: regression tokens regression case_19_30. Segment 3,vllm,Qwen/Qwen2-0.5B-Instruct,True,2026-03-16T18:09:10.628236Z,2026-03-16T18:09:14.294468Z,3666.232489998947,256.21261800006323,3666.232489998947,48,True,13.092459392834028,True,200,,
a61ee03e-0792-4528-8700-8a6f8c779ece,20260316_180650,exp-vllm-public-ctx512-stream-true,ctx-512,1,16,17,Benchmark case 10. You are analyzing inference performance. Provide concise observations on latency and throughput behavior. Segment 0: tokens tokens tokens case_9_0. Segment 1: streaming analysis queueing case_9_1. Segment 2: concurrency throughput regression case_9_2. Segment 3: benchmark decode decode case_9_3. Segment 4: regression concurrency model case_9_4. Segment 5: analysis inference streaming case_9_5. Segment 6: profiling scheduler scheduler case_9_6. Segment 7: inference percentile analysis case_9_7. Segment 8: model regression tail case_9_8. Segment 9: latency latency latency case_9_9. Segment 10: throughput prefill concurrency case_9_10. Segment 11: queueing streaming batching case_9_11. Segment 12: scheduler profiling profiling case_9_12. Segment 13: batching queueing percentile case_9_13. Segment 14: prefill tail throughput case_9_14. Segment 15: decode benchmark benchmark case_9_15. Segment 16: tail model prefill case_9_16. Segment 17: percentile batching inference case_9_17. Segment 18: tokens tokens tokens case_9_18. Segment 19: streaming analysis queueing case_9_19. Segment 20: concurrency throughput regression case_9_20. Segment 21: benchmark decode decode case_9_21. Segment 22: regression concurrency model case_9_22. Segment 23: analysis inference streaming case_9_23. Segment 24: profiling scheduler scheduler case_9_24. Segment 25: inference percentile analysis case_9_25. Segment 26: model regression tail case_9_26. Segment 27: latency latency latency case_9_27. Segment 28: throughput prefill concurrency case_9_28. Segment 29: queueing streaming batching case_9_29. Segment 30: scheduler profiling profiling case_9_30. Segment 31: batching queueing percentile case_9_31. Segment 32: prefill tail throughput case_9_32. Segment 33:,vllm,Qwen/Qwen2-0.5B-Instruct,True,2026-03-16T18:09:10.628768Z,2026-03-16T18:09:14.294592Z,3665.8238340005482,255.75524700070673,3665.8238340005482,51,True,13.912288835861274,True,200,,
6c3cb5c7-a895-489b-9c9d-9b17a618b96d,20260316_180650,exp-vllm-public-ctx512-stream-true,ctx-512,1,16,18,Benchmark case 5. You are analyzing inference performance. Provide concise observations on latency and throughput behavior. Segment 0: batching benchmark streaming case_4_0. Segment 1: prefill model scheduler case_4_1. Segment 2: decode batching analysis case_4_2. Segment 3: tail tokens tail case_4_3. Segment 4: percentile analysis latency case_4_4. Segment 5: tokens throughput concurrency case_4_5. Segment 6: streaming decode batching case_4_6. Segment 7: concurrency concurrency profiling case_4_7. Segment 8: benchmark inference percentile case_4_8. Segment 9: regression scheduler throughput case_4_9. Segment 10: analysis percentile benchmark case_4_10. Segment 11: profiling regression prefill case_4_11. Segment 12: inference latency inference case_4_12. Segment 13: model prefill tokens case_4_13. Segment 14: latency streaming queueing case_4_14. Segment 15: throughput profiling regression case_4_15. Segment 16: queueing queueing decode case_4_16. Segment 17: scheduler tail model case_4_17. Segment 18: batching benchmark streaming case_4_18. Segment 19: prefill model scheduler case_4_19. Segment 20: decode batching analysis case_4_20. Segment 21: tail tokens tail case_4_21. Segment 22: percentile analysis latency case_4_22. Segment 23: tokens throughput concurrency case_4_23. Segment 24: streaming decode batching case_4_24. Segment 25: concurrency concurrency profiling case_4_25. Segment 26: benchmark inference percentile case_4_26. Segment 27: regression scheduler throughput case_4_27. Segment 28: analysis percentile benchmark case_4_28. Segment 29: profiling regression prefill case_4_29. Segment 30: inference latency inference case_4_30. Segment 31: model prefill tokens case_4_31. Segment 32: latency streaming queueing case_4_32. Segment 33: throughput profiling,vllm,Qwen/Qwen2-0.5B-Instruct,True,2026-03-16T18:09:10.628983Z,2026-03-16T18:09:14.294685Z,3665.7016570006817,255.6125979990611,3665.7016570006817,44,True,12.003159044863812,True,200,,
3b80ef2f-b87d-44a8-8da4-86235c8ce6a1,20260316_180650,exp-vllm-public-ctx512-stream-true,ctx-512,1,16,19,Benchmark case 1. You are analyzing inference performance. Provide concise observations on latency and throughput behavior. Segment 0: latency latency latency case_0_0. Segment 1: throughput prefill concurrency case_0_1. Segment 2: queueing streaming batching case_0_2. Segment 3: scheduler profiling profiling case_0_3. Segment 4: batching queueing percentile case_0_4. Segment 5: prefill tail throughput case_0_5. Segment 6: decode benchmark benchmark case_0_6. Segment 7: tail model prefill case_0_7. Segment 8: percentile batching inference case_0_8. Segment 9: tokens tokens tokens case_0_9. Segment 10: streaming analysis queueing case_0_10. Segment 11: concurrency throughput regression case_0_11. Segment 12: benchmark decode decode case_0_12. Segment 13: regression concurrency model case_0_13. Segment 14: analysis inference streaming case_0_14. Segment 15: profiling scheduler scheduler case_0_15. Segment 16: inference percentile analysis case_0_16. Segment 17: model regression tail case_0_17. Segment 18: latency latency latency case_0_18. Segment 19: throughput prefill concurrency case_0_19. Segment 20: queueing streaming batching case_0_20. Segment 21: scheduler profiling profiling case_0_21. Segment 22: batching queueing percentile case_0_22. Segment 23: prefill tail throughput case_0_23. Segment 24: decode benchmark benchmark case_0_24. Segment 25: tail model prefill case_0_25. Segment 26: percentile batching inference case_0_26. Segment 27: tokens tokens tokens case_0_27. Segment 28: streaming analysis queueing case_0_28. Segment 29: concurrency throughput regression case_0_29. Segment 30: benchmark decode decode case_0_30. Segment 31: regression concurrency model case_0_31. Segment 32: analysis inference streaming case_0_32. Segment 33:,vllm,Qwen/Qwen2-0.5B-Instruct,True,2026-03-16T18:09:10.629151Z,2026-03-16T18:09:14.294783Z,3665.6320199999755,255.51876999998058,3665.6320199999755,51,True,13.913016833588316,True,200,,
45d5d39d-9565-4d81-996d-f31ec388af00,20260316_180650,exp-vllm-public-ctx512-stream-true,ctx-512,1,16,20,Benchmark case 15. You are analyzing inference performance. Provide concise observations on latency and throughput behavior. Segment 0: analysis decode percentile case_14_0. Segment 1: profiling concurrency throughput case_14_1. Segment 2: inference inference benchmark case_14_2. Segment 3: model scheduler prefill case_14_3. Segment 4: latency percentile inference case_14_4. Segment 5: throughput regression tokens case_14_5. Segment 6: queueing latency queueing case_14_6. Segment 7: scheduler prefill regression case_14_7. Segment 8: batching streaming decode case_14_8. Segment 9: prefill profiling model case_14_9. Segment 10: decode queueing streaming case_14_10. Segment 11: tail tail scheduler case_14_11. Segment 12: percentile benchmark analysis case_14_12. Segment 13: tokens model tail case_14_13. Segment 14: streaming batching latency case_14_14. Segment 15: concurrency tokens concurrency case_14_15. Segment 16: benchmark analysis batching case_14_16. Segment 17: regression throughput profiling case_14_17. Segment 18: analysis decode percentile case_14_18. Segment 19: profiling concurrency throughput case_14_19. Segment 20: inference inference benchmark case_14_20. Segment 21: model scheduler prefill case_14_21. Segment 22: latency percentile inference case_14_22. Segment 23: throughput regression tokens case_14_23. Segment 24: queueing latency queueing case_14_24. Segment 25: scheduler prefill regression case_14_25. Segment 26: batching streaming decode case_14_26. Segment 27: prefill profiling model case_14_27. Segment 28: decode queueing streaming case_14_28. Segment 29: tail tail scheduler case_14_29. Segment 30: percentile benchmark analysis case_14_30. Segment 3,vllm,Qwen/Qwen2-0.5B-Instruct,True,2026-03-16T18:09:10.629299Z,2026-03-16T18:09:14.294867Z,3665.5687040001794,255.44336499842757,3665.5687040001794,44,True,12.003594408688471,True,200,,
1ac52fde-88c4-48e9-9fee-d2a1705d1e10,20260316_180650,exp-vllm-public-ctx512-stream-true,ctx-512,1,16,21,Benchmark case 21. You are analyzing inference performance. Provide concise observations on latency and throughput behavior. Segment 0: queueing decode analysis case_20_0. Segment 1: scheduler concurrency tail case_20_1. Segment 2: batching inference latency case_20_2. Segment 3: prefill scheduler concurrency case_20_3. Segment 4: decode percentile batching case_20_4. Segment 5: tail regression profiling case_20_5. Segment 6: percentile latency percentile case_20_6. Segment 7: tokens prefill throughput case_20_7. Segment 8: streaming streaming benchmark case_20_8. Segment 9: concurrency profiling prefill case_20_9. Segment 10: benchmark queueing inference case_20_10. Segment 11: regression tail tokens case_20_11. Segment 12: analysis benchmark queueing case_20_12. Segment 13: profiling model regression case_20_13. Segment 14: inference batching decode case_20_14. Segment 15: model tokens model case_20_15. Segment 16: latency analysis streaming case_20_16. Segment 17: throughput throughput scheduler case_20_17. Segment 18: queueing decode analysis case_20_18. Segment 19: scheduler concurrency tail case_20_19. Segment 20: batching inference latency case_20_20. Segment 21: prefill scheduler concurrency case_20_21. Segment 22: decode percentile batching case_20_22. Segment 23: tail regression profiling case_20_23. Segment 24: percentile latency percentile case_20_24. Segment 25: tokens prefill throughput case_20_25. Segment 26: streaming streaming benchmark case_20_26. Segment 27: concurrency profiling prefill case_20_27. Segment 28: benchmark queueing inference case_20_28. Segment 29: regression tail tokens case_20_29. Segment 30: analysis benchmark queueing case_20_30. Segment 3,vllm,Qwen/Qwen2-0.5B-Instruct,True,2026-03-16T18:09:10.629461Z,2026-03-16T18:09:14.294229Z,3664.7687170006975,254.79807400006393,3664.7687170006975,47,True,12.824820235440537,True,200,,
aced2826-ec98-4c56-aec4-9d2542206896,20260316_180650,exp-vllm-public-ctx512-stream-true,ctx-512,1,16,22,Benchmark case 3. You are analyzing inference performance. Provide concise observations on latency and throughput behavior. Segment 0: queueing decode analysis case_2_0. Segment 1: scheduler concurrency tail case_2_1. Segment 2: batching inference latency case_2_2. Segment 3: prefill scheduler concurrency case_2_3. Segment 4: decode percentile batching case_2_4. Segment 5: tail regression profiling case_2_5. Segment 6: percentile latency percentile case_2_6. Segment 7: tokens prefill throughput case_2_7. Segment 8: streaming streaming benchmark case_2_8. Segment 9: concurrency profiling prefill case_2_9. Segment 10: benchmark queueing inference case_2_10. Segment 11: regression tail tokens case_2_11. Segment 12: analysis benchmark queueing case_2_12. Segment 13: profiling model regression case_2_13. Segment 14: inference batching decode case_2_14. Segment 15: model tokens model case_2_15. Segment 16: latency analysis streaming case_2_16. Segment 17: throughput throughput scheduler case_2_17. Segment 18: queueing decode analysis case_2_18. Segment 19: scheduler concurrency tail case_2_19. Segment 20: batching inference latency case_2_20. Segment 21: prefill scheduler concurrency case_2_21. Segment 22: decode percentile batching case_2_22. Segment 23: tail regression profiling case_2_23. Segment 24: percentile latency percentile case_2_24. Segment 25: tokens prefill throughput case_2_25. Segment 26: streaming streaming benchmark case_2_26. Segment 27: concurrency profiling prefill case_2_27. Segment 28: benchmark queueing inference case_2_28. Segment 29: regression tail tokens case_2_29. Segment 30: analysis benchmark queueing case_2_30. Segment 31: profiling model regression case_2_31. Segment 32: inference batching decode case_2_32. Segment 33:,vllm,Qwen/Qwen2-0.5B-Instruct,True,2026-03-16T18:09:10.629607Z,2026-03-16T18:09:14.293868Z,3664.2639489982685,254.46011700114468,3664.2639489982685,42,True,11.462056386926466,True,200,,
e2845bd8-2f57-4ad9-84ea-1ea395ea9bc3,20260316_180650,exp-vllm-public-ctx512-stream-true,ctx-512,1,16,23,Benchmark case 8. You are analyzing inference performance. Provide concise observations on latency and throughput behavior. Segment 0: tail scheduler regression case_7_0. Segment 1: percentile percentile decode case_7_1. Segment 2: tokens regression model case_7_2. Segment 3: streaming latency streaming case_7_3. Segment 4: concurrency prefill scheduler case_7_4. Segment 5: benchmark streaming analysis case_7_5. Segment 6: regression profiling tail case_7_6. Segment 7: analysis queueing latency case_7_7. Segment 8: profiling tail concurrency case_7_8. Segment 9: inference benchmark batching case_7_9. Segment 10: model model profiling case_7_10. Segment 11: latency batching percentile case_7_11. Segment 12: throughput tokens throughput case_7_12. Segment 13: queueing analysis benchmark case_7_13. Segment 14: scheduler throughput prefill case_7_14. Segment 15: batching decode inference case_7_15. Segment 16: prefill concurrency tokens case_7_16. Segment 17: decode inference queueing case_7_17. Segment 18: tail scheduler regression case_7_18. Segment 19: percentile percentile decode case_7_19. Segment 20: tokens regression model case_7_20. Segment 21: streaming latency streaming case_7_21. Segment 22: concurrency prefill scheduler case_7_22. Segment 23: benchmark streaming analysis case_7_23. Segment 24: regression profiling tail case_7_24. Segment 25: analysis queueing latency case_7_25. Segment 26: profiling tail concurrency case_7_26. Segment 27: inference benchmark batching case_7_27. Segment 28: model model profiling case_7_28. Segment 29: latency batching percentile case_7_29. Segment 30: throughput tokens throughput case_7_30. Segment 31: queueing analysis benchmark case_7_31. Segment 32: scheduler throughput prefill case_7_32. Segment 33: batching decode,vllm,Qwen/Qwen2-0.5B-Instruct,True,2026-03-16T18:09:10.629745Z,2026-03-16T18:09:14.294353Z,3664.608712999325,254.60934699913196,3664.608712999325,49,True,13.371141051480938,True,200,,
cf79ae9a-b4d4-4e30-bb92-e3614df374c1,20260316_180650,exp-vllm-public-ctx512-stream-true,ctx-512,1,32,0,Benchmark case 7. You are analyzing inference performance. Provide concise observations on latency and throughput behavior. Segment 0: decode latency decode case_6_0. Segment 1: tail prefill model case_6_1. Segment 2: percentile streaming streaming case_6_2. Segment 3: tokens profiling scheduler case_6_3. Segment 4: streaming queueing analysis case_6_4. Segment 5: concurrency tail tail case_6_5. Segment 6: benchmark benchmark latency case_6_6. Segment 7: regression model concurrency case_6_7. Segment 8: analysis batching batching case_6_8. Segment 9: profiling tokens profiling case_6_9. Segment 10: inference analysis percentile case_6_10. Segment 11: model throughput throughput case_6_11. Segment 12: latency decode benchmark case_6_12. Segment 13: throughput concurrency prefill case_6_13. Segment 14: queueing inference inference case_6_14. Segment 15: scheduler scheduler tokens case_6_15. Segment 16: batching percentile queueing case_6_16. Segment 17: prefill regression regression case_6_17. Segment 18: decode latency decode case_6_18. Segment 19: tail prefill model case_6_19. Segment 20: percentile streaming streaming case_6_20. Segment 21: tokens profiling scheduler case_6_21. Segment 22: streaming queueing analysis case_6_22. Segment 23: concurrency tail tail case_6_23. Segment 24: benchmark benchmark latency case_6_24. Segment 25: regression model concurrency case_6_25. Segment 26: analysis batching batching case_6_26. Segment 27: profiling tokens profiling case_6_27. Segment 28: inference analysis percentile case_6_28. Segment 29: model throughput throughput case_6_29. Segment 30: latency decode benchmark case_6_30. Segment 31: throughput concurrency prefill case_6_31. Segment 32: queueing inference inference case_6_32. Segment 33: scheduler scheduler,vllm,Qwen/Qwen2-0.5B-Instruct,True,2026-03-16T18:09:14.295223Z,2026-03-16T18:09:23.000347Z,8705.131351998716,144.25389600000926,8705.131351998716,46,True,5.284239621431825,True,200,,
5305e3bc-af32-4ed3-853f-6e7b43b747fb,20260316_180650,exp-vllm-public-ctx512-stream-true,ctx-512,1,32,1,Benchmark case 1. You are analyzing inference performance. Provide concise observations on latency and throughput behavior. Segment 0: latency latency latency case_0_0. Segment 1: throughput prefill concurrency case_0_1. Segment 2: queueing streaming batching case_0_2. Segment 3: scheduler profiling profiling case_0_3. Segment 4: batching queueing percentile case_0_4. Segment 5: prefill tail throughput case_0_5. Segment 6: decode benchmark benchmark case_0_6. Segment 7: tail model prefill case_0_7. Segment 8: percentile batching inference case_0_8. Segment 9: tokens tokens tokens case_0_9. Segment 10: streaming analysis queueing case_0_10. Segment 11: concurrency throughput regression case_0_11. Segment 12: benchmark decode decode case_0_12. Segment 13: regression concurrency model case_0_13. Segment 14: analysis inference streaming case_0_14. Segment 15: profiling scheduler scheduler case_0_15. Segment 16: inference percentile analysis case_0_16. Segment 17: model regression tail case_0_17. Segment 18: latency latency latency case_0_18. Segment 19: throughput prefill concurrency case_0_19. Segment 20: queueing streaming batching case_0_20. Segment 21: scheduler profiling profiling case_0_21. Segment 22: batching queueing percentile case_0_22. Segment 23: prefill tail throughput case_0_23. Segment 24: decode benchmark benchmark case_0_24. Segment 25: tail model prefill case_0_25. Segment 26: percentile batching inference case_0_26. Segment 27: tokens tokens tokens case_0_27. Segment 28: streaming analysis queueing case_0_28. Segment 29: concurrency throughput regression case_0_29. Segment 30: benchmark decode decode case_0_30. Segment 31: regression concurrency model case_0_31. Segment 32: analysis inference streaming case_0_32. Segment 33:,vllm,Qwen/Qwen2-0.5B-Instruct,True,2026-03-16T18:09:14.295565Z,2026-03-16T18:09:23.001632Z,8706.067484999949,143.9939569991111,8706.067484999949,48,True,5.513396270210543,True,200,,
1a3fd7c2-c642-4134-9f4d-2ed8009a467d,20260316_180650,exp-vllm-public-ctx512-stream-true,ctx-512,1,32,2,Benchmark case 22. You are analyzing inference performance. Provide concise observations on latency and throughput behavior. Segment 0: scheduler tokens scheduler case_21_0. Segment 1: batching analysis analysis case_21_1. Segment 2: prefill throughput tail case_21_2. Segment 3: decode decode latency case_21_3. Segment 4: tail concurrency concurrency case_21_4. Segment 5: percentile inference batching case_21_5. Segment 6: tokens scheduler profiling case_21_6. Segment 7: streaming percentile percentile case_21_7. Segment 8: concurrency regression throughput case_21_8. Segment 9: benchmark latency benchmark case_21_9. Segment 10: regression prefill prefill case_21_10. Segment 11: analysis streaming inference case_21_11. Segment 12: profiling profiling tokens case_21_12. Segment 13: inference queueing queueing case_21_13. Segment 14: model tail regression case_21_14. Segment 15: latency benchmark decode case_21_15. Segment 16: throughput model model case_21_16. Segment 17: queueing batching streaming case_21_17. Segment 18: scheduler tokens scheduler case_21_18. Segment 19: batching analysis analysis case_21_19. Segment 20: prefill throughput tail case_21_20. Segment 21: decode decode latency case_21_21. Segment 22: tail concurrency concurrency case_21_22. Segment 23: percentile inference batching case_21_23. Segment 24: tokens scheduler profiling case_21_24. Segment 25: streaming percentile percentile case_21_25. Segment 26: concurrency regression throughput case_21_26. Segment 27: benchmark latency benchmark case_21_27. Segment 28: regression prefill prefill case_21_28. Segment 29: analysis streaming inference case_21_29. Segment 30: profiling profiling tokens case_21_30. Segment 31: inference,vllm,Qwen/Qwen2-0.5B-Instruct,True,2026-03-16T18:09:14.295725Z,2026-03-16T18:09:23.001799Z,8706.074841000373,143.6092980002286,8706.074841000373,43,True,4.93907998556317,True,200,,
0257c8d3-2789-4b03-ad51-ef8772671ae6,20260316_180650,exp-vllm-public-ctx512-stream-true,ctx-512,1,32,3,Benchmark case 3. You are analyzing inference performance. Provide concise observations on latency and throughput behavior. Segment 0: queueing decode analysis case_2_0. Segment 1: scheduler concurrency tail case_2_1. Segment 2: batching inference latency case_2_2. Segment 3: prefill scheduler concurrency case_2_3. Segment 4: decode percentile batching case_2_4. Segment 5: tail regression profiling case_2_5. Segment 6: percentile latency percentile case_2_6. Segment 7: tokens prefill throughput case_2_7. Segment 8: streaming streaming benchmark case_2_8. Segment 9: concurrency profiling prefill case_2_9. Segment 10: benchmark queueing inference case_2_10. Segment 11: regression tail tokens case_2_11. Segment 12: analysis benchmark queueing case_2_12. Segment 13: profiling model regression case_2_13. Segment 14: inference batching decode case_2_14. Segment 15: model tokens model case_2_15. Segment 16: latency analysis streaming case_2_16. Segment 17: throughput throughput scheduler case_2_17. Segment 18: queueing decode analysis case_2_18. Segment 19: scheduler concurrency tail case_2_19. Segment 20: batching inference latency case_2_20. Segment 21: prefill scheduler concurrency case_2_21. Segment 22: decode percentile batching case_2_22. Segment 23: tail regression profiling case_2_23. Segment 24: percentile latency percentile case_2_24. Segment 25: tokens prefill throughput case_2_25. Segment 26: streaming streaming benchmark case_2_26. Segment 27: concurrency profiling prefill case_2_27. Segment 28: benchmark queueing inference case_2_28. Segment 29: regression tail tokens case_2_29. Segment 30: analysis benchmark queueing case_2_30. Segment 31: profiling model regression case_2_31. Segment 32: inference batching decode case_2_32. Segment 33:,vllm,Qwen/Qwen2-0.5B-Instruct,True,2026-03-16T18:09:14.295864Z,2026-03-16T18:09:23.141918Z,8846.054552999703,596.9273179998709,8846.054552999703,42,True,4.747879379260415,True,200,,
7ebd57f4-aeb5-45d7-980e-58a448f9bdb3,20260316_180650,exp-vllm-public-ctx512-stream-true,ctx-512,1,32,4,Benchmark case 18. You are analyzing inference performance. Provide concise observations on latency and throughput behavior. Segment 0: model profiling concurrency case_17_0. Segment 1: latency queueing batching case_17_1. Segment 2: throughput tail profiling case_17_2. Segment 3: queueing benchmark percentile case_17_3. Segment 4: scheduler model throughput case_17_4. Segment 5: batching batching benchmark case_17_5. Segment 6: prefill tokens prefill case_17_6. Segment 7: decode analysis inference case_17_7. Segment 8: tail throughput tokens case_17_8. Segment 9: percentile decode queueing case_17_9. Segment 10: tokens concurrency regression case_17_10. Segment 11: streaming inference decode case_17_11. Segment 12: concurrency scheduler model case_17_12. Segment 13: benchmark percentile streaming case_17_13. Segment 14: regression regression scheduler case_17_14. Segment 15: analysis latency analysis case_17_15. Segment 16: profiling prefill tail case_17_16. Segment 17: inference streaming latency case_17_17. Segment 18: model profiling concurrency case_17_18. Segment 19: latency queueing batching case_17_19. Segment 20: throughput tail profiling case_17_20. Segment 21: queueing benchmark percentile case_17_21. Segment 22: scheduler model throughput case_17_22. Segment 23: batching batching benchmark case_17_23. Segment 24: prefill tokens prefill case_17_24. Segment 25: decode analysis inference case_17_25. Segment 26: tail throughput tokens case_17_26. Segment 27: percentile decode queueing case_17_27. Segment 28: tokens concurrency regression case_17_28. Segment 29: streaming inference decode case_17_29. Segment 30: concurrency scheduler model case_17_30. Segment 31,vllm,Qwen/Qwen2-0.5B-Instruct,True,2026-03-16T18:09:14.296000Z,2026-03-16T18:09:23.142613Z,8846.612500999981,597.3617719992035,8846.612500999981,47,True,5.312768022187853,True,200,,
90f14106-c734-45c6-b85b-73d2756fa8a2,20260316_180650,exp-vllm-public-ctx512-stream-true,ctx-512,1,32,5,Benchmark case 9. You are analyzing inference performance. Provide concise observations on latency and throughput behavior. Segment 0: percentile decode queueing case_8_0. Segment 1: tokens concurrency regression case_8_1. Segment 2: streaming inference decode case_8_2. Segment 3: concurrency scheduler model case_8_3. Segment 4: benchmark percentile streaming case_8_4. Segment 5: regression regression scheduler case_8_5. Segment 6: analysis latency analysis case_8_6. Segment 7: profiling prefill tail case_8_7. Segment 8: inference streaming latency case_8_8. Segment 9: model profiling concurrency case_8_9. Segment 10: latency queueing batching case_8_10. Segment 11: throughput tail profiling case_8_11. Segment 12: queueing benchmark percentile case_8_12. Segment 13: scheduler model throughput case_8_13. Segment 14: batching batching benchmark case_8_14. Segment 15: prefill tokens prefill case_8_15. Segment 16: decode analysis inference case_8_16. Segment 17: tail throughput tokens case_8_17. Segment 18: percentile decode queueing case_8_18. Segment 19: tokens concurrency regression case_8_19. Segment 20: streaming inference decode case_8_20. Segment 21: concurrency scheduler model case_8_21. Segment 22: benchmark percentile streaming case_8_22. Segment 23: regression regression scheduler case_8_23. Segment 24: analysis latency analysis case_8_24. Segment 25: profiling prefill tail case_8_25. Segment 26: inference streaming latency case_8_26. Segment 27: model profiling concurrency case_8_27. Segment 28: latency queueing batching case_8_28. Segment 29: throughput tail profiling case_8_29. Segment 30: queueing benchmark percentile case_8_30. Segment 31: scheduler model throughput case_8_31. Segment 32: batching batching benchmark case_8_32. Segment 33: prefill,vllm,Qwen/Qwen2-0.5B-Instruct,True,2026-03-16T18:09:14.296124Z,2026-03-16T18:09:23.143359Z,8847.235565999654,597.9325099997368,8847.235565999654,39,True,4.4081566167265684,True,200,,
4547b7d0-3fd1-4675-8aaf-f0a2e68d02a2,20260316_180650,exp-vllm-public-ctx512-stream-true,ctx-512,1,32,6,Benchmark case 10. You are analyzing inference performance. Provide concise observations on latency and throughput behavior. Segment 0: tokens tokens tokens case_9_0. Segment 1: streaming analysis queueing case_9_1. Segment 2: concurrency throughput regression case_9_2. Segment 3: benchmark decode decode case_9_3. Segment 4: regression concurrency model case_9_4. Segment 5: analysis inference streaming case_9_5. Segment 6: profiling scheduler scheduler case_9_6. Segment 7: inference percentile analysis case_9_7. Segment 8: model regression tail case_9_8. Segment 9: latency latency latency case_9_9. Segment 10: throughput prefill concurrency case_9_10. Segment 11: queueing streaming batching case_9_11. Segment 12: scheduler profiling profiling case_9_12. Segment 13: batching queueing percentile case_9_13. Segment 14: prefill tail throughput case_9_14. Segment 15: decode benchmark benchmark case_9_15. Segment 16: tail model prefill case_9_16. Segment 17: percentile batching inference case_9_17. Segment 18: tokens tokens tokens case_9_18. Segment 19: streaming analysis queueing case_9_19. Segment 20: concurrency throughput regression case_9_20. Segment 21: benchmark decode decode case_9_21. Segment 22: regression concurrency model case_9_22. Segment 23: analysis inference streaming case_9_23. Segment 24: profiling scheduler scheduler case_9_24. Segment 25: inference percentile analysis case_9_25. Segment 26: model regression tail case_9_26. Segment 27: latency latency latency case_9_27. Segment 28: throughput prefill concurrency case_9_28. Segment 29: queueing streaming batching case_9_29. Segment 30: scheduler profiling profiling case_9_30. Segment 31: batching queueing percentile case_9_31. Segment 32: prefill tail throughput case_9_32. Segment 33:,vllm,Qwen/Qwen2-0.5B-Instruct,True,2026-03-16T18:09:14.296269Z,2026-03-16T18:09:23.141620Z,8845.35176099962,596.3337800003501,8845.35176099962,50,True,5.652686444925449,True,200,,
b4e30368-c722-4537-adc0-649c73f8bc9a,20260316_180650,exp-vllm-public-ctx512-stream-true,ctx-512,1,32,7,Benchmark case 13. You are analyzing inference performance. Provide concise observations on latency and throughput behavior. Segment 0: benchmark latency benchmark case_12_0. Segment 1: regression prefill prefill case_12_1. Segment 2: analysis streaming inference case_12_2. Segment 3: profiling profiling tokens case_12_3. Segment 4: inference queueing queueing case_12_4. Segment 5: model tail regression case_12_5. Segment 6: latency benchmark decode case_12_6. Segment 7: throughput model model case_12_7. Segment 8: queueing batching streaming case_12_8. Segment 9: scheduler tokens scheduler case_12_9. Segment 10: batching analysis analysis case_12_10. Segment 11: prefill throughput tail case_12_11. Segment 12: decode decode latency case_12_12. Segment 13: tail concurrency concurrency case_12_13. Segment 14: percentile inference batching case_12_14. Segment 15: tokens scheduler profiling case_12_15. Segment 16: streaming percentile percentile case_12_16. Segment 17: concurrency regression throughput case_12_17. Segment 18: benchmark latency benchmark case_12_18. Segment 19: regression prefill prefill case_12_19. Segment 20: analysis streaming inference case_12_20. Segment 21: profiling profiling tokens case_12_21. Segment 22: inference queueing queueing case_12_22. Segment 23: model tail regression case_12_23. Segment 24: latency benchmark decode case_12_24. Segment 25: throughput model model case_12_25. Segment 26: queueing batching streaming case_12_26. Segment 27: scheduler tokens scheduler case_12_27. Segment 28: batching analysis analysis case_12_28. Segment 29: prefill throughput tail case_12_29. Segment 30: decode decode latency case_12_30. Segment 3,vllm,Qwen/Qwen2-0.5B-Instruct,True,2026-03-16T18:09:14.296392Z,2026-03-16T18:09:23.142396Z,8846.00353100177,596.8049000002793,8846.00353100177,54,True,6.104451553828935,True,200,,
5584dd8f-f27e-420f-aa02-eeb9d8022bcc,20260316_180650,exp-vllm-public-ctx512-stream-true,ctx-512,1,32,8,Benchmark case 8. You are analyzing inference performance. Provide concise observations on latency and throughput behavior. Segment 0: tail scheduler regression case_7_0. Segment 1: percentile percentile decode case_7_1. Segment 2: tokens regression model case_7_2. Segment 3: streaming latency streaming case_7_3. Segment 4: concurrency prefill scheduler case_7_4. Segment 5: benchmark streaming analysis case_7_5. Segment 6: regression profiling tail case_7_6. Segment 7: analysis queueing latency case_7_7. Segment 8: profiling tail concurrency case_7_8. Segment 9: inference benchmark batching case_7_9. Segment 10: model model profiling case_7_10. Segment 11: latency batching percentile case_7_11. Segment 12: throughput tokens throughput case_7_12. Segment 13: queueing analysis benchmark case_7_13. Segment 14: scheduler throughput prefill case_7_14. Segment 15: batching decode inference case_7_15. Segment 16: prefill concurrency tokens case_7_16. Segment 17: decode inference queueing case_7_17. Segment 18: tail scheduler regression case_7_18. Segment 19: percentile percentile decode case_7_19. Segment 20: tokens regression model case_7_20. Segment 21: streaming latency streaming case_7_21. Segment 22: concurrency prefill scheduler case_7_22. Segment 23: benchmark streaming analysis case_7_23. Segment 24: regression profiling tail case_7_24. Segment 25: analysis queueing latency case_7_25. Segment 26: profiling tail concurrency case_7_26. Segment 27: inference benchmark batching case_7_27. Segment 28: model model profiling case_7_28. Segment 29: latency batching percentile case_7_29. Segment 30: throughput tokens throughput case_7_30. Segment 31: queueing analysis benchmark case_7_31. Segment 32: scheduler throughput prefill case_7_32. Segment 33: batching decode,vllm,Qwen/Qwen2-0.5B-Instruct,True,2026-03-16T18:09:14.296532Z,2026-03-16T18:09:23.142731Z,8846.198848999848,596.915476000504,8846.198848999848,50,True,5.652145159008381,True,200,,
f9581327-cf9c-4de4-adac-ae3b0b1dc009,20260316_180650,exp-vllm-public-ctx512-stream-true,ctx-512,1,32,9,Benchmark case 11. You are analyzing inference performance. Provide concise observations on latency and throughput behavior. Segment 0: streaming benchmark inference case_10_0. Segment 1: concurrency model tokens case_10_1. Segment 2: benchmark batching queueing case_10_2. Segment 3: regression tokens regression case_10_3. Segment 4: analysis analysis decode case_10_4. Segment 5: profiling throughput model case_10_5. Segment 6: inference decode streaming case_10_6. Segment 7: model concurrency scheduler case_10_7. Segment 8: latency inference analysis case_10_8. Segment 9: throughput scheduler tail case_10_9. Segment 10: queueing percentile latency case_10_10. Segment 11: scheduler regression concurrency case_10_11. Segment 12: batching latency batching case_10_12. Segment 13: prefill prefill profiling case_10_13. Segment 14: decode streaming percentile case_10_14. Segment 15: tail profiling throughput case_10_15. Segment 16: percentile queueing benchmark case_10_16. Segment 17: tokens tail prefill case_10_17. Segment 18: streaming benchmark inference case_10_18. Segment 19: concurrency model tokens case_10_19. Segment 20: benchmark batching queueing case_10_20. Segment 21: regression tokens regression case_10_21. Segment 22: analysis analysis decode case_10_22. Segment 23: profiling throughput model case_10_23. Segment 24: inference decode streaming case_10_24. Segment 25: model concurrency scheduler case_10_25. Segment 26: latency inference analysis case_10_26. Segment 27: throughput scheduler tail case_10_27. Segment 28: queueing percentile latency case_10_28. Segment 29: scheduler regression concurrency case_10_29. Segment 30: batching latency batching case_10_30. Segment 31: prefill,vllm,Qwen/Qwen2-0.5B-Instruct,True,2026-03-16T18:09:14.296657Z,2026-03-16T18:09:23.142819Z,8846.162035999441,596.8717750001815,8846.162035999441,51,True,5.76521205382126,True,200,,
f7ae1249-0f59-402f-85bc-68701c43dc9b,20260316_180650,exp-vllm-public-ctx512-stream-true,ctx-512,1,32,10,Benchmark case 5. You are analyzing inference performance. Provide concise observations on latency and throughput behavior. Segment 0: batching benchmark streaming case_4_0. Segment 1: prefill model scheduler case_4_1. Segment 2: decode batching analysis case_4_2. Segment 3: tail tokens tail case_4_3. Segment 4: percentile analysis latency case_4_4. Segment 5: tokens throughput concurrency case_4_5. Segment 6: streaming decode batching case_4_6. Segment 7: concurrency concurrency profiling case_4_7. Segment 8: benchmark inference percentile case_4_8. Segment 9: regression scheduler throughput case_4_9. Segment 10: analysis percentile benchmark case_4_10. Segment 11: profiling regression prefill case_4_11. Segment 12: inference latency inference case_4_12. Segment 13: model prefill tokens case_4_13. Segment 14: latency streaming queueing case_4_14. Segment 15: throughput profiling regression case_4_15. Segment 16: queueing queueing decode case_4_16. Segment 17: scheduler tail model case_4_17. Segment 18: batching benchmark streaming case_4_18. Segment 19: prefill model scheduler case_4_19. Segment 20: decode batching analysis case_4_20. Segment 21: tail tokens tail case_4_21. Segment 22: percentile analysis latency case_4_22. Segment 23: tokens throughput concurrency case_4_23. Segment 24: streaming decode batching case_4_24. Segment 25: concurrency concurrency profiling case_4_25. Segment 26: benchmark inference percentile case_4_26. Segment 27: regression scheduler throughput case_4_27. Segment 28: analysis percentile benchmark case_4_28. Segment 29: profiling regression prefill case_4_29. Segment 30: inference latency inference case_4_30. Segment 31: model prefill tokens case_4_31. Segment 32: latency streaming queueing case_4_32. Segment 33: throughput profiling,vllm,Qwen/Qwen2-0.5B-Instruct,True,2026-03-16T18:09:14.296774Z,2026-03-16T18:09:23.142501Z,8845.726885001568,596.5043950000108,8845.726885001568,44,True,4.974153121842875,True,200,,
aa4b5a20-f77d-4a8b-9153-95f8742d046a,20260316_180650,exp-vllm-public-ctx512-stream-true,ctx-512,1,32,11,Benchmark case 20. You are analyzing inference performance. Provide concise observations on latency and throughput behavior. Segment 0: throughput scheduler tail case_19_0. Segment 1: queueing percentile latency case_19_1. Segment 2: scheduler regression concurrency case_19_2. Segment 3: batching latency batching case_19_3. Segment 4: prefill prefill profiling case_19_4. Segment 5: decode streaming percentile case_19_5. Segment 6: tail profiling throughput case_19_6. Segment 7: percentile queueing benchmark case_19_7. Segment 8: tokens tail prefill case_19_8. Segment 9: streaming benchmark inference case_19_9. Segment 10: concurrency model tokens case_19_10. Segment 11: benchmark batching queueing case_19_11. Segment 12: regression tokens regression case_19_12. Segment 13: analysis analysis decode case_19_13. Segment 14: profiling throughput model case_19_14. Segment 15: inference decode streaming case_19_15. Segment 16: model concurrency scheduler case_19_16. Segment 17: latency inference analysis case_19_17. Segment 18: throughput scheduler tail case_19_18. Segment 19: queueing percentile latency case_19_19. Segment 20: scheduler regression concurrency case_19_20. Segment 21: batching latency batching case_19_21. Segment 22: prefill prefill profiling case_19_22. Segment 23: decode streaming percentile case_19_23. Segment 24: tail profiling throughput case_19_24. Segment 25: percentile queueing benchmark case_19_25. Segment 26: tokens tail prefill case_19_26. Segment 27: streaming benchmark inference case_19_27. Segment 28: concurrency model tokens case_19_28. Segment 29: benchmark batching queueing case_19_29. Segment 30: regression tokens regression case_19_30. Segment 3,vllm,Qwen/Qwen2-0.5B-Instruct,True,2026-03-16T18:09:14.297052Z,2026-03-16T18:09:23.143032Z,8845.980711001175,596.6356250009994,8845.980711001175,48,True,5.426193156888246,True,200,,
03341095-97fa-48a1-8843-e1c684e75c62,20260316_180650,exp-vllm-public-ctx512-stream-true,ctx-512,1,32,12,Benchmark case 6. You are analyzing inference performance. Provide concise observations on latency and throughput behavior. Segment 0: prefill profiling model case_5_0. Segment 1: decode queueing streaming case_5_1. Segment 2: tail tail scheduler case_5_2. Segment 3: percentile benchmark analysis case_5_3. Segment 4: tokens model tail case_5_4. Segment 5: streaming batching latency case_5_5. Segment 6: concurrency tokens concurrency case_5_6. Segment 7: benchmark analysis batching case_5_7. Segment 8: regression throughput profiling case_5_8. Segment 9: analysis decode percentile case_5_9. Segment 10: profiling concurrency throughput case_5_10. Segment 11: inference inference benchmark case_5_11. Segment 12: model scheduler prefill case_5_12. Segment 13: latency percentile inference case_5_13. Segment 14: throughput regression tokens case_5_14. Segment 15: queueing latency queueing case_5_15. Segment 16: scheduler prefill regression case_5_16. Segment 17: batching streaming decode case_5_17. Segment 18: prefill profiling model case_5_18. Segment 19: decode queueing streaming case_5_19. Segment 20: tail tail scheduler case_5_20. Segment 21: percentile benchmark analysis case_5_21. Segment 22: tokens model tail case_5_22. Segment 23: streaming batching latency case_5_23. Segment 24: concurrency tokens concurrency case_5_24. Segment 25: benchmark analysis batching case_5_25. Segment 26: regression throughput profiling case_5_26. Segment 27: analysis decode percentile case_5_27. Segment 28: profiling concurrency throughput case_5_28. Segment 29: inference inference benchmark case_5_29. Segment 30: model scheduler prefill case_5_30. Segment 31: latency percentile inference case_5_31. Segment 32: throughput regression tokens case_5_32. Segment 33: queueing latency,vllm,Qwen/Qwen2-0.5B-Instruct,True,2026-03-16T18:09:14.297181Z,2026-03-16T18:09:23.143660Z,8846.479036999881,597.1009219992993,8846.479036999881,46,True,5.19980885136422,True,200,,
45568986-b5bf-4332-b2ce-99b2774f34e7,20260316_180650,exp-vllm-public-ctx512-stream-true,ctx-512,1,32,13,Benchmark case 23. You are analyzing inference performance. Provide concise observations on latency and throughput behavior. Segment 0: batching benchmark streaming case_22_0. Segment 1: prefill model scheduler case_22_1. Segment 2: decode batching analysis case_22_2. Segment 3: tail tokens tail case_22_3. Segment 4: percentile analysis latency case_22_4. Segment 5: tokens throughput concurrency case_22_5. Segment 6: streaming decode batching case_22_6. Segment 7: concurrency concurrency profiling case_22_7. Segment 8: benchmark inference percentile case_22_8. Segment 9: regression scheduler throughput case_22_9. Segment 10: analysis percentile benchmark case_22_10. Segment 11: profiling regression prefill case_22_11. Segment 12: inference latency inference case_22_12. Segment 13: model prefill tokens case_22_13. Segment 14: latency streaming queueing case_22_14. Segment 15: throughput profiling regression case_22_15. Segment 16: queueing queueing decode case_22_16. Segment 17: scheduler tail model case_22_17. Segment 18: batching benchmark streaming case_22_18. Segment 19: prefill model scheduler case_22_19. Segment 20: decode batching analysis case_22_20. Segment 21: tail tokens tail case_22_21. Segment 22: percentile analysis latency case_22_22. Segment 23: tokens throughput concurrency case_22_23. Segment 24: streaming decode batching case_22_24. Segment 25: concurrency concurrency profiling case_22_25. Segment 26: benchmark inference percentile case_22_26. Segment 27: regression scheduler throughput case_22_27. Segment 28: analysis percentile benchmark case_22_28. Segment 29: profiling regression prefill case_22_29. Segment 30: inference latency inference case_22_30. Segment 31: model pre,vllm,Qwen/Qwen2-0.5B-Instruct,True,2026-03-16T18:09:14.297307Z,2026-03-16T18:09:23.142157Z,8844.849869999962,595.7246599991777,8844.849869999962,47,True,5.313826768209487,True,200,,
b90ccd87-bf19-4947-a6d9-0624cb5b054c,20260316_180650,exp-vllm-public-ctx512-stream-true,ctx-512,1,32,14,Benchmark case 21. You are analyzing inference performance. Provide concise observations on latency and throughput behavior. Segment 0: queueing decode analysis case_20_0. Segment 1: scheduler concurrency tail case_20_1. Segment 2: batching inference latency case_20_2. Segment 3: prefill scheduler concurrency case_20_3. Segment 4: decode percentile batching case_20_4. Segment 5: tail regression profiling case_20_5. Segment 6: percentile latency percentile case_20_6. Segment 7: tokens prefill throughput case_20_7. Segment 8: streaming streaming benchmark case_20_8. Segment 9: concurrency profiling prefill case_20_9. Segment 10: benchmark queueing inference case_20_10. Segment 11: regression tail tokens case_20_11. Segment 12: analysis benchmark queueing case_20_12. Segment 13: profiling model regression case_20_13. Segment 14: inference batching decode case_20_14. Segment 15: model tokens model case_20_15. Segment 16: latency analysis streaming case_20_16. Segment 17: throughput throughput scheduler case_20_17. Segment 18: queueing decode analysis case_20_18. Segment 19: scheduler concurrency tail case_20_19. Segment 20: batching inference latency case_20_20. Segment 21: prefill scheduler concurrency case_20_21. Segment 22: decode percentile batching case_20_22. Segment 23: tail regression profiling case_20_23. Segment 24: percentile latency percentile case_20_24. Segment 25: tokens prefill throughput case_20_25. Segment 26: streaming streaming benchmark case_20_26. Segment 27: concurrency profiling prefill case_20_27. Segment 28: benchmark queueing inference case_20_28. Segment 29: regression tail tokens case_20_29. Segment 30: analysis benchmark queueing case_20_30. Segment 3,vllm,Qwen/Qwen2-0.5B-Instruct,True,2026-03-16T18:09:14.297434Z,2026-03-16T18:09:23.142032Z,8844.598035000672,595.4434080013016,8844.598035000672,48,True,5.427041433658138,True,200,,
082e9dcf-d5df-4f3c-9400-46b0a6a42ff7,20260316_180650,exp-vllm-public-ctx512-stream-true,ctx-512,1,32,15,Benchmark case 4. You are analyzing inference performance. Provide concise observations on latency and throughput behavior. Segment 0: scheduler tokens scheduler case_3_0. Segment 1: batching analysis analysis case_3_1. Segment 2: prefill throughput tail case_3_2. Segment 3: decode decode latency case_3_3. Segment 4: tail concurrency concurrency case_3_4. Segment 5: percentile inference batching case_3_5. Segment 6: tokens scheduler profiling case_3_6. Segment 7: streaming percentile percentile case_3_7. Segment 8: concurrency regression throughput case_3_8. Segment 9: benchmark latency benchmark case_3_9. Segment 10: regression prefill prefill case_3_10. Segment 11: analysis streaming inference case_3_11. Segment 12: profiling profiling tokens case_3_12. Segment 13: inference queueing queueing case_3_13. Segment 14: model tail regression case_3_14. Segment 15: latency benchmark decode case_3_15. Segment 16: throughput model model case_3_16. Segment 17: queueing batching streaming case_3_17. Segment 18: scheduler tokens scheduler case_3_18. Segment 19: batching analysis analysis case_3_19. Segment 20: prefill throughput tail case_3_20. Segment 21: decode decode latency case_3_21. Segment 22: tail concurrency concurrency case_3_22. Segment 23: percentile inference batching case_3_23. Segment 24: tokens scheduler profiling case_3_24. Segment 25: streaming percentile percentile case_3_25. Segment 26: concurrency regression throughput case_3_26. Segment 27: benchmark latency benchmark case_3_27. Segment 28: regression prefill prefill case_3_28. Segment 29: analysis streaming inference case_3_29. Segment 30: profiling profiling tokens case_3_30. Segment 31: inference queueing queueing case_3_31. Segment 32: model tail regression case_3_32. Segment 33: latency,vllm,Qwen/Qwen2-0.5B-Instruct,True,2026-03-16T18:09:14.297552Z,2026-03-16T18:09:23.140781Z,8843.23313599998,594.7262379995664,8843.23313599998,38,True,4.297070925938335,True,200,,
3cd2d17a-e50b-4de7-b06d-cf2a243ba4c7,20260316_180650,exp-vllm-public-ctx512-stream-true,ctx-512,1,32,16,Benchmark case 12. You are analyzing inference performance. Provide concise observations on latency and throughput behavior. Segment 0: concurrency profiling prefill case_11_0. Segment 1: benchmark queueing inference case_11_1. Segment 2: regression tail tokens case_11_2. Segment 3: analysis benchmark queueing case_11_3. Segment 4: profiling model regression case_11_4. Segment 5: inference batching decode case_11_5. Segment 6: model tokens model case_11_6. Segment 7: latency analysis streaming case_11_7. Segment 8: throughput throughput scheduler case_11_8. Segment 9: queueing decode analysis case_11_9. Segment 10: scheduler concurrency tail case_11_10. Segment 11: batching inference latency case_11_11. Segment 12: prefill scheduler concurrency case_11_12. Segment 13: decode percentile batching case_11_13. Segment 14: tail regression profiling case_11_14. Segment 15: percentile latency percentile case_11_15. Segment 16: tokens prefill throughput case_11_16. Segment 17: streaming streaming benchmark case_11_17. Segment 18: concurrency profiling prefill case_11_18. Segment 19: benchmark queueing inference case_11_19. Segment 20: regression tail tokens case_11_20. Segment 21: analysis benchmark queueing case_11_21. Segment 22: profiling model regression case_11_22. Segment 23: inference batching decode case_11_23. Segment 24: model tokens model case_11_24. Segment 25: latency analysis streaming case_11_25. Segment 26: throughput throughput scheduler case_11_26. Segment 27: queueing decode analysis case_11_27. Segment 28: scheduler concurrency tail case_11_28. Segment 29: batching inference latency case_11_29. Segment 30: prefill scheduler concurrency case_11_30. Segment 31,vllm,Qwen/Qwen2-0.5B-Instruct,True,2026-03-16T18:09:14.297676Z,2026-03-16T18:09:23.141792Z,8844.115896999938,595.026359998883,8844.115896999938,48,True,5.427337289449401,True,200,,
70ab25db-e57d-47af-9ec7-8efc04451872,20260316_180650,exp-vllm-public-ctx512-stream-true,ctx-512,1,32,17,Benchmark case 16. You are analyzing inference performance. Provide concise observations on latency and throughput behavior. Segment 0: profiling tokens profiling case_15_0. Segment 1: inference analysis percentile case_15_1. Segment 2: model throughput throughput case_15_2. Segment 3: latency decode benchmark case_15_3. Segment 4: throughput concurrency prefill case_15_4. Segment 5: queueing inference inference case_15_5. Segment 6: scheduler scheduler tokens case_15_6. Segment 7: batching percentile queueing case_15_7. Segment 8: prefill regression regression case_15_8. Segment 9: decode latency decode case_15_9. Segment 10: tail prefill model case_15_10. Segment 11: percentile streaming streaming case_15_11. Segment 12: tokens profiling scheduler case_15_12. Segment 13: streaming queueing analysis case_15_13. Segment 14: concurrency tail tail case_15_14. Segment 15: benchmark benchmark latency case_15_15. Segment 16: regression model concurrency case_15_16. Segment 17: analysis batching batching case_15_17. Segment 18: profiling tokens profiling case_15_18. Segment 19: inference analysis percentile case_15_19. Segment 20: model throughput throughput case_15_20. Segment 21: latency decode benchmark case_15_21. Segment 22: throughput concurrency prefill case_15_22. Segment 23: queueing inference inference case_15_23. Segment 24: scheduler scheduler tokens case_15_24. Segment 25: batching percentile queueing case_15_25. Segment 26: prefill regression regression case_15_26. Segment 27: decode latency decode case_15_27. Segment 28: tail prefill model case_15_28. Segment 29: percentile streaming streaming case_15_29. Segment 30: tokens profiling scheduler case_15_30. Segment 31,vllm,Qwen/Qwen2-0.5B-Instruct,True,2026-03-16T18:09:14.297804Z,2026-03-16T18:09:23.143473Z,8845.669049998833,596.333407000202,8845.669049998833,44,True,4.974185643991034,True,200,,
b505f2ca-8d7c-4488-a15c-6e7cccdc95f0,20260316_180650,exp-vllm-public-ctx512-stream-true,ctx-512,1,32,18,Benchmark case 17. You are analyzing inference performance. Provide concise observations on latency and throughput behavior. Segment 0: inference benchmark batching case_16_0. Segment 1: model model profiling case_16_1. Segment 2: latency batching percentile case_16_2. Segment 3: throughput tokens throughput case_16_3. Segment 4: queueing analysis benchmark case_16_4. Segment 5: scheduler throughput prefill case_16_5. Segment 6: batching decode inference case_16_6. Segment 7: prefill concurrency tokens case_16_7. Segment 8: decode inference queueing case_16_8. Segment 9: tail scheduler regression case_16_9. Segment 10: percentile percentile decode case_16_10. Segment 11: tokens regression model case_16_11. Segment 12: streaming latency streaming case_16_12. Segment 13: concurrency prefill scheduler case_16_13. Segment 14: benchmark streaming analysis case_16_14. Segment 15: regression profiling tail case_16_15. Segment 16: analysis queueing latency case_16_16. Segment 17: profiling tail concurrency case_16_17. Segment 18: inference benchmark batching case_16_18. Segment 19: model model profiling case_16_19. Segment 20: latency batching percentile case_16_20. Segment 21: throughput tokens throughput case_16_21. Segment 22: queueing analysis benchmark case_16_22. Segment 23: scheduler throughput prefill case_16_23. Segment 24: batching decode inference case_16_24. Segment 25: prefill concurrency tokens case_16_25. Segment 26: decode inference queueing case_16_26. Segment 27: tail scheduler regression case_16_27. Segment 28: percentile percentile decode case_16_28. Segment 29: tokens regression model case_16_29. Segment 30: streaming latency streaming case_16_30. Segment 31:,vllm,Qwen/Qwen2-0.5B-Instruct,True,2026-03-16T18:09:14.297922Z,2026-03-16T18:09:23.142280Z,8844.358027999988,595.1920200004679,8844.358027999988,50,True,5.653321568587235,True,200,,
c8e3b29c-645d-466b-91e4-9caf36e194a9,20260316_180650,exp-vllm-public-ctx512-stream-true,ctx-512,1,32,19,Benchmark case 2. You are analyzing inference performance. Provide concise observations on latency and throughput behavior. Segment 0: throughput scheduler tail case_1_0. Segment 1: queueing percentile latency case_1_1. Segment 2: scheduler regression concurrency case_1_2. Segment 3: batching latency batching case_1_3. Segment 4: prefill prefill profiling case_1_4. Segment 5: decode streaming percentile case_1_5. Segment 6: tail profiling throughput case_1_6. Segment 7: percentile queueing benchmark case_1_7. Segment 8: tokens tail prefill case_1_8. Segment 9: streaming benchmark inference case_1_9. Segment 10: concurrency model tokens case_1_10. Segment 11: benchmark batching queueing case_1_11. Segment 12: regression tokens regression case_1_12. Segment 13: analysis analysis decode case_1_13. Segment 14: profiling throughput model case_1_14. Segment 15: inference decode streaming case_1_15. Segment 16: model concurrency scheduler case_1_16. Segment 17: latency inference analysis case_1_17. Segment 18: throughput scheduler tail case_1_18. Segment 19: queueing percentile latency case_1_19. Segment 20: scheduler regression concurrency case_1_20. Segment 21: batching latency batching case_1_21. Segment 22: prefill prefill profiling case_1_22. Segment 23: decode streaming percentile case_1_23. Segment 24: tail profiling throughput case_1_24. Segment 25: percentile queueing benchmark case_1_25. Segment 26: tokens tail prefill case_1_26. Segment 27: streaming benchmark inference case_1_27. Segment 28: concurrency model tokens case_1_28. Segment 29: benchmark batching queueing case_1_29. Segment 30: regression tokens regression case_1_30. Segment 31: analysis analysis decode case_1_31. Segment 32: profiling throughput model case_1_32. Segment 33:,vllm,Qwen/Qwen2-0.5B-Instruct,True,2026-03-16T18:09:14.298069Z,2026-03-16T18:09:23.143566Z,8845.496252000885,596.14172900001,8845.496252000885,48,True,5.4264903440711105,True,200,,
b0347bd9-efab-4649-a264-9c214f7aeee4,20260316_180650,exp-vllm-public-ctx512-stream-true,ctx-512,1,32,20,Benchmark case 24. You are analyzing inference performance. Provide concise observations on latency and throughput behavior. Segment 0: prefill profiling model case_23_0. Segment 1: decode queueing streaming case_23_1. Segment 2: tail tail scheduler case_23_2. Segment 3: percentile benchmark analysis case_23_3. Segment 4: tokens model tail case_23_4. Segment 5: streaming batching latency case_23_5. Segment 6: concurrency tokens concurrency case_23_6. Segment 7: benchmark analysis batching case_23_7. Segment 8: regression throughput profiling case_23_8. Segment 9: analysis decode percentile case_23_9. Segment 10: profiling concurrency throughput case_23_10. Segment 11: inference inference benchmark case_23_11. Segment 12: model scheduler prefill case_23_12. Segment 13: latency percentile inference case_23_13. Segment 14: throughput regression tokens case_23_14. Segment 15: queueing latency queueing case_23_15. Segment 16: scheduler prefill regression case_23_16. Segment 17: batching streaming decode case_23_17. Segment 18: prefill profiling model case_23_18. Segment 19: decode queueing streaming case_23_19. Segment 20: tail tail scheduler case_23_20. Segment 21: percentile benchmark analysis case_23_21. Segment 22: tokens model tail case_23_22. Segment 23: streaming batching latency case_23_23. Segment 24: concurrency tokens concurrency case_23_24. Segment 25: benchmark analysis batching case_23_25. Segment 26: regression throughput profiling case_23_26. Segment 27: analysis decode percentile case_23_27. Segment 28: profiling concurrency throughput case_23_28. Segment 29: inference inference benchmark case_23_29. Segment 30: model scheduler prefill case_23_30. Segment 31: latency,vllm,Qwen/Qwen2-0.5B-Instruct,True,2026-03-16T18:09:14.298248Z,2026-03-16T18:09:23.143751Z,8845.502628000759,596.1070009998366,8845.502628000759,41,True,4.635123827809741,True,200,,
6ef6dbbf-4fd1-4cb6-bd51-08c8081557f8,20260316_180650,exp-vllm-public-ctx512-stream-true,ctx-512,1,32,21,Benchmark case 14. You are analyzing inference performance. Provide concise observations on latency and throughput behavior. Segment 0: regression scheduler throughput case_13_0. Segment 1: analysis percentile benchmark case_13_1. Segment 2: profiling regression prefill case_13_2. Segment 3: inference latency inference case_13_3. Segment 4: model prefill tokens case_13_4. Segment 5: latency streaming queueing case_13_5. Segment 6: throughput profiling regression case_13_6. Segment 7: queueing queueing decode case_13_7. Segment 8: scheduler tail model case_13_8. Segment 9: batching benchmark streaming case_13_9. Segment 10: prefill model scheduler case_13_10. Segment 11: decode batching analysis case_13_11. Segment 12: tail tokens tail case_13_12. Segment 13: percentile analysis latency case_13_13. Segment 14: tokens throughput concurrency case_13_14. Segment 15: streaming decode batching case_13_15. Segment 16: concurrency concurrency profiling case_13_16. Segment 17: benchmark inference percentile case_13_17. Segment 18: regression scheduler throughput case_13_18. Segment 19: analysis percentile benchmark case_13_19. Segment 20: profiling regression prefill case_13_20. Segment 21: inference latency inference case_13_21. Segment 22: model prefill tokens case_13_22. Segment 23: latency streaming queueing case_13_23. Segment 24: throughput profiling regression case_13_24. Segment 25: queueing queueing decode case_13_25. Segment 26: scheduler tail model case_13_26. Segment 27: batching benchmark streaming case_13_27. Segment 28: prefill model scheduler case_13_28. Segment 29: decode batching analysis case_13_29. Segment 30: tail tokens tail case_13_30. Segment 3,vllm,Qwen/Qwen2-0.5B-Instruct,True,2026-03-16T18:09:14.298374Z,2026-03-16T18:09:23.143163Z,8844.789957000103,595.4490189997159,8844.789957000103,37,True,4.183253664573097,True,200,,
eebeaa79-7f23-440b-8edb-95c2e8adcf85,20260316_180650,exp-vllm-public-ctx512-stream-true,ctx-512,1,32,22,Benchmark case 19. You are analyzing inference performance. Provide concise observations on latency and throughput behavior. Segment 0: latency latency latency case_18_0. Segment 1: throughput prefill concurrency case_18_1. Segment 2: queueing streaming batching case_18_2. Segment 3: scheduler profiling profiling case_18_3. Segment 4: batching queueing percentile case_18_4. Segment 5: prefill tail throughput case_18_5. Segment 6: decode benchmark benchmark case_18_6. Segment 7: tail model prefill case_18_7. Segment 8: percentile batching inference case_18_8. Segment 9: tokens tokens tokens case_18_9. Segment 10: streaming analysis queueing case_18_10. Segment 11: concurrency throughput regression case_18_11. Segment 12: benchmark decode decode case_18_12. Segment 13: regression concurrency model case_18_13. Segment 14: analysis inference streaming case_18_14. Segment 15: profiling scheduler scheduler case_18_15. Segment 16: inference percentile analysis case_18_16. Segment 17: model regression tail case_18_17. Segment 18: latency latency latency case_18_18. Segment 19: throughput prefill concurrency case_18_19. Segment 20: queueing streaming batching case_18_20. Segment 21: scheduler profiling profiling case_18_21. Segment 22: batching queueing percentile case_18_22. Segment 23: prefill tail throughput case_18_23. Segment 24: decode benchmark benchmark case_18_24. Segment 25: tail model prefill case_18_25. Segment 26: percentile batching inference case_18_26. Segment 27: tokens tokens tokens case_18_27. Segment 28: streaming analysis queueing case_18_28. Segment 29: concurrency throughput regression case_18_29. Segment 30: benchmark decode decode case_18_30. Segment 3,vllm,Qwen/Qwen2-0.5B-Instruct,True,2026-03-16T18:09:14.298501Z,2026-03-16T18:09:23.143261Z,8844.760922000205,595.4654699999082,8844.760922000205,27,True,3.052654587060796,True,200,,
1f43fc22-3f35-4dfb-9a4d-fa9b6d89006b,20260316_180650,exp-vllm-public-ctx512-stream-true,ctx-512,1,32,23,Benchmark case 15. You are analyzing inference performance. Provide concise observations on latency and throughput behavior. Segment 0: analysis decode percentile case_14_0. Segment 1: profiling concurrency throughput case_14_1. Segment 2: inference inference benchmark case_14_2. Segment 3: model scheduler prefill case_14_3. Segment 4: latency percentile inference case_14_4. Segment 5: throughput regression tokens case_14_5. Segment 6: queueing latency queueing case_14_6. Segment 7: scheduler prefill regression case_14_7. Segment 8: batching streaming decode case_14_8. Segment 9: prefill profiling model case_14_9. Segment 10: decode queueing streaming case_14_10. Segment 11: tail tail scheduler case_14_11. Segment 12: percentile benchmark analysis case_14_12. Segment 13: tokens model tail case_14_13. Segment 14: streaming batching latency case_14_14. Segment 15: concurrency tokens concurrency case_14_15. Segment 16: benchmark analysis batching case_14_16. Segment 17: regression throughput profiling case_14_17. Segment 18: analysis decode percentile case_14_18. Segment 19: profiling concurrency throughput case_14_19. Segment 20: inference inference benchmark case_14_20. Segment 21: model scheduler prefill case_14_21. Segment 22: latency percentile inference case_14_22. Segment 23: throughput regression tokens case_14_23. Segment 24: queueing latency queueing case_14_24. Segment 25: scheduler prefill regression case_14_25. Segment 26: batching streaming decode case_14_26. Segment 27: prefill profiling model case_14_27. Segment 28: decode queueing streaming case_14_28. Segment 29: tail tail scheduler case_14_29. Segment 30: percentile benchmark analysis case_14_30. Segment 3,vllm,Qwen/Qwen2-0.5B-Instruct,True,2026-03-16T18:09:14.298621Z,2026-03-16T18:09:23.142926Z,8844.305493999855,594.9879239997244,8844.305493999855,44,True,4.974952530738613,True,200,,
